full4_action_id,stream3_action_id,both_correct,lost_correct,gained_correct,both_wrong_same_label,both_wrong_different_labels,all_events
A001,A001,456,0,0,29,0,485
A001,A002,0,1,0,0,0,1
A001,A003,0,3,0,0,0,3
A001,A004,0,0,0,0,0,0
A001,A005,0,0,0,0,0,0
A001,A006,0,0,0,0,0,0
A001,A007,0,0,0,0,0,0
A001,A008,0,0,0,0,0,0
A001,A009,0,0,0,0,0,0
A001,A010,0,0,1,0,0,1
A001,A011,0,0,0,0,1,1
A001,A012,0,0,0,0,0,0
A001,A013,0,0,0,0,1,1
A001,A014,0,0,0,0,0,0
A001,A015,0,0,0,0,0,0
A001,A016,0,0,0,0,0,0
A001,A017,0,0,0,0,0,0
A001,A018,0,0,0,0,0,0
A001,A019,0,0,0,0,0,0
A001,A020,0,0,0,0,0,0
A001,A021,0,0,0,0,0,0
A001,A022,0,0,0,0,0,0
A001,A023,0,0,0,0,0,0
A001,A024,0,0,0,0,0,0
A001,A025,0,0,0,0,0,0
A001,A026,0,0,0,0,0,0
A001,A027,0,0,0,0,0,0
A001,A028,0,0,0,0,0,0
A001,A029,0,0,0,0,0,0
A001,A030,0,0,0,0,0,0
A001,A031,0,0,0,0,0,0
A001,A032,0,0,0,0,0,0
A001,A033,0,0,0,0,0,0
A001,A034,0,0,0,0,0,0
A001,A035,0,0,0,0,0,0
A001,A036,0,0,0,0,0,0
A001,A037,0,0,0,0,0,0
A001,A038,0,0,0,0,0,0
A001,A039,0,0,0,0,0,0
A001,A040,0,0,0,0,0,0
A001,A041,0,0,0,0,0,0
A001,A042,0,0,0,0,0,0
A001,A043,0,0,0,0,0,0
A001,A044,0,1,0,0,0,1
A001,A045,0,0,0,0,0,0
A001,A046,0,0,0,0,0,0
A001,A047,0,0,2,0,0,2
A001,A048,0,0,0,0,0,0
A001,A049,0,0,0,0,0,0
A001,A050,0,0,0,0,0,0
A001,A051,0,0,0,0,0,0
A001,A052,0,0,0,0,0,0
A001,A053,0,0,0,0,0,0
A001,A054,0,0,0,0,0,0
A001,A055,0,0,0,0,0,0
A001,A056,0,0,0,0,0,0
A001,A057,0,0,0,0,0,0
A001,A058,0,0,0,0,0,0
A001,A059,0,0,0,0,0,0
A001,A060,0,0,0,0,0,0
A001,A061,0,0,0,0,0,0
A001,A062,0,0,0,0,0,0
A001,A063,0,0,0,0,0,0
A001,A064,0,0,0,0,0,0
A001,A065,0,0,0,0,0,0
A001,A066,0,0,0,0,0,0
A001,A067,0,0,0,0,0,0
A001,A068,0,0,0,0,0,0
A001,A069,0,0,0,0,0,0
A001,A070,0,0,0,0,0,0
A001,A071,0,0,0,0,0,0
A001,A072,0,0,0,0,0,0
A001,A073,0,0,0,0,0,0
A001,A074,0,0,0,0,0,0
A001,A075,0,1,0,0,0,1
A001,A076,0,0,0,0,0,0
A001,A077,0,0,0,0,0,0
A001,A078,0,0,0,0,0,0
A001,A079,0,0,0,0,0,0
A001,A080,0,0,0,0,0,0
A001,A081,0,0,0,0,0,0
A001,A082,0,0,0,0,0,0
A001,A083,0,0,0,0,0,0
A001,A084,0,0,0,0,0,0
A001,A085,0,0,0,0,0,0
A001,A086,0,0,0,0,0,0
A001,A087,0,0,0,0,0,0
A001,A088,0,0,0,0,0,0
A001,A089,0,0,0,0,0,0
A001,A090,0,0,0,0,0,0
A001,A091,0,0,0,0,0,0
A001,A092,0,0,0,0,0,0
A001,A093,0,0,0,0,0,0
A001,A094,0,0,0,0,0,0
A001,A095,0,0,0,0,0,0
A001,A096,0,0,0,0,0,0
A001,A097,0,0,0,0,0,0
A001,A098,0,0,0,0,0,0
A001,A099,0,0,0,0,0,0
A001,A100,0,0,0,0,0,0
A001,A101,0,0,0,0,0,0
A001,A102,0,0,0,0,0,0
A001,A103,0,0,0,0,0,0
A001,A104,0,0,0,0,0,0
A001,A105,0,0,0,0,0,0
A001,A106,0,0,0,0,0,0
A001,A107,0,0,0,0,0,0
A001,A108,0,0,0,0,0,0
A001,A109,0,0,0,0,0,0
A001,A110,0,0,0,0,0,0
A001,A111,0,0,0,0,0,0
A001,A112,0,0,0,0,0,0
A001,A113,0,0,0,0,0,0
A001,A114,0,0,0,0,0,0
A001,A115,0,0,0,0,0,0
A001,A116,0,0,0,0,0,0
A001,A117,0,0,0,0,0,0
A001,A118,0,0,0,0,0,0
A001,A119,0,0,0,0,0,0
A001,A120,0,0,0,0,0,0
A002,A001,0,1,0,0,0,1
A002,A002,423,0,0,53,0,476
A002,A003,0,0,2,0,0,2
A002,A004,0,0,0,0,0,0
A002,A005,0,0,0,0,0,0
A002,A006,0,0,0,0,0,0
A002,A007,0,0,0,0,0,0
A002,A008,0,0,0,0,0,0
A002,A009,0,0,0,0,0,0
A002,A010,0,0,0,0,1,1
A002,A011,0,0,0,0,0,0
A002,A012,0,1,0,0,0,1
A002,A013,0,0,0,0,0,0
A002,A014,0,0,0,0,0,0
A002,A015,0,0,0,0,0,0
A002,A016,0,0,0,0,0,0
A002,A017,0,0,0,0,0,0
A002,A018,0,2,1,0,1,4
A002,A019,0,1,1,0,1,3
A002,A020,0,0,0,0,0,0
A002,A021,0,0,0,0,0,0
A002,A022,0,0,0,0,0,0
A002,A023,0,0,0,0,0,0
A002,A024,0,0,0,0,0,0
A002,A025,0,0,0,0,0,0
A002,A026,0,0,0,0,0,0
A002,A027,0,0,0,0,0,0
A002,A028,0,0,0,0,2,2
A002,A029,0,0,0,0,0,0
A002,A030,0,0,0,0,0,0
A002,A031,0,0,0,0,0,0
A002,A032,0,0,0,0,0,0
A002,A033,0,0,0,0,0,0
A002,A034,0,0,0,0,0,0
A002,A035,0,0,0,0,0,0
A002,A036,0,0,0,0,0,0
A002,A037,0,0,0,0,0,0
A002,A038,0,0,0,0,0,0
A002,A039,0,0,0,0,0,0
A002,A040,0,0,0,0,0,0
A002,A041,0,0,0,0,0,0
A002,A042,0,0,0,0,0,0
A002,A043,0,0,0,0,0,0
A002,A044,0,0,0,0,0,0
A002,A045,0,0,0,0,0,0
A002,A046,0,0,0,0,0,0
A002,A047,0,0,0,0,0,0
A002,A048,0,0,0,0,0,0
A002,A049,0,0,0,0,0,0
A002,A050,0,0,0,0,0,0
A002,A051,0,0,0,0,0,0
A002,A052,0,0,0,0,0,0
A002,A053,0,0,0,0,0,0
A002,A054,0,0,0,0,0,0
A002,A055,0,0,0,0,0,0
A002,A056,0,0,0,0,0,0
A002,A057,0,0,0,0,0,0
A002,A058,0,0,0,0,0,0
A002,A059,0,0,0,0,0,0
A002,A060,0,0,0,0,0,0
A002,A061,0,0,0,0,0,0
A002,A062,0,0,0,0,0,0
A002,A063,0,0,0,0,0,0
A002,A064,0,0,0,0,0,0
A002,A065,0,0,0,0,0,0
A002,A066,0,0,0,0,0,0
A002,A067,0,0,0,0,1,1
A002,A068,0,0,0,0,0,0
A002,A069,0,0,0,0,0,0
A002,A070,0,0,0,0,0,0
A002,A071,0,0,0,0,0,0
A002,A072,0,0,0,0,0,0
A002,A073,0,0,0,0,0,0
A002,A074,0,0,0,0,0,0
A002,A075,0,0,0,0,0,0
A002,A076,0,0,0,0,0,0
A002,A077,0,0,0,0,0,0
A002,A078,0,0,0,0,0,0
A002,A079,0,0,0,0,0,0
A002,A080,0,0,0,0,0,0
A002,A081,0,0,0,0,0,0
A002,A082,0,0,0,0,0,0
A002,A083,0,0,0,0,0,0
A002,A084,0,0,0,0,0,0
A002,A085,0,1,0,0,0,1
A002,A086,0,0,0,0,0,0
A002,A087,0,0,0,0,0,0
A002,A088,0,0,0,0,0,0
A002,A089,0,0,0,0,0,0
A002,A090,0,0,0,0,0,0
A002,A091,0,0,0,0,0,0
A002,A092,0,0,0,0,0,0
A002,A093,0,0,0,0,0,0
A002,A094,0,0,0,0,0,0
A002,A095,0,0,0,0,0,0
A002,A096,0,0,0,0,0,0
A002,A097,0,0,0,0,0,0
A002,A098,0,0,0,0,0,0
A002,A099,0,0,0,0,0,0
A002,A100,0,0,0,0,0,0
A002,A101,0,0,0,0,0,0
A002,A102,0,0,0,0,0,0
A002,A103,0,0,0,0,0,0
A002,A104,0,0,0,0,0,0
A002,A105,0,0,0,0,0,0
A002,A106,0,0,0,0,0,0
A002,A107,0,0,0,0,0,0
A002,A108,0,0,0,0,0,0
A002,A109,0,0,0,0,0,0
A002,A110,0,0,0,0,0,0
A002,A111,0,0,0,0,0,0
A002,A112,0,0,0,0,0,0
A002,A113,0,0,1,0,0,1
A002,A114,0,0,0,0,0,0
A002,A115,0,0,0,0,0,0
A002,A116,0,0,0,0,0,0
A002,A117,0,0,0,0,0,0
A002,A118,0,0,0,0,0,0
A002,A119,0,0,0,0,0,0
A002,A120,0,0,0,0,0,0
A003,A001,0,1,1,0,0,2
A003,A002,0,1,0,0,0,1
A003,A003,447,0,0,51,0,498
A003,A004,0,0,0,0,0,0
A003,A005,0,0,0,0,0,0
A003,A006,0,0,0,0,0,0
A003,A007,0,0,0,0,0,0
A003,A008,0,0,0,0,0,0
A003,A009,0,0,0,0,0,0
A003,A010,0,0,0,0,0,0
A003,A011,0,0,0,0,0,0
A003,A012,0,1,0,0,0,1
A003,A013,0,0,0,0,0,0
A003,A014,0,0,0,0,0,0
A003,A015,0,0,0,0,0,0
A003,A016,0,0,0,0,0,0
A003,A017,0,0,0,0,0,0
A003,A018,0,0,0,0,0,0
A003,A019,0,0,0,0,0,0
A003,A020,0,0,0,0,0,0
A003,A021,0,0,0,0,0,0
A003,A022,0,0,0,0,0,0
A003,A023,0,0,0,0,0,0
A003,A024,0,0,0,0,0,0
A003,A025,0,0,1,0,1,2
A003,A026,0,0,0,0,0,0
A003,A027,0,0,0,0,0,0
A003,A028,0,0,0,0,0,0
A003,A029,0,0,0,0,0,0
A003,A030,0,0,0,0,0,0
A003,A031,0,0,0,0,0,0
A003,A032,0,0,0,0,0,0
A003,A033,0,0,0,0,1,1
A003,A034,0,0,0,0,0,0
A003,A035,0,0,0,0,0,0
A003,A036,0,0,0,0,0,0
A003,A037,0,0,0,0,0,0
A003,A038,0,1,0,0,1,2
A003,A039,0,0,0,0,0,0
A003,A040,0,0,0,0,0,0
A003,A041,0,0,0,0,0,0
A003,A042,0,0,0,0,0,0
A003,A043,0,0,0,0,0,0
A003,A044,0,0,0,0,0,0
A003,A045,0,0,0,0,0,0
A003,A046,0,0,0,0,1,1
A003,A047,0,0,0,0,0,0
A003,A048,0,0,0,0,0,0
A003,A049,0,0,0,0,1,1
A003,A050,0,0,0,0,0,0
A003,A051,0,0,0,0,0,0
A003,A052,0,0,0,0,0,0
A003,A053,0,0,0,0,0,0
A003,A054,0,0,0,0,0,0
A003,A055,0,0,0,0,0,0
A003,A056,0,0,0,0,0,0
A003,A057,0,0,0,0,0,0
A003,A058,0,0,0,0,0,0
A003,A059,0,0,0,0,0,0
A003,A060,0,0,0,0,0,0
A003,A061,0,0,0,0,0,0
A003,A062,0,0,0,0,0,0
A003,A063,0,0,0,0,0,0
A003,A064,0,0,0,0,0,0
A003,A065,0,0,0,0,0,0
A003,A066,0,0,0,0,0,0
A003,A067,0,0,0,0,0,0
A003,A068,0,0,0,0,0,0
A003,A069,0,0,0,0,0,0
A003,A070,0,0,0,0,0,0
A003,A071,0,0,0,0,0,0
A003,A072,0,0,0,0,1,1
A003,A073,0,0,0,0,0,0
A003,A074,0,0,0,0,0,0
A003,A075,0,0,0,0,0,0
A003,A076,0,0,0,0,0,0
A003,A077,0,0,0,0,0,0
A003,A078,0,0,0,0,0,0
A003,A079,0,0,0,0,0,0
A003,A080,0,0,0,0,0,0
A003,A081,0,0,0,0,0,0
A003,A082,0,0,0,0,0,0
A003,A083,0,0,0,0,0,0
A003,A084,0,0,0,0,0,0
A003,A085,0,0,0,0,0,0
A003,A086,0,1,0,0,0,1
A003,A087,0,0,0,0,0,0
A003,A088,0,0,0,0,0,0
A003,A089,0,0,0,0,0,0
A003,A090,0,0,0,0,0,0
A003,A091,0,0,0,0,0,0
A003,A092,0,0,0,0,0,0
A003,A093,0,0,0,0,0,0
A003,A094,0,0,0,0,0,0
A003,A095,0,0,0,0,0,0
A003,A096,0,0,0,0,0,0
A003,A097,0,0,0,0,0,0
A003,A098,0,0,0,0,0,0
A003,A099,0,0,0,0,0,0
A003,A100,0,0,0,0,0,0
A003,A101,0,0,0,0,0,0
A003,A102,0,0,0,0,0,0
A003,A103,0,1,0,0,0,1
A003,A104,0,0,0,0,0,0
A003,A105,0,0,0,0,0,0
A003,A106,0,0,0,0,0,0
A003,A107,0,0,0,0,0,0
A003,A108,0,0,0,0,0,0
A003,A109,0,0,0,0,0,0
A003,A110,0,0,0,0,0,0
A003,A111,0,0,0,0,0,0
A003,A112,0,0,0,0,0,0
A003,A113,0,0,0,0,0,0
A003,A114,0,0,0,0,0,0
A003,A115,0,0,0,0,0,0
A003,A116,0,0,0,0,0,0
A003,A117,0,0,0,0,0,0
A003,A118,0,0,0,0,0,0
A003,A119,0,0,0,0,0,0
A003,A120,0,0,0,0,0,0
A004,A001,0,0,0,0,0,0
A004,A002,0,0,0,0,0,0
A004,A003,0,0,0,0,1,1
A004,A004,451,0,0,27,0,478
A004,A005,0,0,0,0,0,0
A004,A006,0,0,0,0,0,0
A004,A007,0,0,0,0,0,0
A004,A008,0,0,0,0,0,0
A004,A009,0,0,0,0,0,0
A004,A010,0,0,0,0,0,0
A004,A011,0,1,0,0,0,1
A004,A012,0,0,0,0,0,0
A004,A013,0,0,0,0,0,0
A004,A014,0,0,0,0,0,0
A004,A015,0,0,0,0,0,0
A004,A016,0,0,0,0,0,0
A004,A017,0,0,0,0,0,0
A004,A018,0,0,0,0,0,0
A004,A019,0,0,0,0,0,0
A004,A020,0,0,0,0,0,0
A004,A021,0,0,0,0,1,1
A004,A022,0,0,0,0,0,0
A004,A023,0,0,0,0,0,0
A004,A024,0,0,0,0,0,0
A004,A025,0,0,0,0,0,0
A004,A026,0,0,0,0,0,0
A004,A027,0,0,0,0,0,0
A004,A028,0,0,0,0,0,0
A004,A029,0,0,0,0,0,0
A004,A030,0,0,0,0,0,0
A004,A031,0,0,0,0,0,0
A004,A032,0,0,0,0,0,0
A004,A033,0,0,0,0,0,0
A004,A034,0,0,0,0,0,0
A004,A035,0,0,0,0,0,0
A004,A036,0,1,0,0,0,1
A004,A037,0,1,0,0,0,1
A004,A038,0,0,0,0,0,0
A004,A039,0,0,0,0,0,0
A004,A040,0,0,0,0,0,0
A004,A041,0,0,0,0,0,0
A004,A042,0,0,0,0,0,0
A004,A043,0,0,0,0,0,0
A004,A044,0,0,1,0,0,1
A004,A045,0,0,0,0,0,0
A004,A046,0,0,0,0,0,0
A004,A047,0,2,0,0,0,2
A004,A048,0,0,0,0,0,0
A004,A049,0,0,0,0,0,0
A004,A050,0,0,0,0,0,0
A004,A051,0,0,0,0,0,0
A004,A052,0,0,0,0,0,0
A004,A053,0,0,0,0,0,0
A004,A054,0,0,0,0,0,0
A004,A055,0,0,0,0,0,0
A004,A056,0,0,0,0,0,0
A004,A057,0,0,0,0,0,0
A004,A058,0,0,0,0,0,0
A004,A059,0,0,0,0,0,0
A004,A060,0,0,0,0,0,0
A004,A061,0,0,0,0,0,0
A004,A062,0,0,0,0,0,0
A004,A063,0,0,0,0,0,0
A004,A064,0,0,0,0,0,0
A004,A065,0,0,0,0,0,0
A004,A066,0,0,0,0,0,0
A004,A067,0,0,0,0,0,0
A004,A068,0,0,0,0,0,0
A004,A069,0,0,0,0,0,0
A004,A070,0,0,0,0,0,0
A004,A071,0,0,0,0,0,0
A004,A072,0,0,0,0,0,0
A004,A073,0,0,0,0,0,0
A004,A074,0,0,0,0,0,0
A004,A075,0,0,0,0,0,0
A004,A076,0,0,0,0,0,0
A004,A077,0,0,0,0,0,0
A004,A078,0,0,0,0,0,0
A004,A079,0,0,0,0,0,0
A004,A080,0,0,0,0,0,0
A004,A081,0,0,0,0,0,0
A004,A082,0,0,0,0,0,0
A004,A083,0,0,0,0,0,0
A004,A084,0,0,0,0,0,0
A004,A085,0,0,0,0,0,0
A004,A086,0,0,0,0,0,0
A004,A087,0,0,0,0,0,0
A004,A088,0,0,0,0,0,0
A004,A089,0,0,0,0,0,0
A004,A090,0,0,0,0,0,0
A004,A091,0,0,0,0,0,0
A004,A092,0,0,0,0,0,0
A004,A093,0,0,0,0,0,0
A004,A094,0,0,0,0,0,0
A004,A095,0,0,0,0,0,0
A004,A096,0,0,0,0,0,0
A004,A097,0,0,0,0,0,0
A004,A098,0,0,0,0,0,0
A004,A099,0,0,0,0,0,0
A004,A100,0,0,0,0,0,0
A004,A101,0,0,0,0,0,0
A004,A102,0,0,0,0,0,0
A004,A103,0,0,0,0,0,0
A004,A104,0,0,0,0,0,0
A004,A105,0,0,0,0,0,0
A004,A106,0,0,0,0,0,0
A004,A107,0,0,0,0,0,0
A004,A108,0,0,0,0,0,0
A004,A109,0,0,0,0,0,0
A004,A110,0,0,0,0,0,0
A004,A111,0,0,0,0,0,0
A004,A112,0,0,0,0,0,0
A004,A113,0,0,0,0,0,0
A004,A114,0,0,0,0,0,0
A004,A115,0,0,0,0,0,0
A004,A116,0,0,0,0,0,0
A004,A117,0,0,0,0,0,0
A004,A118,0,0,0,0,0,0
A004,A119,0,0,0,0,0,0
A004,A120,0,0,0,0,0,0
A005,A001,0,0,0,0,0,0
A005,A002,0,0,0,0,0,0
A005,A003,0,1,0,0,0,1
A005,A004,0,0,0,0,0,0
A005,A005,452,0,0,26,0,478
A005,A006,0,0,0,0,0,0
A005,A007,0,0,0,0,0,0
A005,A008,0,1,0,0,0,1
A005,A009,0,0,0,0,0,0
A005,A010,0,0,0,0,0,0
A005,A011,0,0,0,0,0,0
A005,A012,0,0,0,0,0,0
A005,A013,0,1,0,0,0,1
A005,A014,0,0,0,0,0,0
A005,A015,0,0,0,0,0,0
A005,A016,0,0,0,0,0,0
A005,A017,0,0,0,0,0,0
A005,A018,0,0,0,0,0,0
A005,A019,0,0,0,0,0,0
A005,A020,0,0,0,0,0,0
A005,A021,0,0,0,0,0,0
A005,A022,0,0,0,0,0,0
A005,A023,0,0,0,0,0,0
A005,A024,0,0,0,0,0,0
A005,A025,0,0,0,0,0,0
A005,A026,0,0,0,0,0,0
A005,A027,0,0,0,0,0,0
A005,A028,0,0,0,0,0,0
A005,A029,0,1,0,0,0,1
A005,A030,0,0,0,0,1,1
A005,A031,0,1,0,0,0,1
A005,A032,0,0,0,0,0,0
A005,A033,0,0,0,0,0,0
A005,A034,0,0,0,0,0,0
A005,A035,0,0,0,0,0,0
A005,A036,0,0,0,0,1,1
A005,A037,0,0,0,0,0,0
A005,A038,0,1,0,0,0,1
A005,A039,0,0,0,0,0,0
A005,A040,0,0,0,0,0,0
A005,A041,0,0,0,0,0,0
A005,A042,0,0,0,0,0,0
A005,A043,0,0,0,0,0,0
A005,A044,0,0,0,0,0,0
A005,A045,0,0,0,0,0,0
A005,A046,0,0,0,0,0,0
A005,A047,0,0,0,0,0,0
A005,A048,0,0,0,0,0,0
A005,A049,0,0,0,0,1,1
A005,A050,0,0,0,0,0,0
A005,A051,0,0,0,0,0,0
A005,A052,0,0,0,0,0,0
A005,A053,0,0,0,0,0,0
A005,A054,0,0,0,0,0,0
A005,A055,0,0,0,0,0,0
A005,A056,0,1,0,0,1,2
A005,A057,0,0,0,0,0,0
A005,A058,0,0,0,0,0,0
A005,A059,0,0,0,0,0,0
A005,A060,0,0,0,0,0,0
A005,A061,0,0,0,0,0,0
A005,A062,0,0,0,0,0,0
A005,A063,0,0,0,0,0,0
A005,A064,0,0,0,0,0,0
A005,A065,0,0,0,0,0,0
A005,A066,0,0,0,0,0,0
A005,A067,0,0,0,0,0,0
A005,A068,0,0,0,0,0,0
A005,A069,0,0,0,0,0,0
A005,A070,0,0,0,0,0,0
A005,A071,0,0,0,0,0,0
A005,A072,0,0,0,0,0,0
A005,A073,0,0,0,0,0,0
A005,A074,0,0,0,0,0,0
A005,A075,0,0,0,0,0,0
A005,A076,0,0,0,0,0,0
A005,A077,0,0,0,0,0,0
A005,A078,0,0,0,0,0,0
A005,A079,0,0,0,0,0,0
A005,A080,0,0,0,0,0,0
A005,A081,0,0,0,0,0,0
A005,A082,0,0,0,0,0,0
A005,A083,0,0,0,0,0,0
A005,A084,0,0,0,0,0,0
A005,A085,0,0,0,0,0,0
A005,A086,0,0,0,0,0,0
A005,A087,0,0,0,0,0,0
A005,A088,0,0,0,0,0,0
A005,A089,0,0,0,0,0,0
A005,A090,0,0,0,0,0,0
A005,A091,0,0,0,0,0,0
A005,A092,0,0,0,0,0,0
A005,A093,0,0,0,0,0,0
A005,A094,0,0,0,0,0,0
A005,A095,0,0,0,0,0,0
A005,A096,0,0,0,0,0,0
A005,A097,0,0,0,0,0,0
A005,A098,0,0,0,0,0,0
A005,A099,0,0,0,0,0,0
A005,A100,0,0,0,0,1,1
A005,A101,0,0,0,0,0,0
A005,A102,0,0,0,0,0,0
A005,A103,0,0,0,0,0,0
A005,A104,0,0,0,0,0,0
A005,A105,0,0,0,0,0,0
A005,A106,0,0,0,0,0,0
A005,A107,0,0,0,0,0,0
A005,A108,0,0,0,0,0,0
A005,A109,0,0,0,0,0,0
A005,A110,0,0,0,0,0,0
A005,A111,0,0,0,0,0,0
A005,A112,0,0,0,0,0,0
A005,A113,0,0,0,0,0,0
A005,A114,0,0,0,0,0,0
A005,A115,0,0,0,0,0,0
A005,A116,0,0,0,0,0,0
A005,A117,0,0,0,0,0,0
A005,A118,0,0,0,0,0,0
A005,A119,0,0,0,0,0,0
A005,A120,0,0,0,0,0,0
A006,A001,0,0,0,0,0,0
A006,A002,0,0,0,0,0,0
A006,A003,0,0,0,0,0,0
A006,A004,0,0,0,0,0,0
A006,A005,0,0,0,0,0,0
A006,A006,488,0,0,15,0,503
A006,A007,0,0,0,0,0,0
A006,A008,0,0,0,0,1,1
A006,A009,0,0,0,0,0,0
A006,A010,0,0,0,0,0,0
A006,A011,0,0,0,0,0,0
A006,A012,0,0,0,0,0,0
A006,A013,0,0,0,0,0,0
A006,A014,0,0,0,0,0,0
A006,A015,0,0,0,0,0,0
A006,A016,0,0,0,0,0,0
A006,A017,0,0,2,0,1,3
A006,A018,0,0,0,0,0,0
A006,A019,0,0,0,0,0,0
A006,A020,0,0,0,0,0,0
A006,A021,0,0,0,0,0,0
A006,A022,0,0,0,0,0,0
A006,A023,0,0,0,0,0,0
A006,A024,0,0,0,0,0,0
A006,A025,0,0,0,0,0,0
A006,A026,0,0,0,0,0,0
A006,A027,0,0,0,0,0,0
A006,A028,0,0,0,0,0,0
A006,A029,0,0,0,0,0,0
A006,A030,0,0,0,0,0,0
A006,A031,0,0,0,0,0,0
A006,A032,0,0,0,0,0,0
A006,A033,0,0,0,0,0,0
A006,A034,0,0,0,0,0,0
A006,A035,0,0,0,0,0,0
A006,A036,0,0,0,0,0,0
A006,A037,0,0,0,0,0,0
A006,A038,0,0,0,0,0,0
A006,A039,0,0,0,0,0,0
A006,A040,0,0,0,0,0,0
A006,A041,0,0,0,0,0,0
A006,A042,0,0,0,0,0,0
A006,A043,0,0,0,0,0,0
A006,A044,0,0,0,0,0,0
A006,A045,0,0,0,0,0,0
A006,A046,0,0,0,0,0,0
A006,A047,0,0,0,0,0,0
A006,A048,0,0,0,0,0,0
A006,A049,0,0,0,0,0,0
A006,A050,0,0,0,0,0,0
A006,A051,0,0,0,0,0,0
A006,A052,0,0,0,0,0,0
A006,A053,0,0,0,0,0,0
A006,A054,0,0,0,0,0,0
A006,A055,0,0,0,0,0,0
A006,A056,0,0,0,0,0,0
A006,A057,0,0,0,0,0,0
A006,A058,0,0,0,0,0,0
A006,A059,0,0,0,0,0,0
A006,A060,0,0,0,0,0,0
A006,A061,0,0,0,0,0,0
A006,A062,0,0,0,0,0,0
A006,A063,0,0,0,0,0,0
A006,A064,0,0,0,0,0,0
A006,A065,0,0,0,0,0,0
A006,A066,0,0,0,0,0,0
A006,A067,0,0,0,0,0,0
A006,A068,0,0,0,0,0,0
A006,A069,0,0,0,0,0,0
A006,A070,0,0,0,0,0,0
A006,A071,0,0,0,0,0,0
A006,A072,0,0,0,0,0,0
A006,A073,0,0,0,0,0,0
A006,A074,0,0,0,0,0,0
A006,A075,0,0,0,0,0,0
A006,A076,0,0,0,0,0,0
A006,A077,0,0,0,0,0,0
A006,A078,0,0,0,0,0,0
A006,A079,0,0,0,0,0,0
A006,A080,0,0,0,0,0,0
A006,A081,0,0,0,0,0,0
A006,A082,0,0,0,0,0,0
A006,A083,0,0,0,0,0,0
A006,A084,0,0,0,0,0,0
A006,A085,0,0,0,0,0,0
A006,A086,0,0,0,0,0,0
A006,A087,0,0,0,0,0,0
A006,A088,0,0,0,0,0,0
A006,A089,0,0,0,0,0,0
A006,A090,0,0,0,0,0,0
A006,A091,0,0,0,0,0,0
A006,A092,0,1,0,0,0,1
A006,A093,0,0,0,0,0,0
A006,A094,0,0,0,0,0,0
A006,A095,0,0,0,0,0,0
A006,A096,0,0,0,0,0,0
A006,A097,0,0,0,0,0,0
A006,A098,0,0,0,0,0,0
A006,A099,0,0,0,0,0,0
A006,A100,0,0,0,0,0,0
A006,A101,0,0,0,0,0,0
A006,A102,0,0,0,0,0,0
A006,A103,0,0,0,0,0,0
A006,A104,0,0,0,0,0,0
A006,A105,0,0,0,0,0,0
A006,A106,0,0,0,0,0,0
A006,A107,0,0,0,0,0,0
A006,A108,0,0,0,0,0,0
A006,A109,0,0,0,0,0,0
A006,A110,0,0,0,0,0,0
A006,A111,0,0,0,0,0,0
A006,A112,0,0,0,0,0,0
A006,A113,0,0,0,0,0,0
A006,A114,0,0,0,0,0,0
A006,A115,0,0,0,0,0,0
A006,A116,0,0,0,0,0,0
A006,A117,0,0,0,0,0,0
A006,A118,0,0,0,0,0,0
A006,A119,0,0,0,0,0,0
A006,A120,0,0,0,0,0,0
A007,A001,0,0,0,0,0,0
A007,A002,0,0,0,0,0,0
A007,A003,0,0,0,0,0,0
A007,A004,0,0,0,0,0,0
A007,A005,0,0,0,0,0,0
A007,A006,0,0,0,0,0,0
A007,A007,443,0,0,28,0,471
A007,A008,0,0,0,0,0,0
A007,A009,0,0,0,0,0,0
A007,A010,0,0,0,0,0,0
A007,A011,0,0,0,0,0,0
A007,A012,0,0,0,0,0,0
A007,A013,0,0,0,0,0,0
A007,A014,0,0,0,0,0,0
A007,A015,0,0,0,0,0,0
A007,A016,0,0,0,0,0,0
A007,A017,0,0,0,0,0,0
A007,A018,0,0,0,0,0,0
A007,A019,0,0,0,0,0,0
A007,A020,0,0,0,0,0,0
A007,A021,0,0,0,0,1,1
A007,A022,0,0,0,0,1,1
A007,A023,0,0,1,0,0,1
A007,A024,0,0,0,0,0,0
A007,A025,0,0,0,0,0,0
A007,A026,0,0,0,0,0,0
A007,A027,0,0,0,0,0,0
A007,A028,0,0,0,0,0,0
A007,A029,0,0,0,0,0,0
A007,A030,0,0,0,0,0,0
A007,A031,0,1,0,0,0,1
A007,A032,0,0,0,0,0,0
A007,A033,0,0,0,0,0,0
A007,A034,0,0,0,0,0,0
A007,A035,0,0,0,0,0,0
A007,A036,0,0,0,0,0,0
A007,A037,0,0,0,0,0,0
A007,A038,0,0,0,0,0,0
A007,A039,0,0,0,0,0,0
A007,A040,0,0,0,0,0,0
A007,A041,0,0,0,0,0,0
A007,A042,0,0,0,0,0,0
A007,A043,0,0,0,0,0,0
A007,A044,0,0,0,0,0,0
A007,A045,0,0,0,0,0,0
A007,A046,0,0,0,0,0,0
A007,A047,0,0,0,0,0,0
A007,A048,0,0,0,0,0,0
A007,A049,0,0,0,0,0,0
A007,A050,0,0,0,0,0,0
A007,A051,0,0,0,0,0,0
A007,A052,0,0,0,0,0,0
A007,A053,0,0,0,0,0,0
A007,A054,0,0,0,0,0,0
A007,A055,0,0,0,0,0,0
A007,A056,0,0,0,0,0,0
A007,A057,0,0,0,0,0,0
A007,A058,0,0,0,0,0,0
A007,A059,0,0,0,0,0,0
A007,A060,0,0,0,0,0,0
A007,A061,0,0,0,0,0,0
A007,A062,0,0,0,0,0,0
A007,A063,0,4,0,0,0,4
A007,A064,0,0,0,0,0,0
A007,A065,0,1,0,0,0,1
A007,A066,0,0,0,0,0,0
A007,A067,0,0,0,0,0,0
A007,A068,0,0,0,0,0,0
A007,A069,0,0,0,0,0,0
A007,A070,0,1,0,0,0,1
A007,A071,0,0,0,0,0,0
A007,A072,0,0,0,0,0,0
A007,A073,0,0,0,0,0,0
A007,A074,0,0,0,0,0,0
A007,A075,0,0,0,0,0,0
A007,A076,0,0,0,0,0,0
A007,A077,0,0,0,0,0,0
A007,A078,0,0,0,0,0,0
A007,A079,0,0,0,0,0,0
A007,A080,0,0,0,0,0,0
A007,A081,0,0,0,0,0,0
A007,A082,0,0,0,0,0,0
A007,A083,0,0,0,0,0,0
A007,A084,0,0,0,0,0,0
A007,A085,0,0,0,0,0,0
A007,A086,0,0,0,0,0,0
A007,A087,0,0,0,0,0,0
A007,A088,0,0,0,0,0,0
A007,A089,0,0,0,0,0,0
A007,A090,0,0,0,0,0,0
A007,A091,0,0,0,0,0,0
A007,A092,0,0,0,0,0,0
A007,A093,0,0,0,0,0,0
A007,A094,0,1,1,0,0,2
A007,A095,0,0,0,0,0,0
A007,A096,0,0,0,0,0,0
A007,A097,0,0,0,0,0,0
A007,A098,0,0,0,0,0,0
A007,A099,0,0,0,0,0,0
A007,A100,0,0,0,0,0,0
A007,A101,0,0,0,0,0,0
A007,A102,0,0,0,0,0,0
A007,A103,0,0,0,0,0,0
A007,A104,0,0,0,0,0,0
A007,A105,0,0,0,0,0,0
A007,A106,0,0,0,0,0,0
A007,A107,0,0,0,0,0,0
A007,A108,0,0,0,0,0,0
A007,A109,0,0,0,0,0,0
A007,A110,0,0,0,0,0,0
A007,A111,0,0,0,0,0,0
A007,A112,0,0,0,0,0,0
A007,A113,0,0,0,0,0,0
A007,A114,0,0,0,0,0,0
A007,A115,0,0,0,0,0,0
A007,A116,0,0,0,0,0,0
A007,A117,0,0,0,0,0,0
A007,A118,0,0,0,0,0,0
A007,A119,0,0,0,0,0,0
A007,A120,0,0,0,0,0,0
A008,A001,0,0,0,0,0,0
A008,A002,0,0,0,0,0,0
A008,A003,0,0,0,0,0,0
A008,A004,0,0,0,0,0,0
A008,A005,0,0,0,0,0,0
A008,A006,0,0,0,0,0,0
A008,A007,0,0,0,0,0,0
A008,A008,486,0,0,1,0,487
A008,A009,0,0,0,0,0,0
A008,A010,0,0,0,0,0,0
A008,A011,0,0,0,0,0,0
A008,A012,0,0,0,0,0,0
A008,A013,0,0,0,0,0,0
A008,A014,0,0,0,0,1,1
A008,A015,0,0,0,0,0,0
A008,A016,0,0,0,0,0,0
A008,A017,0,0,0,0,0,0
A008,A018,0,0,0,0,0,0
A008,A019,0,0,0,0,0,0
A008,A020,0,0,0,0,0,0
A008,A021,0,0,0,0,0,0
A008,A022,0,0,0,0,0,0
A008,A023,0,0,0,0,0,0
A008,A024,0,0,0,0,0,0
A008,A025,0,0,0,0,0,0
A008,A026,0,0,0,0,0,0
A008,A027,0,0,0,0,0,0
A008,A028,0,0,0,0,0,0
A008,A029,0,0,0,0,0,0
A008,A030,0,0,0,0,0,0
A008,A031,0,0,0,0,0,0
A008,A032,0,0,0,0,0,0
A008,A033,0,0,0,0,0,0
A008,A034,0,0,0,0,0,0
A008,A035,0,0,0,0,0,0
A008,A036,0,0,0,0,0,0
A008,A037,0,0,0,0,0,0
A008,A038,0,0,0,0,0,0
A008,A039,0,0,0,0,0,0
A008,A040,0,0,0,0,0,0
A008,A041,0,0,0,0,0,0
A008,A042,0,0,0,0,0,0
A008,A043,0,0,0,0,0,0
A008,A044,0,0,0,0,0,0
A008,A045,0,0,0,0,0,0
A008,A046,0,0,0,0,0,0
A008,A047,0,0,0,0,0,0
A008,A048,0,0,0,0,0,0
A008,A049,0,0,0,0,0,0
A008,A050,0,0,0,0,0,0
A008,A051,0,0,0,0,0,0
A008,A052,0,0,0,0,0,0
A008,A053,0,0,0,0,0,0
A008,A054,0,0,0,0,0,0
A008,A055,0,0,0,0,0,0
A008,A056,0,0,0,0,0,0
A008,A057,0,0,0,0,0,0
A008,A058,0,0,0,0,0,0
A008,A059,0,0,0,0,0,0
A008,A060,0,0,0,0,0,0
A008,A061,0,0,0,0,0,0
A008,A062,0,0,0,0,0,0
A008,A063,0,0,0,0,0,0
A008,A064,0,0,0,0,0,0
A008,A065,0,0,0,0,0,0
A008,A066,0,0,0,0,0,0
A008,A067,0,0,0,0,0,0
A008,A068,0,0,0,0,0,0
A008,A069,0,0,0,0,0,0
A008,A070,0,0,0,0,0,0
A008,A071,0,0,0,0,0,0
A008,A072,0,0,0,0,0,0
A008,A073,0,0,0,0,0,0
A008,A074,0,0,0,0,0,0
A008,A075,0,0,0,0,0,0
A008,A076,0,0,0,0,0,0
A008,A077,0,0,0,0,0,0
A008,A078,0,0,0,0,0,0
A008,A079,0,0,0,0,0,0
A008,A080,0,0,0,0,0,0
A008,A081,0,0,0,0,0,0
A008,A082,0,0,0,0,0,0
A008,A083,0,0,0,0,0,0
A008,A084,0,0,0,0,0,0
A008,A085,0,0,0,0,0,0
A008,A086,0,0,0,0,0,0
A008,A087,0,0,0,0,0,0
A008,A088,0,0,0,0,0,0
A008,A089,0,0,0,0,0,0
A008,A090,0,0,0,0,0,0
A008,A091,0,0,0,0,0,0
A008,A092,0,0,0,0,0,0
A008,A093,0,0,0,0,0,0
A008,A094,0,0,0,0,0,0
A008,A095,0,0,0,0,0,0
A008,A096,0,0,0,0,0,0
A008,A097,0,0,0,0,0,0
A008,A098,0,0,0,0,0,0
A008,A099,0,0,0,0,0,0
A008,A100,0,0,0,0,0,0
A008,A101,0,1,0,0,0,1
A008,A102,0,0,0,0,0,0
A008,A103,0,0,0,0,0,0
A008,A104,0,0,0,0,0,0
A008,A105,0,0,0,0,0,0
A008,A106,0,0,0,0,0,0
A008,A107,0,0,0,0,0,0
A008,A108,0,0,0,0,0,0
A008,A109,0,0,0,0,0,0
A008,A110,0,0,0,0,0,0
A008,A111,0,0,0,0,0,0
A008,A112,0,0,0,0,0,0
A008,A113,0,0,0,0,0,0
A008,A114,0,0,0,0,0,0
A008,A115,0,0,0,0,0,0
A008,A116,0,0,0,0,0,0
A008,A117,0,0,0,0,0,0
A008,A118,0,0,0,0,0,0
A008,A119,0,0,0,0,0,0
A008,A120,0,0,0,0,0,0
A009,A001,0,0,0,0,0,0
A009,A002,0,0,0,0,0,0
A009,A003,0,0,0,0,0,0
A009,A004,0,0,0,0,0,0
A009,A005,0,0,0,0,0,0
A009,A006,0,0,0,0,0,0
A009,A007,0,0,0,0,0,0
A009,A008,0,0,0,0,0,0
A009,A009,491,0,0,1,0,492
A009,A010,0,0,0,0,0,0
A009,A011,0,0,0,0,0,0
A009,A012,0,0,0,0,0,0
A009,A013,0,0,0,0,0,0
A009,A014,0,0,0,0,0,0
A009,A015,0,0,0,0,0,0
A009,A016,0,0,0,0,0,0
A009,A017,0,0,0,0,0,0
A009,A018,0,0,0,0,0,0
A009,A019,0,0,0,0,0,0
A009,A020,0,0,0,0,0,0
A009,A021,0,0,0,0,0,0
A009,A022,0,0,0,0,0,0
A009,A023,0,0,0,0,0,0
A009,A024,0,0,0,0,0,0
A009,A025,0,0,0,0,0,0
A009,A026,0,0,0,0,0,0
A009,A027,0,0,0,0,0,0
A009,A028,0,0,0,0,0,0
A009,A029,0,0,0,0,0,0
A009,A030,0,0,0,0,0,0
A009,A031,0,0,0,0,0,0
A009,A032,0,0,0,0,0,0
A009,A033,0,0,0,0,0,0
A009,A034,0,0,0,0,0,0
A009,A035,0,0,0,0,0,0
A009,A036,0,0,0,0,0,0
A009,A037,0,0,0,0,0,0
A009,A038,0,0,0,0,0,0
A009,A039,0,0,0,0,0,0
A009,A040,0,0,0,0,0,0
A009,A041,0,0,0,0,0,0
A009,A042,0,0,0,0,0,0
A009,A043,0,0,0,0,0,0
A009,A044,0,0,0,0,0,0
A009,A045,0,0,0,0,0,0
A009,A046,0,0,0,0,0,0
A009,A047,0,0,0,0,0,0
A009,A048,0,0,0,0,0,0
A009,A049,0,0,0,0,0,0
A009,A050,0,0,0,0,0,0
A009,A051,0,0,0,0,0,0
A009,A052,0,0,0,0,0,0
A009,A053,0,0,0,0,0,0
A009,A054,0,0,0,0,0,0
A009,A055,0,0,0,0,0,0
A009,A056,0,0,0,0,0,0
A009,A057,0,0,0,0,0,0
A009,A058,0,0,0,0,0,0
A009,A059,0,0,0,0,0,0
A009,A060,0,0,0,0,0,0
A009,A061,0,0,0,0,0,0
A009,A062,0,0,0,0,0,0
A009,A063,0,0,0,0,0,0
A009,A064,0,0,0,0,0,0
A009,A065,0,0,0,0,0,0
A009,A066,0,0,0,0,0,0
A009,A067,0,0,0,0,0,0
A009,A068,0,0,0,0,0,0
A009,A069,0,0,0,0,0,0
A009,A070,0,0,0,0,0,0
A009,A071,0,0,0,0,0,0
A009,A072,0,0,0,0,0,0
A009,A073,0,0,0,0,0,0
A009,A074,0,0,0,0,0,0
A009,A075,0,0,0,0,0,0
A009,A076,0,0,0,0,0,0
A009,A077,0,0,0,0,0,0
A009,A078,0,0,0,0,0,0
A009,A079,0,0,0,0,0,0
A009,A080,0,0,0,0,0,0
A009,A081,0,0,0,0,0,0
A009,A082,0,0,0,0,0,0
A009,A083,0,0,0,0,0,0
A009,A084,0,0,0,0,0,0
A009,A085,0,0,0,0,0,0
A009,A086,0,0,0,0,0,0
A009,A087,0,0,0,0,0,0
A009,A088,0,0,0,0,0,0
A009,A089,0,0,0,0,0,0
A009,A090,0,0,0,0,0,0
A009,A091,0,0,0,0,0,0
A009,A092,0,0,0,0,0,0
A009,A093,0,0,0,0,0,0
A009,A094,0,0,0,0,0,0
A009,A095,0,0,0,0,0,0
A009,A096,0,0,0,0,0,0
A009,A097,0,0,0,0,0,0
A009,A098,0,0,0,0,0,0
A009,A099,0,0,0,0,0,0
A009,A100,0,0,0,0,0,0
A009,A101,0,0,0,0,0,0
A009,A102,0,0,0,0,0,0
A009,A103,0,0,0,0,0,0
A009,A104,0,0,0,0,0,0
A009,A105,0,0,0,0,0,0
A009,A106,0,0,0,0,0,0
A009,A107,0,0,0,0,0,0
A009,A108,0,0,0,0,0,0
A009,A109,0,0,0,0,0,0
A009,A110,0,0,0,0,0,0
A009,A111,0,0,0,0,0,0
A009,A112,0,0,0,0,0,0
A009,A113,0,0,0,0,0,0
A009,A114,0,0,0,0,0,0
A009,A115,0,0,0,0,0,0
A009,A116,0,0,0,0,0,0
A009,A117,0,0,0,0,0,0
A009,A118,0,0,0,0,0,0
A009,A119,0,0,0,0,0,0
A009,A120,0,0,0,0,0,0
A010,A001,0,0,0,0,0,0
A010,A002,0,0,0,0,0,0
A010,A003,0,0,0,0,0,0
A010,A004,0,0,0,0,0,0
A010,A005,0,0,0,0,0,0
A010,A006,0,0,0,0,0,0
A010,A007,0,0,0,0,0,0
A010,A008,0,0,0,0,0,0
A010,A009,0,0,0,0,0,0
A010,A010,441,0,0,56,0,497
A010,A011,0,0,0,0,0,0
A010,A012,0,0,0,0,2,2
A010,A013,0,0,0,0,0,0
A010,A014,0,0,0,0,0,0
A010,A015,0,0,0,0,0,0
A010,A016,0,0,0,0,0,0
A010,A017,0,0,0,0,0,0
A010,A018,0,0,0,0,0,0
A010,A019,0,0,0,0,0,0
A010,A020,0,0,0,0,0,0
A010,A021,0,0,0,0,0,0
A010,A022,0,0,0,0,0,0
A010,A023,0,0,0,0,0,0
A010,A024,0,0,0,0,0,0
A010,A025,0,0,0,0,0,0
A010,A026,0,0,0,0,0,0
A010,A027,0,0,0,0,0,0
A010,A028,0,0,0,0,0,0
A010,A029,0,0,0,0,0,0
A010,A030,0,0,0,0,0,0
A010,A031,0,0,0,0,0,0
A010,A032,0,0,0,0,0,0
A010,A033,0,0,0,0,0,0
A010,A034,0,4,3,0,0,7
A010,A035,0,0,0,0,0,0
A010,A036,0,0,0,0,0,0
A010,A037,0,0,0,0,0,0
A010,A038,0,0,0,0,0,0
A010,A039,0,1,0,0,0,1
A010,A040,0,0,0,0,0,0
A010,A041,0,0,0,0,0,0
A010,A042,0,0,0,0,0,0
A010,A043,0,0,0,0,0,0
A010,A044,0,0,0,0,0,0
A010,A045,0,0,0,0,0,0
A010,A046,0,0,0,0,0,0
A010,A047,0,0,0,0,1,1
A010,A048,0,0,0,0,0,0
A010,A049,0,0,1,0,0,1
A010,A050,0,0,0,0,0,0
A010,A051,0,0,0,0,0,0
A010,A052,0,0,0,0,0,0
A010,A053,0,0,0,0,0,0
A010,A054,0,0,0,0,0,0
A010,A055,0,0,0,0,0,0
A010,A056,0,0,0,0,0,0
A010,A057,0,0,0,0,0,0
A010,A058,0,0,0,0,0,0
A010,A059,0,0,0,0,0,0
A010,A060,0,0,0,0,0,0
A010,A061,0,0,0,0,0,0
A010,A062,0,0,0,0,0,0
A010,A063,0,0,0,0,0,0
A010,A064,0,0,0,0,0,0
A010,A065,0,0,0,0,0,0
A010,A066,0,0,0,0,0,0
A010,A067,0,0,0,0,0,0
A010,A068,0,0,0,0,0,0
A010,A069,0,0,0,0,0,0
A010,A070,0,0,0,0,0,0
A010,A071,0,0,0,0,0,0
A010,A072,0,0,0,0,0,0
A010,A073,0,0,0,0,0,0
A010,A074,0,0,0,0,0,0
A010,A075,0,0,0,0,0,0
A010,A076,0,0,0,0,0,0
A010,A077,0,0,0,0,0,0
A010,A078,0,0,0,0,0,0
A010,A079,0,0,0,0,0,0
A010,A080,0,0,0,0,0,0
A010,A081,0,0,0,0,0,0
A010,A082,0,0,0,0,0,0
A010,A083,0,0,0,0,0,0
A010,A084,0,0,0,0,0,0
A010,A085,0,0,0,0,0,0
A010,A086,0,0,0,0,0,0
A010,A087,0,0,0,0,0,0
A010,A088,0,0,0,0,0,0
A010,A089,0,0,0,0,0,0
A010,A090,0,0,0,0,0,0
A010,A091,0,0,0,0,0,0
A010,A092,0,0,0,0,0,0
A010,A093,0,0,0,0,0,0
A010,A094,0,0,0,0,0,0
A010,A095,0,0,0,0,0,0
A010,A096,0,0,0,0,0,0
A010,A097,0,0,0,0,0,0
A010,A098,0,0,0,0,0,0
A010,A099,0,0,0,0,0,0
A010,A100,0,0,0,0,0,0
A010,A101,0,0,0,0,0,0
A010,A102,0,0,0,0,0,0
A010,A103,0,0,0,0,0,0
A010,A104,0,0,0,0,0,0
A010,A105,0,0,0,0,0,0
A010,A106,0,0,0,0,0,0
A010,A107,0,0,0,0,0,0
A010,A108,0,0,0,0,0,0
A010,A109,0,0,0,0,0,0
A010,A110,0,0,0,0,0,0
A010,A111,0,0,0,0,0,0
A010,A112,0,0,0,0,0,0
A010,A113,0,0,0,0,0,0
A010,A114,0,0,0,0,0,0
A010,A115,0,0,0,0,0,0
A010,A116,0,0,0,0,0,0
A010,A117,0,0,0,0,0,0
A010,A118,0,0,0,0,0,0
A010,A119,0,0,0,0,0,0
A010,A120,0,0,0,0,0,0
A011,A001,0,0,0,0,1,1
A011,A002,0,0,0,0,0,0
A011,A003,0,0,0,0,1,1
A011,A004,0,0,0,0,1,1
A011,A005,0,0,1,0,0,1
A011,A006,0,0,0,0,0,0
A011,A007,0,0,0,0,0,0
A011,A008,0,0,0,0,0,0
A011,A009,0,0,0,0,0,0
A011,A010,0,0,0,0,0,0
A011,A011,309,0,0,148,0,457
A011,A012,0,4,4,0,6,14
A011,A013,0,1,0,0,1,2
A011,A014,0,0,0,0,0,0
A011,A015,0,0,0,0,0,0
A011,A016,0,0,0,0,0,0
A011,A017,0,1,0,0,1,2
A011,A018,0,0,0,0,0,0
A011,A019,0,0,0,0,0,0
A011,A020,0,0,0,0,1,1
A011,A021,0,0,0,0,0,0
A011,A022,0,0,0,0,0,0
A011,A023,0,0,0,0,0,0
A011,A024,0,0,0,0,0,0
A011,A025,0,0,0,0,0,0
A011,A026,0,0,0,0,0,0
A011,A027,0,0,0,0,0,0
A011,A028,0,0,0,0,1,1
A011,A029,0,1,2,0,3,6
A011,A030,0,2,1,0,4,7
A011,A031,0,0,0,0,0,0
A011,A032,0,0,0,0,1,1
A011,A033,0,0,1,0,0,1
A011,A034,0,2,0,0,1,3
A011,A035,0,0,0,0,0,0
A011,A036,0,0,0,0,0,0
A011,A037,0,0,0,0,0,0
A011,A038,0,0,0,0,0,0
A011,A039,0,0,0,0,0,0
A011,A040,0,0,0,0,0,0
A011,A041,0,0,0,0,0,0
A011,A042,0,0,0,0,0,0
A011,A043,0,0,0,0,0,0
A011,A044,0,0,0,0,1,1
A011,A045,0,0,0,0,0,0
A011,A046,0,0,0,0,0,0
A011,A047,0,0,0,0,0,0
A011,A048,0,0,0,0,0,0
A011,A049,0,0,0,0,0,0
A011,A050,0,0,0,0,0,0
A011,A051,0,0,0,0,0,0
A011,A052,0,0,0,0,0,0
A011,A053,0,0,0,0,0,0
A011,A054,0,0,0,0,0,0
A011,A055,0,0,0,0,0,0
A011,A056,0,0,0,0,0,0
A011,A057,0,0,1,0,0,1
A011,A058,0,0,0,0,0,0
A011,A059,0,0,0,0,0,0
A011,A060,0,0,0,0,0,0
A011,A061,0,0,0,0,0,0
A011,A062,0,0,0,0,0,0
A011,A063,0,0,0,0,0,0
A011,A064,0,0,0,0,0,0
A011,A065,0,0,0,0,0,0
A011,A066,0,0,0,0,0,0
A011,A067,0,0,0,0,0,0
A011,A068,0,0,0,0,0,0
A011,A069,0,0,0,0,0,0
A011,A070,0,0,0,0,0,0
A011,A071,0,0,0,0,0,0
A011,A072,0,0,0,0,0,0
A011,A073,0,0,0,0,1,1
A011,A074,0,0,0,0,0,0
A011,A075,0,0,0,0,0,0
A011,A076,0,0,0,0,0,0
A011,A077,0,0,0,0,0,0
A011,A078,0,0,0,0,0,0
A011,A079,0,0,0,0,0,0
A011,A080,0,0,0,0,0,0
A011,A081,0,0,0,0,0,0
A011,A082,0,1,1,0,0,2
A011,A083,0,0,0,0,0,0
A011,A084,0,0,0,0,0,0
A011,A085,0,0,0,0,0,0
A011,A086,0,0,0,0,0,0
A011,A087,0,0,0,0,0,0
A011,A088,0,0,0,0,0,0
A011,A089,0,0,0,0,0,0
A011,A090,0,0,0,0,0,0
A011,A091,0,0,0,0,1,1
A011,A092,0,0,0,0,0,0
A011,A093,0,0,0,0,0,0
A011,A094,0,0,0,0,0,0
A011,A095,0,0,0,0,0,0
A011,A096,0,0,0,0,0,0
A011,A097,0,0,0,0,0,0
A011,A098,0,0,0,0,0,0
A011,A099,0,0,0,0,0,0
A011,A100,0,0,0,0,0,0
A011,A101,0,0,0,0,0,0
A011,A102,0,0,0,0,0,0
A011,A103,0,0,0,0,0,0
A011,A104,0,0,0,0,0,0
A011,A105,0,0,0,0,0,0
A011,A106,0,0,0,0,0,0
A011,A107,0,0,0,0,0,0
A011,A108,0,0,0,0,0,0
A011,A109,0,0,0,0,0,0
A011,A110,0,0,0,0,0,0
A011,A111,0,0,0,0,0,0
A011,A112,0,0,0,0,0,0
A011,A113,0,0,0,0,0,0
A011,A114,0,0,0,0,0,0
A011,A115,0,0,0,0,0,0
A011,A116,0,0,0,0,0,0
A011,A117,0,0,0,0,0,0
A011,A118,0,0,0,0,0,0
A011,A119,0,0,0,0,0,0
A011,A120,0,0,0,0,0,0
A012,A001,0,0,0,0,0,0
A012,A002,0,0,1,0,0,1
A012,A003,0,0,0,0,1,1
A012,A004,0,0,0,0,0,0
A012,A005,0,0,0,0,0,0
A012,A006,0,0,0,0,0,0
A012,A007,0,0,0,0,0,0
A012,A008,0,0,0,0,0,0
A012,A009,0,0,0,0,0,0
A012,A010,0,0,0,0,0,0
A012,A011,0,2,5,0,5,12
A012,A012,303,0,0,254,0,557
A012,A013,0,0,0,0,0,0
A012,A014,0,0,0,0,0,0
A012,A015,0,0,0,0,0,0
A012,A016,0,0,0,0,1,1
A012,A017,0,0,0,0,1,1
A012,A018,0,1,0,0,0,1
A012,A019,0,0,0,0,0,0
A012,A020,0,0,0,0,0,0
A012,A021,0,0,0,0,0,0
A012,A022,0,0,0,0,0,0
A012,A023,0,0,0,0,0,0
A012,A024,0,0,0,0,0,0
A012,A025,0,0,0,0,0,0
A012,A026,0,0,0,0,0,0
A012,A027,0,0,0,0,0,0
A012,A028,0,0,0,0,1,1
A012,A029,0,2,3,0,0,5
A012,A030,0,6,14,0,12,32
A012,A031,0,0,0,0,0,0
A012,A032,0,0,0,0,0,0
A012,A033,0,0,0,0,0,0
A012,A034,0,0,0,0,1,1
A012,A035,0,0,0,0,0,0
A012,A036,0,0,0,0,0,0
A012,A037,0,0,0,0,0,0
A012,A038,0,0,0,0,0,0
A012,A039,0,0,0,0,0,0
A012,A040,0,0,0,0,0,0
A012,A041,0,0,0,0,0,0
A012,A042,0,0,0,0,0,0
A012,A043,0,0,0,0,0,0
A012,A044,0,0,0,0,0,0
A012,A045,0,0,0,0,0,0
A012,A046,0,0,0,0,0,0
A012,A047,0,0,0,0,0,0
A012,A048,0,0,0,0,0,0
A012,A049,0,0,0,0,0,0
A012,A050,0,0,0,0,0,0
A012,A051,0,0,0,0,0,0
A012,A052,0,0,0,0,0,0
A012,A053,0,0,0,0,0,0
A012,A054,0,0,0,0,0,0
A012,A055,0,0,0,0,0,0
A012,A056,0,0,0,0,0,0
A012,A057,0,0,0,0,0,0
A012,A058,0,0,0,0,0,0
A012,A059,0,0,0,0,0,0
A012,A060,0,0,0,0,0,0
A012,A061,0,0,0,0,0,0
A012,A062,0,0,0,0,0,0
A012,A063,0,0,0,0,0,0
A012,A064,0,0,0,0,0,0
A012,A065,0,0,0,0,0,0
A012,A066,0,0,0,0,0,0
A012,A067,0,0,0,0,0,0
A012,A068,0,0,0,0,0,0
A012,A069,0,0,0,0,0,0
A012,A070,0,0,0,0,0,0
A012,A071,0,0,0,0,0,0
A012,A072,0,0,0,0,0,0
A012,A073,0,0,0,0,0,0
A012,A074,0,0,0,0,0,0
A012,A075,0,0,0,0,3,3
A012,A076,0,3,1,0,1,5
A012,A077,0,0,0,0,0,0
A012,A078,0,0,0,0,0,0
A012,A079,0,0,0,0,0,0
A012,A080,0,0,0,0,0,0
A012,A081,0,0,0,0,0,0
A012,A082,0,0,0,0,2,2
A012,A083,0,0,0,0,0,0
A012,A084,0,0,0,0,0,0
A012,A085,0,0,0,0,0,0
A012,A086,0,0,0,0,0,0
A012,A087,0,0,0,0,0,0
A012,A088,0,0,0,0,0,0
A012,A089,0,0,0,0,0,0
A012,A090,0,0,0,0,0,0
A012,A091,0,0,0,0,0,0
A012,A092,0,0,0,0,0,0
A012,A093,0,0,0,0,0,0
A012,A094,0,0,0,0,0,0
A012,A095,0,0,0,0,0,0
A012,A096,0,0,0,0,0,0
A012,A097,0,0,0,0,0,0
A012,A098,0,0,0,0,0,0
A012,A099,0,0,0,0,0,0
A012,A100,0,0,0,0,0,0
A012,A101,0,0,0,0,0,0
A012,A102,0,0,0,0,0,0
A012,A103,0,0,0,0,0,0
A012,A104,0,0,0,0,0,0
A012,A105,0,0,0,0,0,0
A012,A106,0,0,0,0,0,0
A012,A107,0,0,0,0,0,0
A012,A108,0,0,0,0,0,0
A012,A109,0,0,0,0,0,0
A012,A110,0,0,0,0,1,1
A012,A111,0,0,0,0,0,0
A012,A112,0,0,0,0,0,0
A012,A113,0,0,0,0,0,0
A012,A114,0,0,0,0,0,0
A012,A115,0,0,0,0,0,0
A012,A116,0,0,0,0,0,0
A012,A117,0,0,0,0,0,0
A012,A118,0,0,0,0,0,0
A012,A119,0,0,0,0,0,0
A012,A120,0,0,0,0,0,0
A013,A001,0,0,0,0,0,0
A013,A002,0,0,0,0,0,0
A013,A003,0,0,0,0,0,0
A013,A004,0,0,0,0,0,0
A013,A005,0,0,1,0,0,1
A013,A006,0,0,0,0,0,0
A013,A007,0,0,0,0,0,0
A013,A008,0,0,0,0,0,0
A013,A009,0,0,0,0,0,0
A013,A010,0,1,0,0,0,1
A013,A011,0,1,0,0,2,3
A013,A012,0,0,0,0,0,0
A013,A013,447,0,0,33,0,480
A013,A014,0,1,0,0,0,1
A013,A015,0,0,0,0,0,0
A013,A016,0,0,0,0,0,0
A013,A017,0,0,0,0,0,0
A013,A018,0,0,0,0,0,0
A013,A019,0,0,0,0,1,1
A013,A020,0,0,0,0,0,0
A013,A021,0,0,1,0,0,1
A013,A022,0,0,0,0,0,0
A013,A023,0,0,0,0,0,0
A013,A024,0,0,0,0,0,0
A013,A025,0,0,0,0,0,0
A013,A026,0,0,0,0,0,0
A013,A027,0,0,0,0,0,0
A013,A028,0,0,0,0,0,0
A013,A029,0,0,0,0,0,0
A013,A030,0,0,0,0,0,0
A013,A031,0,0,0,0,0,0
A013,A032,0,0,0,0,0,0
A013,A033,0,0,0,0,0,0
A013,A034,0,0,0,0,0,0
A013,A035,0,0,0,0,0,0
A013,A036,0,0,0,0,0,0
A013,A037,0,0,0,0,0,0
A013,A038,0,0,0,0,0,0
A013,A039,0,0,0,0,0,0
A013,A040,0,0,0,0,0,0
A013,A041,0,0,0,0,0,0
A013,A042,0,0,0,0,0,0
A013,A043,0,0,0,0,0,0
A013,A044,0,0,0,0,0,0
A013,A045,0,0,0,0,0,0
A013,A046,0,0,0,0,0,0
A013,A047,0,0,0,0,0,0
A013,A048,0,0,0,0,0,0
A013,A049,0,0,0,0,1,1
A013,A050,0,0,0,0,0,0
A013,A051,0,0,0,0,0,0
A013,A052,0,0,0,0,0,0
A013,A053,0,0,0,0,0,0
A013,A054,0,0,0,0,0,0
A013,A055,0,0,0,0,0,0
A013,A056,0,0,0,0,0,0
A013,A057,0,0,0,0,0,0
A013,A058,0,0,0,0,0,0
A013,A059,0,0,0,0,0,0
A013,A060,0,0,0,0,0,0
A013,A061,0,0,0,0,0,0
A013,A062,0,0,0,0,0,0
A013,A063,0,0,0,0,0,0
A013,A064,0,0,0,0,0,0
A013,A065,0,0,0,0,0,0
A013,A066,0,0,0,0,0,0
A013,A067,0,0,0,0,0,0
A013,A068,0,0,0,0,0,0
A013,A069,0,0,0,0,0,0
A013,A070,0,0,0,0,0,0
A013,A071,0,0,0,0,0,0
A013,A072,0,0,0,0,0,0
A013,A073,0,0,0,0,0,0
A013,A074,0,0,0,0,0,0
A013,A075,0,0,0,0,0,0
A013,A076,0,0,0,0,0,0
A013,A077,0,0,0,0,0,0
A013,A078,0,0,0,0,0,0
A013,A079,0,0,0,0,0,0
A013,A080,0,0,0,0,0,0
A013,A081,0,0,0,0,0,0
A013,A082,0,0,0,0,2,2
A013,A083,0,0,0,0,0,0
A013,A084,0,0,0,0,0,0
A013,A085,0,0,0,0,0,0
A013,A086,0,0,0,0,1,1
A013,A087,0,0,0,0,0,0
A013,A088,0,1,0,0,0,1
A013,A089,0,0,0,0,0,0
A013,A090,0,0,0,0,0,0
A013,A091,0,0,0,0,0,0
A013,A092,0,0,0,0,0,0
A013,A093,0,0,0,0,0,0
A013,A094,0,0,0,0,0,0
A013,A095,0,0,0,0,0,0
A013,A096,0,0,0,0,0,0
A013,A097,0,0,0,0,0,0
A013,A098,0,0,0,0,0,0
A013,A099,0,0,0,0,0,0
A013,A100,0,0,0,0,0,0
A013,A101,0,0,0,0,0,0
A013,A102,0,0,0,0,0,0
A013,A103,0,0,0,0,0,0
A013,A104,0,0,0,0,0,0
A013,A105,0,0,0,0,0,0
A013,A106,0,0,0,0,0,0
A013,A107,0,0,0,0,0,0
A013,A108,0,0,0,0,0,0
A013,A109,0,0,0,0,0,0
A013,A110,0,0,0,0,0,0
A013,A111,0,0,0,0,0,0
A013,A112,0,0,0,0,0,0
A013,A113,0,0,0,0,0,0
A013,A114,0,0,0,0,0,0
A013,A115,0,0,0,0,0,0
A013,A116,0,0,0,0,0,0
A013,A117,0,0,0,0,0,0
A013,A118,0,0,0,0,0,0
A013,A119,0,0,0,0,0,0
A013,A120,0,0,0,0,0,0
A014,A001,0,0,0,0,0,0
A014,A002,0,0,0,0,0,0
A014,A003,0,0,0,0,0,0
A014,A004,0,0,0,0,0,0
A014,A005,0,0,0,0,0,0
A014,A006,0,0,0,0,0,0
A014,A007,0,0,0,0,0,0
A014,A008,0,0,0,0,0,0
A014,A009,0,0,0,0,0,0
A014,A010,0,0,0,0,0,0
A014,A011,0,0,0,0,0,0
A014,A012,0,0,0,0,0,0
A014,A013,0,0,0,0,0,0
A014,A014,499,0,0,35,0,534
A014,A015,0,1,0,0,0,1
A014,A016,0,0,0,0,0,0
A014,A017,0,0,0,0,0,0
A014,A018,0,0,0,0,0,0
A014,A019,0,0,0,0,0,0
A014,A020,0,0,0,0,0,0
A014,A021,0,0,0,0,0,0
A014,A022,0,0,0,0,0,0
A014,A023,0,0,0,0,0,0
A014,A024,0,0,0,0,0,0
A014,A025,0,0,0,0,0,0
A014,A026,0,0,0,0,0,0
A014,A027,0,0,0,0,0,0
A014,A028,0,0,0,0,0,0
A014,A029,0,0,0,0,0,0
A014,A030,0,0,0,0,0,0
A014,A031,0,0,0,0,0,0
A014,A032,0,0,0,0,0,0
A014,A033,0,0,0,0,0,0
A014,A034,0,0,0,0,0,0
A014,A035,0,0,0,0,0,0
A014,A036,0,0,0,0,0,0
A014,A037,0,0,0,0,0,0
A014,A038,0,0,0,0,0,0
A014,A039,0,0,0,0,0,0
A014,A040,0,0,0,0,0,0
A014,A041,0,0,0,0,0,0
A014,A042,0,0,0,0,0,0
A014,A043,0,0,0,0,0,0
A014,A044,0,0,0,0,0,0
A014,A045,0,0,0,0,0,0
A014,A046,0,0,0,0,0,0
A014,A047,0,0,0,0,0,0
A014,A048,0,0,0,0,0,0
A014,A049,0,0,0,0,1,1
A014,A050,0,0,0,0,0,0
A014,A051,0,0,0,0,0,0
A014,A052,0,0,0,0,0,0
A014,A053,0,0,0,0,0,0
A014,A054,0,0,0,0,0,0
A014,A055,0,0,0,0,0,0
A014,A056,0,0,0,0,0,0
A014,A057,0,0,0,0,0,0
A014,A058,0,0,0,0,0,0
A014,A059,0,0,0,0,0,0
A014,A060,0,0,0,0,0,0
A014,A061,0,0,0,0,0,0
A014,A062,0,0,0,0,0,0
A014,A063,0,0,0,0,0,0
A014,A064,0,0,0,0,0,0
A014,A065,0,0,0,0,0,0
A014,A066,0,0,0,0,0,0
A014,A067,0,0,0,0,0,0
A014,A068,0,0,0,0,0,0
A014,A069,0,0,0,0,0,0
A014,A070,0,0,0,0,0,0
A014,A071,0,0,0,0,0,0
A014,A072,0,0,0,0,0,0
A014,A073,0,0,0,0,0,0
A014,A074,0,0,0,0,0,0
A014,A075,0,0,0,0,0,0
A014,A076,0,0,0,0,0,0
A014,A077,0,0,0,0,0,0
A014,A078,0,0,0,0,0,0
A014,A079,0,0,0,0,0,0
A014,A080,0,0,0,0,0,0
A014,A081,0,0,0,0,0,0
A014,A082,0,0,0,0,0,0
A014,A083,0,0,0,0,0,0
A014,A084,0,0,0,0,0,0
A014,A085,0,0,0,0,0,0
A014,A086,0,0,0,0,0,0
A014,A087,0,0,1,0,0,1
A014,A088,0,0,0,0,0,0
A014,A089,0,0,0,0,0,0
A014,A090,0,0,0,0,0,0
A014,A091,0,0,0,0,0,0
A014,A092,0,0,0,0,0,0
A014,A093,0,0,0,0,0,0
A014,A094,0,0,0,0,0,0
A014,A095,0,0,0,0,0,0
A014,A096,0,0,0,0,0,0
A014,A097,0,0,0,0,0,0
A014,A098,0,0,0,0,0,0
A014,A099,0,0,0,0,0,0
A014,A100,0,0,0,0,0,0
A014,A101,0,0,0,0,0,0
A014,A102,0,0,0,0,0,0
A014,A103,0,0,0,0,0,0
A014,A104,0,0,0,0,0,0
A014,A105,0,0,0,0,0,0
A014,A106,0,0,0,0,0,0
A014,A107,0,0,0,0,0,0
A014,A108,0,0,0,0,0,0
A014,A109,0,0,0,0,0,0
A014,A110,0,0,0,0,0,0
A014,A111,0,0,0,0,0,0
A014,A112,0,0,0,0,0,0
A014,A113,0,0,0,0,0,0
A014,A114,0,0,0,0,0,0
A014,A115,0,0,0,0,0,0
A014,A116,0,0,0,0,0,0
A014,A117,0,0,0,0,0,0
A014,A118,0,0,0,0,0,0
A014,A119,0,0,0,0,0,0
A014,A120,0,0,0,0,0,0
A015,A001,0,0,0,0,0,0
A015,A002,0,0,0,0,0,0
A015,A003,0,0,0,0,0,0
A015,A004,0,0,0,0,0,0
A015,A005,0,0,0,0,0,0
A015,A006,0,0,0,0,0,0
A015,A007,0,0,0,0,0,0
A015,A008,0,0,0,0,0,0
A015,A009,0,0,0,0,0,0
A015,A010,0,0,0,0,0,0
A015,A011,0,0,0,0,0,0
A015,A012,0,0,0,0,0,0
A015,A013,0,0,0,0,0,0
A015,A014,0,0,0,0,0,0
A015,A015,492,0,0,9,0,501
A015,A016,0,0,0,0,0,0
A015,A017,0,0,0,0,0,0
A015,A018,0,0,0,0,0,0
A015,A019,0,0,0,0,0,0
A015,A020,0,0,0,0,0,0
A015,A021,0,0,0,0,0,0
A015,A022,0,0,0,0,0,0
A015,A023,0,0,0,0,0,0
A015,A024,0,0,0,0,0,0
A015,A025,0,0,0,0,0,0
A015,A026,0,0,0,0,0,0
A015,A027,0,0,0,0,0,0
A015,A028,0,0,0,0,0,0
A015,A029,0,0,0,0,0,0
A015,A030,0,0,0,0,0,0
A015,A031,0,0,0,0,0,0
A015,A032,0,0,0,0,0,0
A015,A033,0,0,0,0,0,0
A015,A034,0,0,0,0,0,0
A015,A035,0,0,0,0,0,0
A015,A036,0,0,0,0,0,0
A015,A037,0,0,0,0,0,0
A015,A038,0,0,0,0,0,0
A015,A039,0,0,0,0,0,0
A015,A040,0,0,0,0,0,0
A015,A041,0,0,0,0,0,0
A015,A042,0,0,0,0,0,0
A015,A043,0,0,0,0,0,0
A015,A044,0,0,0,0,0,0
A015,A045,0,0,0,0,0,0
A015,A046,0,0,0,0,0,0
A015,A047,0,0,0,0,0,0
A015,A048,0,0,0,0,0,0
A015,A049,0,0,0,0,0,0
A015,A050,0,0,0,0,0,0
A015,A051,0,0,0,0,0,0
A015,A052,0,0,0,0,0,0
A015,A053,0,0,0,0,0,0
A015,A054,0,0,0,0,0,0
A015,A055,0,0,0,0,0,0
A015,A056,0,0,0,0,0,0
A015,A057,0,0,0,0,0,0
A015,A058,0,0,0,0,0,0
A015,A059,0,0,0,0,0,0
A015,A060,0,0,0,0,0,0
A015,A061,0,0,0,0,0,0
A015,A062,0,0,0,0,0,0
A015,A063,0,0,0,0,0,0
A015,A064,0,0,0,0,0,0
A015,A065,0,0,0,0,0,0
A015,A066,0,0,0,0,0,0
A015,A067,0,0,0,0,0,0
A015,A068,0,0,0,0,0,0
A015,A069,0,0,0,0,0,0
A015,A070,0,0,0,0,0,0
A015,A071,0,0,0,0,0,0
A015,A072,0,0,0,0,0,0
A015,A073,0,0,0,0,0,0
A015,A074,0,0,0,0,0,0
A015,A075,0,0,0,0,0,0
A015,A076,0,0,0,0,0,0
A015,A077,0,0,0,0,0,0
A015,A078,0,0,0,0,0,0
A015,A079,0,0,0,0,0,0
A015,A080,0,0,0,0,0,0
A015,A081,0,0,0,0,0,0
A015,A082,0,0,0,0,0,0
A015,A083,0,0,0,0,0,0
A015,A084,0,0,0,0,0,0
A015,A085,0,0,0,0,0,0
A015,A086,0,0,0,0,0,0
A015,A087,0,0,0,0,0,0
A015,A088,0,0,1,0,0,1
A015,A089,0,0,0,0,0,0
A015,A090,0,0,0,0,0,0
A015,A091,0,0,0,0,0,0
A015,A092,0,0,0,0,0,0
A015,A093,0,0,0,0,0,0
A015,A094,0,0,0,0,0,0
A015,A095,0,0,0,0,0,0
A015,A096,0,0,0,0,0,0
A015,A097,0,0,0,0,0,0
A015,A098,0,0,0,0,0,0
A015,A099,0,0,0,0,0,0
A015,A100,0,0,0,0,0,0
A015,A101,0,0,0,0,0,0
A015,A102,0,0,0,0,0,0
A015,A103,0,0,0,0,0,0
A015,A104,0,0,0,0,0,0
A015,A105,0,0,0,0,0,0
A015,A106,0,0,0,0,0,0
A015,A107,0,0,0,0,0,0
A015,A108,0,0,0,0,0,0
A015,A109,0,0,0,0,0,0
A015,A110,0,0,0,0,0,0
A015,A111,0,0,0,0,0,0
A015,A112,0,0,0,0,0,0
A015,A113,0,0,0,0,0,0
A015,A114,0,0,0,0,0,0
A015,A115,0,0,0,0,0,0
A015,A116,0,0,0,0,0,0
A015,A117,0,0,0,0,0,0
A015,A118,0,0,0,0,0,0
A015,A119,0,0,0,0,0,0
A015,A120,0,0,0,0,0,0
A016,A001,0,0,0,0,0,0
A016,A002,0,0,0,0,0,0
A016,A003,0,0,0,0,0,0
A016,A004,0,0,0,0,0,0
A016,A005,0,0,0,0,0,0
A016,A006,0,0,0,0,0,0
A016,A007,0,0,0,0,0,0
A016,A008,0,0,0,0,0,0
A016,A009,0,0,0,0,0,0
A016,A010,0,0,0,0,0,0
A016,A011,0,0,0,0,0,0
A016,A012,0,0,0,0,0,0
A016,A013,0,0,0,0,0,0
A016,A014,0,0,0,0,0,0
A016,A015,0,0,0,0,0,0
A016,A016,448,0,0,79,0,527
A016,A017,0,3,10,0,3,16
A016,A018,0,0,0,0,0,0
A016,A019,0,0,0,0,0,0
A016,A020,0,0,0,0,0,0
A016,A021,0,0,0,0,0,0
A016,A022,0,0,0,0,0,0
A016,A023,0,0,0,0,0,0
A016,A024,0,0,0,0,0,0
A016,A025,0,0,0,0,0,0
A016,A026,0,0,0,0,0,0
A016,A027,0,0,0,0,0,0
A016,A028,0,0,0,0,0,0
A016,A029,0,0,0,0,0,0
A016,A030,0,0,0,0,1,1
A016,A031,0,0,0,0,0,0
A016,A032,0,0,0,0,0,0
A016,A033,0,0,0,0,0,0
A016,A034,0,0,0,0,0,0
A016,A035,0,0,0,0,0,0
A016,A036,0,0,0,0,0,0
A016,A037,0,0,0,0,0,0
A016,A038,0,0,0,0,0,0
A016,A039,0,0,0,0,0,0
A016,A040,0,0,0,0,0,0
A016,A041,0,0,0,0,0,0
A016,A042,0,0,0,0,0,0
A016,A043,0,0,0,0,0,0
A016,A044,0,0,0,0,0,0
A016,A045,0,0,0,0,0,0
A016,A046,0,0,0,0,0,0
A016,A047,0,0,0,0,0,0
A016,A048,0,0,0,0,0,0
A016,A049,0,0,0,0,0,0
A016,A050,0,0,0,0,0,0
A016,A051,0,0,0,0,0,0
A016,A052,0,0,0,0,0,0
A016,A053,0,0,0,0,0,0
A016,A054,0,0,0,0,0,0
A016,A055,0,0,0,0,0,0
A016,A056,0,0,0,0,0,0
A016,A057,0,0,0,0,0,0
A016,A058,0,0,0,0,0,0
A016,A059,0,0,0,0,0,0
A016,A060,0,0,0,0,0,0
A016,A061,0,0,0,0,0,0
A016,A062,0,0,0,0,0,0
A016,A063,0,0,0,0,0,0
A016,A064,0,0,0,0,0,0
A016,A065,0,0,0,0,0,0
A016,A066,0,0,0,0,0,0
A016,A067,0,0,0,0,0,0
A016,A068,0,0,0,0,0,0
A016,A069,0,0,0,0,0,0
A016,A070,0,0,0,0,0,0
A016,A071,0,0,0,0,0,0
A016,A072,0,0,0,0,0,0
A016,A073,0,0,0,0,0,0
A016,A074,0,0,0,0,0,0
A016,A075,0,0,0,0,0,0
A016,A076,0,0,0,0,0,0
A016,A077,0,0,0,0,0,0
A016,A078,0,0,0,0,0,0
A016,A079,0,0,0,0,0,0
A016,A080,0,0,0,0,0,0
A016,A081,0,0,0,0,0,0
A016,A082,0,0,0,0,0,0
A016,A083,0,0,0,0,0,0
A016,A084,0,0,0,0,0,0
A016,A085,0,0,0,0,0,0
A016,A086,0,0,0,0,0,0
A016,A087,0,0,0,0,0,0
A016,A088,0,0,0,0,0,0
A016,A089,0,0,0,0,0,0
A016,A090,0,0,0,0,0,0
A016,A091,0,0,0,0,0,0
A016,A092,0,0,1,0,1,2
A016,A093,0,0,0,0,0,0
A016,A094,0,0,0,0,0,0
A016,A095,0,0,0,0,0,0
A016,A096,0,0,0,0,0,0
A016,A097,0,0,0,0,0,0
A016,A098,0,0,0,0,0,0
A016,A099,0,0,0,0,0,0
A016,A100,0,0,0,0,0,0
A016,A101,0,0,0,0,0,0
A016,A102,0,0,0,0,0,0
A016,A103,0,0,0,0,0,0
A016,A104,0,0,0,0,0,0
A016,A105,0,0,0,0,0,0
A016,A106,0,0,0,0,0,0
A016,A107,0,0,0,0,0,0
A016,A108,0,0,0,0,0,0
A016,A109,0,0,0,0,0,0
A016,A110,0,0,0,0,0,0
A016,A111,0,0,0,0,0,0
A016,A112,0,0,0,0,0,0
A016,A113,0,0,0,0,0,0
A016,A114,0,0,0,0,0,0
A016,A115,0,0,0,0,0,0
A016,A116,0,0,0,0,0,0
A016,A117,0,0,0,0,0,0
A016,A118,0,0,0,0,0,0
A016,A119,0,0,0,0,0,0
A016,A120,0,0,0,0,0,0
A017,A001,0,0,0,0,0,0
A017,A002,0,0,0,0,0,0
A017,A003,0,0,0,0,0,0
A017,A004,0,0,0,0,0,0
A017,A005,0,0,0,0,0,0
A017,A006,0,0,0,0,0,0
A017,A007,0,0,0,0,0,0
A017,A008,0,0,0,0,0,0
A017,A009,0,0,0,0,0,0
A017,A010,0,0,0,0,0,0
A017,A011,0,1,0,0,0,1
A017,A012,0,0,0,0,0,0
A017,A013,0,0,0,0,0,0
A017,A014,0,0,0,0,1,1
A017,A015,0,0,1,0,0,1
A017,A016,0,4,4,0,1,9
A017,A017,405,0,0,66,0,471
A017,A018,0,0,0,0,0,0
A017,A019,0,0,0,0,0,0
A017,A020,0,0,0,0,0,0
A017,A021,0,0,0,0,0,0
A017,A022,0,0,0,0,0,0
A017,A023,0,0,0,0,0,0
A017,A024,0,0,0,0,0,0
A017,A025,0,0,0,0,0,0
A017,A026,0,0,0,0,0,0
A017,A027,0,0,0,0,0,0
A017,A028,0,0,0,0,0,0
A017,A029,0,0,0,0,0,0
A017,A030,0,0,0,0,0,0
A017,A031,0,0,0,0,1,1
A017,A032,0,0,0,0,0,0
A017,A033,0,0,0,0,0,0
A017,A034,0,0,0,0,0,0
A017,A035,0,0,0,0,0,0
A017,A036,0,0,0,0,0,0
A017,A037,0,0,0,0,0,0
A017,A038,0,0,0,0,0,0
A017,A039,0,0,0,0,0,0
A017,A040,0,0,0,0,0,0
A017,A041,0,0,0,0,0,0
A017,A042,0,0,0,0,0,0
A017,A043,0,0,0,0,0,0
A017,A044,0,0,0,0,0,0
A017,A045,0,0,0,0,0,0
A017,A046,0,0,0,0,0,0
A017,A047,0,0,0,0,0,0
A017,A048,0,0,0,0,0,0
A017,A049,0,0,0,0,0,0
A017,A050,0,0,0,0,0,0
A017,A051,0,0,0,0,0,0
A017,A052,0,0,0,0,0,0
A017,A053,0,0,0,0,0,0
A017,A054,0,0,0,0,0,0
A017,A055,0,0,0,0,0,0
A017,A056,0,0,0,0,0,0
A017,A057,0,0,0,0,0,0
A017,A058,0,0,0,0,0,0
A017,A059,0,0,0,0,0,0
A017,A060,0,0,0,0,0,0
A017,A061,0,0,0,0,0,0
A017,A062,0,0,0,0,0,0
A017,A063,0,0,0,0,0,0
A017,A064,0,0,0,0,0,0
A017,A065,0,0,0,0,0,0
A017,A066,0,0,0,0,0,0
A017,A067,0,0,0,0,0,0
A017,A068,0,0,0,0,0,0
A017,A069,0,0,0,0,0,0
A017,A070,0,0,0,0,0,0
A017,A071,0,0,0,0,0,0
A017,A072,0,0,0,0,0,0
A017,A073,0,0,0,0,0,0
A017,A074,0,0,0,0,0,0
A017,A075,0,0,0,0,0,0
A017,A076,0,0,0,0,0,0
A017,A077,0,0,0,0,0,0
A017,A078,0,0,0,0,0,0
A017,A079,0,0,0,0,0,0
A017,A080,0,0,0,0,0,0
A017,A081,0,0,0,0,0,0
A017,A082,0,0,0,0,0,0
A017,A083,0,0,0,0,0,0
A017,A084,0,0,0,0,0,0
A017,A085,0,0,0,0,0,0
A017,A086,0,0,0,0,0,0
A017,A087,0,0,0,0,0,0
A017,A088,0,0,0,0,0,0
A017,A089,0,0,0,0,0,0
A017,A090,0,0,0,0,0,0
A017,A091,0,0,0,0,0,0
A017,A092,0,0,0,0,0,0
A017,A093,0,0,0,0,0,0
A017,A094,0,0,0,0,0,0
A017,A095,0,0,0,0,0,0
A017,A096,0,0,0,0,0,0
A017,A097,0,0,0,0,0,0
A017,A098,0,0,0,0,0,0
A017,A099,0,0,0,0,0,0
A017,A100,0,0,1,0,0,1
A017,A101,0,0,0,0,0,0
A017,A102,0,0,0,0,0,0
A017,A103,0,0,0,0,0,0
A017,A104,0,0,0,0,0,0
A017,A105,0,0,0,0,0,0
A017,A106,0,0,0,0,0,0
A017,A107,0,0,0,0,0,0
A017,A108,0,0,0,0,0,0
A017,A109,0,0,0,0,0,0
A017,A110,0,0,0,0,0,0
A017,A111,0,0,0,0,0,0
A017,A112,0,0,0,0,0,0
A017,A113,0,0,0,0,0,0
A017,A114,0,0,0,0,0,0
A017,A115,0,0,0,0,0,0
A017,A116,0,0,0,0,0,0
A017,A117,0,0,0,0,0,0
A017,A118,0,0,0,0,0,0
A017,A119,0,0,0,0,0,0
A017,A120,0,0,0,0,0,0
A018,A001,0,0,0,0,0,0
A018,A002,0,1,0,0,0,1
A018,A003,0,1,0,0,0,1
A018,A004,0,0,0,0,0,0
A018,A005,0,0,0,0,0,0
A018,A006,0,0,0,0,0,0
A018,A007,0,0,0,0,0,0
A018,A008,0,0,0,0,0,0
A018,A009,0,0,0,0,1,1
A018,A010,0,0,1,0,0,1
A018,A011,0,0,0,0,0,0
A018,A012,0,1,0,0,0,1
A018,A013,0,0,0,0,0,0
A018,A014,0,0,0,0,0,0
A018,A015,0,0,0,0,0,0
A018,A016,0,0,0,0,0,0
A018,A017,0,0,0,0,0,0
A018,A018,466,0,0,41,0,507
A018,A019,0,0,0,0,2,2
A018,A020,0,0,0,0,0,0
A018,A021,0,0,0,0,0,0
A018,A022,0,0,0,0,0,0
A018,A023,0,0,0,0,0,0
A018,A024,0,0,0,0,0,0
A018,A025,0,0,0,0,0,0
A018,A026,0,0,0,0,0,0
A018,A027,0,0,0,0,0,0
A018,A028,0,0,0,0,0,0
A018,A029,0,0,0,0,0,0
A018,A030,0,0,0,0,0,0
A018,A031,0,0,0,0,0,0
A018,A032,0,0,0,0,0,0
A018,A033,0,0,0,0,0,0
A018,A034,0,0,0,0,0,0
A018,A035,0,0,0,0,0,0
A018,A036,0,0,0,0,0,0
A018,A037,0,0,0,0,0,0
A018,A038,0,0,0,0,0,0
A018,A039,0,0,0,0,0,0
A018,A040,0,0,0,0,0,0
A018,A041,0,0,1,0,0,1
A018,A042,0,0,0,0,0,0
A018,A043,0,0,0,0,0,0
A018,A044,0,1,0,0,0,1
A018,A045,0,0,0,0,0,0
A018,A046,0,0,0,0,0,0
A018,A047,0,0,0,0,0,0
A018,A048,0,0,0,0,0,0
A018,A049,0,0,0,0,1,1
A018,A050,0,0,0,0,0,0
A018,A051,0,0,0,0,0,0
A018,A052,0,0,0,0,0,0
A018,A053,0,0,0,0,0,0
A018,A054,0,0,0,0,0,0
A018,A055,0,0,0,0,0,0
A018,A056,0,0,0,0,0,0
A018,A057,0,0,0,0,0,0
A018,A058,0,0,0,0,0,0
A018,A059,0,0,0,0,0,0
A018,A060,0,0,0,0,0,0
A018,A061,0,0,0,0,0,0
A018,A062,0,0,0,0,0,0
A018,A063,0,0,0,0,0,0
A018,A064,0,0,0,0,0,0
A018,A065,0,0,0,0,0,0
A018,A066,0,0,0,0,0,0
A018,A067,0,0,0,0,0,0
A018,A068,0,0,0,0,0,0
A018,A069,0,0,0,0,0,0
A018,A070,0,0,0,0,0,0
A018,A071,0,0,0,0,0,0
A018,A072,0,0,0,0,0,0
A018,A073,0,0,0,0,0,0
A018,A074,0,0,0,0,0,0
A018,A075,0,0,0,0,0,0
A018,A076,0,0,0,0,0,0
A018,A077,0,0,0,0,0,0
A018,A078,0,0,0,0,0,0
A018,A079,0,0,0,0,0,0
A018,A080,0,0,0,0,0,0
A018,A081,0,0,0,0,0,0
A018,A082,0,0,0,0,0,0
A018,A083,0,0,0,0,0,0
A018,A084,0,0,0,0,0,0
A018,A085,0,0,1,0,0,1
A018,A086,0,0,0,0,0,0
A018,A087,0,0,0,0,0,0
A018,A088,0,0,0,0,0,0
A018,A089,0,0,0,0,0,0
A018,A090,0,0,0,0,0,0
A018,A091,0,0,0,0,0,0
A018,A092,0,0,0,0,0,0
A018,A093,0,0,0,0,0,0
A018,A094,0,0,0,0,0,0
A018,A095,0,0,0,0,0,0
A018,A096,0,0,0,0,0,0
A018,A097,0,0,0,0,0,0
A018,A098,0,0,0,0,0,0
A018,A099,0,0,0,0,0,0
A018,A100,0,0,0,0,0,0
A018,A101,0,0,0,0,0,0
A018,A102,0,0,0,0,0,0
A018,A103,0,0,0,0,0,0
A018,A104,0,0,0,0,0,0
A018,A105,0,0,0,0,0,0
A018,A106,0,0,0,0,0,0
A018,A107,0,0,0,0,0,0
A018,A108,0,0,0,0,0,0
A018,A109,0,0,0,0,0,0
A018,A110,0,0,0,0,0,0
A018,A111,0,0,0,0,0,0
A018,A112,0,0,0,0,0,0
A018,A113,0,0,0,0,0,0
A018,A114,0,0,0,0,0,0
A018,A115,0,0,0,0,0,0
A018,A116,0,0,0,0,0,0
A018,A117,0,0,0,0,0,0
A018,A118,0,0,0,0,0,0
A018,A119,0,0,0,0,0,0
A018,A120,0,0,0,0,0,0
A019,A001,0,0,0,0,0,0
A019,A002,0,1,1,0,0,2
A019,A003,0,0,0,0,0,0
A019,A004,0,0,0,0,0,0
A019,A005,0,0,0,0,1,1
A019,A006,0,0,0,0,0,0
A019,A007,0,0,0,0,0,0
A019,A008,0,0,0,0,0,0
A019,A009,0,0,0,0,0,0
A019,A010,0,0,0,0,1,1
A019,A011,0,0,0,0,0,0
A019,A012,0,0,0,0,0,0
A019,A013,0,0,0,0,0,0
A019,A014,0,0,0,0,0,0
A019,A015,0,0,0,0,0,0
A019,A016,0,0,0,0,0,0
A019,A017,0,0,0,0,0,0
A019,A018,0,0,1,0,1,2
A019,A019,461,0,0,30,0,491
A019,A020,0,0,0,0,0,0
A019,A021,0,0,0,0,0,0
A019,A022,0,0,0,0,0,0
A019,A023,0,0,0,0,0,0
A019,A024,0,0,0,0,0,0
A019,A025,0,0,0,0,0,0
A019,A026,0,0,0,0,0,0
A019,A027,0,0,0,0,0,0
A019,A028,0,0,0,0,0,0
A019,A029,0,0,0,0,0,0
A019,A030,0,0,0,0,0,0
A019,A031,0,0,0,0,0,0
A019,A032,0,0,0,0,0,0
A019,A033,0,0,0,0,0,0
A019,A034,0,0,0,0,0,0
A019,A035,0,0,0,0,0,0
A019,A036,0,0,0,0,0,0
A019,A037,0,0,1,0,0,1
A019,A038,0,1,0,0,0,1
A019,A039,0,0,0,0,0,0
A019,A040,0,0,0,0,0,0
A019,A041,0,0,0,0,0,0
A019,A042,0,0,0,0,0,0
A019,A043,0,0,0,0,0,0
A019,A044,0,0,1,0,0,1
A019,A045,0,0,0,0,0,0
A019,A046,0,0,0,0,0,0
A019,A047,0,0,0,0,0,0
A019,A048,0,0,0,0,0,0
A019,A049,0,0,0,0,0,0
A019,A050,0,0,0,0,0,0
A019,A051,0,0,0,0,0,0
A019,A052,0,0,0,0,0,0
A019,A053,0,0,0,0,0,0
A019,A054,0,0,0,0,0,0
A019,A055,0,0,0,0,0,0
A019,A056,0,0,0,0,0,0
A019,A057,0,0,0,0,0,0
A019,A058,0,0,0,0,0,0
A019,A059,0,0,0,0,0,0
A019,A060,0,0,0,0,0,0
A019,A061,0,0,0,0,0,0
A019,A062,0,1,0,0,0,1
A019,A063,0,0,0,0,0,0
A019,A064,0,0,0,0,0,0
A019,A065,0,0,0,0,0,0
A019,A066,0,0,0,0,0,0
A019,A067,0,0,0,0,0,0
A019,A068,0,0,0,0,0,0
A019,A069,0,0,0,0,0,0
A019,A070,0,0,0,0,0,0
A019,A071,0,0,0,0,0,0
A019,A072,0,0,0,0,0,0
A019,A073,0,0,0,0,0,0
A019,A074,0,0,0,0,0,0
A019,A075,0,0,0,0,0,0
A019,A076,0,0,0,0,0,0
A019,A077,0,0,1,0,0,1
A019,A078,0,0,0,0,0,0
A019,A079,0,0,0,0,0,0
A019,A080,0,0,0,0,0,0
A019,A081,0,0,0,0,0,0
A019,A082,0,0,0,0,0,0
A019,A083,0,0,0,0,0,0
A019,A084,0,0,0,0,0,0
A019,A085,0,0,0,0,0,0
A019,A086,0,0,0,0,0,0
A019,A087,0,0,0,0,0,0
A019,A088,0,0,0,0,0,0
A019,A089,0,0,0,0,0,0
A019,A090,0,0,0,0,0,0
A019,A091,0,0,0,0,0,0
A019,A092,0,0,0,0,0,0
A019,A093,0,0,0,0,0,0
A019,A094,0,0,0,0,0,0
A019,A095,0,0,0,0,0,0
A019,A096,0,0,0,0,0,0
A019,A097,0,0,0,0,0,0
A019,A098,0,0,0,0,0,0
A019,A099,0,0,0,0,0,0
A019,A100,0,0,0,0,0,0
A019,A101,0,0,0,0,0,0
A019,A102,0,0,0,0,0,0
A019,A103,0,0,0,0,0,0
A019,A104,0,0,0,0,0,0
A019,A105,0,0,0,0,1,1
A019,A106,0,0,0,0,0,0
A019,A107,0,0,0,0,0,0
A019,A108,0,0,0,0,0,0
A019,A109,0,0,0,0,0,0
A019,A110,0,0,0,0,0,0
A019,A111,0,0,0,0,0,0
A019,A112,0,0,0,0,0,0
A019,A113,0,0,0,0,0,0
A019,A114,0,0,0,0,0,0
A019,A115,0,0,0,0,0,0
A019,A116,0,0,0,0,0,0
A019,A117,0,0,0,0,0,0
A019,A118,0,0,0,0,0,0
A019,A119,0,0,0,0,0,0
A019,A120,0,0,0,0,0,0
A020,A001,0,0,0,0,0,0
A020,A002,0,0,0,0,0,0
A020,A003,0,0,0,0,0,0
A020,A004,0,0,0,0,0,0
A020,A005,0,0,0,0,0,0
A020,A006,0,0,0,0,0,0
A020,A007,0,0,0,0,0,0
A020,A008,0,0,0,0,0,0
A020,A009,0,0,0,0,0,0
A020,A010,0,0,0,0,0,0
A020,A011,0,0,0,0,0,0
A020,A012,0,0,0,0,0,0
A020,A013,0,0,0,0,0,0
A020,A014,0,0,0,0,0,0
A020,A015,0,0,0,0,0,0
A020,A016,0,0,0,0,0,0
A020,A017,0,0,0,0,0,0
A020,A018,0,1,0,0,0,1
A020,A019,0,0,0,0,0,0
A020,A020,489,0,0,14,0,503
A020,A021,0,0,0,0,0,0
A020,A022,0,0,0,0,0,0
A020,A023,0,0,0,0,0,0
A020,A024,0,0,0,0,0,0
A020,A025,0,0,0,0,0,0
A020,A026,0,0,0,0,0,0
A020,A027,0,0,0,0,0,0
A020,A028,0,0,0,0,0,0
A020,A029,0,0,0,0,0,0
A020,A030,0,0,0,0,0,0
A020,A031,0,0,0,0,0,0
A020,A032,0,0,0,0,0,0
A020,A033,0,0,0,0,0,0
A020,A034,0,0,0,0,0,0
A020,A035,0,0,0,0,0,0
A020,A036,0,0,0,0,0,0
A020,A037,0,0,0,0,0,0
A020,A038,0,0,0,0,1,1
A020,A039,0,0,0,0,0,0
A020,A040,0,0,0,0,0,0
A020,A041,0,0,0,0,0,0
A020,A042,0,0,0,0,0,0
A020,A043,0,0,0,0,0,0
A020,A044,0,0,0,0,0,0
A020,A045,0,0,0,0,0,0
A020,A046,0,0,0,0,0,0
A020,A047,0,0,0,0,0,0
A020,A048,0,0,0,0,0,0
A020,A049,0,0,0,0,0,0
A020,A050,0,0,0,0,0,0
A020,A051,0,0,0,0,0,0
A020,A052,0,0,0,0,0,0
A020,A053,0,0,0,0,0,0
A020,A054,0,0,0,0,0,0
A020,A055,0,0,0,0,0,0
A020,A056,0,0,0,0,0,0
A020,A057,0,0,0,0,0,0
A020,A058,0,0,0,0,0,0
A020,A059,0,0,0,0,0,0
A020,A060,0,0,0,0,0,0
A020,A061,0,0,0,0,0,0
A020,A062,0,0,0,0,0,0
A020,A063,0,0,0,0,0,0
A020,A064,0,0,0,0,0,0
A020,A065,0,0,0,0,0,0
A020,A066,0,0,0,0,0,0
A020,A067,0,0,0,0,0,0
A020,A068,0,0,0,0,0,0
A020,A069,0,0,0,0,0,0
A020,A070,0,0,0,0,0,0
A020,A071,0,0,0,0,0,0
A020,A072,0,0,0,0,0,0
A020,A073,0,0,0,0,0,0
A020,A074,0,0,0,0,0,0
A020,A075,0,0,0,0,0,0
A020,A076,0,0,0,0,0,0
A020,A077,0,0,0,0,0,0
A020,A078,0,0,0,0,0,0
A020,A079,0,0,0,0,0,0
A020,A080,0,0,0,0,0,0
A020,A081,0,0,0,0,0,0
A020,A082,0,0,0,0,0,0
A020,A083,0,0,0,0,0,0
A020,A084,0,0,0,0,0,0
A020,A085,0,0,0,0,0,0
A020,A086,0,0,0,0,0,0
A020,A087,0,0,0,0,0,0
A020,A088,0,0,0,0,0,0
A020,A089,0,0,0,0,0,0
A020,A090,0,0,0,0,0,0
A020,A091,0,0,0,0,0,0
A020,A092,0,0,0,0,0,0
A020,A093,0,0,0,0,0,0
A020,A094,0,0,0,0,0,0
A020,A095,0,0,0,0,0,0
A020,A096,0,0,0,0,0,0
A020,A097,0,0,0,0,0,0
A020,A098,0,0,0,0,0,0
A020,A099,0,0,0,0,0,0
A020,A100,0,0,0,0,0,0
A020,A101,0,0,0,0,0,0
A020,A102,0,0,0,0,0,0
A020,A103,0,0,0,0,0,0
A020,A104,0,0,1,0,0,1
A020,A105,0,0,0,0,0,0
A020,A106,0,0,0,0,0,0
A020,A107,0,0,0,0,0,0
A020,A108,0,0,0,0,0,0
A020,A109,0,0,0,0,0,0
A020,A110,0,0,0,0,0,0
A020,A111,0,0,0,0,0,0
A020,A112,0,0,0,0,0,0
A020,A113,0,0,0,0,0,0
A020,A114,0,0,0,0,0,0
A020,A115,0,0,0,0,0,0
A020,A116,0,0,0,0,0,0
A020,A117,0,0,0,0,0,0
A020,A118,0,0,0,0,0,0
A020,A119,0,0,0,0,0,0
A020,A120,0,0,0,0,0,0
A021,A001,0,0,0,0,0,0
A021,A002,0,0,0,0,0,0
A021,A003,0,0,0,0,0,0
A021,A004,0,0,0,0,0,0
A021,A005,0,0,0,0,0,0
A021,A006,0,0,0,0,0,0
A021,A007,0,0,0,0,0,0
A021,A008,0,0,0,0,0,0
A021,A009,0,0,0,0,0,0
A021,A010,0,0,0,0,0,0
A021,A011,0,0,0,0,0,0
A021,A012,0,0,0,0,0,0
A021,A013,0,0,0,0,0,0
A021,A014,0,0,0,0,0,0
A021,A015,0,0,0,0,0,0
A021,A016,0,0,0,0,0,0
A021,A017,0,0,0,0,0,0
A021,A018,0,0,0,0,0,0
A021,A019,0,0,0,0,0,0
A021,A020,0,0,0,0,0,0
A021,A021,486,0,0,11,0,497
A021,A022,0,0,1,0,0,1
A021,A023,0,0,0,0,0,0
A021,A024,0,0,0,0,0,0
A021,A025,0,0,0,0,0,0
A021,A026,0,0,0,0,0,0
A021,A027,0,0,0,0,0,0
A021,A028,0,0,0,0,0,0
A021,A029,0,0,0,0,0,0
A021,A030,0,0,0,0,0,0
A021,A031,0,0,0,0,0,0
A021,A032,0,0,0,0,0,0
A021,A033,0,0,0,0,0,0
A021,A034,0,0,0,0,0,0
A021,A035,0,0,0,0,0,0
A021,A036,0,0,0,0,0,0
A021,A037,0,0,0,0,0,0
A021,A038,0,0,0,0,0,0
A021,A039,0,0,0,0,0,0
A021,A040,0,0,0,0,0,0
A021,A041,0,0,0,0,0,0
A021,A042,0,0,0,0,0,0
A021,A043,0,0,0,0,0,0
A021,A044,0,0,0,0,0,0
A021,A045,0,0,0,0,0,0
A021,A046,0,0,0,0,0,0
A021,A047,0,0,0,0,0,0
A021,A048,0,0,0,0,0,0
A021,A049,0,0,0,0,0,0
A021,A050,0,0,0,0,0,0
A021,A051,0,0,0,0,0,0
A021,A052,0,0,0,0,0,0
A021,A053,0,0,0,0,0,0
A021,A054,0,0,0,0,0,0
A021,A055,0,0,0,0,0,0
A021,A056,0,0,0,0,0,0
A021,A057,0,0,0,0,0,0
A021,A058,0,0,0,0,0,0
A021,A059,0,0,0,0,0,0
A021,A060,0,0,0,0,0,0
A021,A061,0,0,0,0,0,0
A021,A062,0,0,0,0,1,1
A021,A063,0,0,0,0,0,0
A021,A064,0,0,0,0,0,0
A021,A065,0,0,0,0,0,0
A021,A066,0,0,0,0,0,0
A021,A067,0,0,0,0,0,0
A021,A068,0,1,0,0,0,1
A021,A069,0,0,0,0,0,0
A021,A070,0,0,0,0,0,0
A021,A071,0,0,0,0,0,0
A021,A072,0,0,0,0,0,0
A021,A073,0,0,0,0,0,0
A021,A074,0,0,0,0,0,0
A021,A075,0,0,0,0,0,0
A021,A076,0,0,0,0,0,0
A021,A077,0,0,0,0,0,0
A021,A078,0,0,0,0,0,0
A021,A079,0,0,0,0,0,0
A021,A080,0,0,0,0,0,0
A021,A081,0,0,0,0,0,0
A021,A082,0,0,0,0,0,0
A021,A083,0,0,0,0,0,0
A021,A084,0,0,0,0,0,0
A021,A085,0,0,0,0,0,0
A021,A086,0,0,0,0,0,0
A021,A087,0,0,0,0,0,0
A021,A088,0,0,0,0,1,1
A021,A089,0,0,0,0,0,0
A021,A090,0,0,0,0,0,0
A021,A091,0,0,0,0,0,0
A021,A092,0,0,0,0,0,0
A021,A093,0,0,0,0,0,0
A021,A094,0,0,0,0,0,0
A021,A095,0,0,0,0,0,0
A021,A096,0,0,0,0,0,0
A021,A097,0,0,0,0,0,0
A021,A098,0,0,0,0,0,0
A021,A099,0,0,0,0,0,0
A021,A100,0,0,0,0,0,0
A021,A101,0,0,0,0,0,0
A021,A102,0,0,0,0,0,0
A021,A103,0,0,0,0,1,1
A021,A104,0,0,0,0,0,0
A021,A105,0,0,0,0,0,0
A021,A106,0,0,0,0,0,0
A021,A107,0,0,0,0,0,0
A021,A108,0,0,0,0,0,0
A021,A109,0,0,0,0,0,0
A021,A110,0,0,0,0,0,0
A021,A111,0,0,0,0,0,0
A021,A112,0,0,0,0,0,0
A021,A113,0,0,0,0,0,0
A021,A114,0,0,0,0,0,0
A021,A115,0,0,0,0,0,0
A021,A116,0,0,0,0,0,0
A021,A117,0,0,0,0,0,0
A021,A118,0,0,0,0,0,0
A021,A119,0,0,0,0,0,0
A021,A120,0,0,0,0,0,0
A022,A001,0,0,0,0,0,0
A022,A002,0,0,0,0,0,0
A022,A003,0,0,0,0,0,0
A022,A004,0,0,0,0,0,0
A022,A005,0,0,0,0,0,0
A022,A006,0,0,0,0,0,0
A022,A007,0,0,0,0,0,0
A022,A008,0,0,0,0,0,0
A022,A009,0,0,0,0,0,0
A022,A010,0,0,0,0,0,0
A022,A011,0,0,0,0,0,0
A022,A012,0,0,0,0,1,1
A022,A013,0,0,0,0,0,0
A022,A014,0,0,0,0,0,0
A022,A015,0,0,0,0,0,0
A022,A016,0,0,0,0,0,0
A022,A017,0,0,0,0,0,0
A022,A018,0,0,0,0,0,0
A022,A019,0,0,0,0,0,0
A022,A020,0,0,0,0,0,0
A022,A021,0,0,0,0,0,0
A022,A022,493,0,0,54,0,547
A022,A023,0,0,0,0,0,0
A022,A024,0,0,0,0,0,0
A022,A025,0,0,0,0,0,0
A022,A026,0,0,0,0,0,0
A022,A027,0,0,0,0,0,0
A022,A028,0,0,0,0,0,0
A022,A029,0,0,0,0,0,0
A022,A030,0,0,0,0,0,0
A022,A031,0,0,0,0,0,0
A022,A032,0,0,0,0,0,0
A022,A033,0,0,0,0,0,0
A022,A034,0,0,0,0,0,0
A022,A035,0,0,0,0,0,0
A022,A036,0,0,0,0,0,0
A022,A037,0,0,0,0,0,0
A022,A038,0,0,0,0,0,0
A022,A039,0,0,0,0,0,0
A022,A040,0,0,0,0,0,0
A022,A041,0,0,0,0,0,0
A022,A042,0,0,0,0,0,0
A022,A043,0,0,0,0,0,0
A022,A044,0,0,0,0,0,0
A022,A045,0,0,0,0,0,0
A022,A046,0,0,0,0,0,0
A022,A047,0,0,0,0,0,0
A022,A048,0,0,0,0,0,0
A022,A049,0,0,1,0,0,1
A022,A050,0,0,0,0,0,0
A022,A051,0,0,0,0,0,0
A022,A052,0,0,0,0,0,0
A022,A053,0,0,0,0,0,0
A022,A054,0,0,0,0,0,0
A022,A055,0,0,0,0,0,0
A022,A056,0,0,0,0,0,0
A022,A057,0,0,0,0,0,0
A022,A058,0,0,0,0,0,0
A022,A059,0,0,0,0,0,0
A022,A060,0,0,0,0,0,0
A022,A061,0,0,0,0,0,0
A022,A062,0,0,0,0,0,0
A022,A063,0,0,0,0,0,0
A022,A064,0,0,0,0,0,0
A022,A065,0,0,0,0,0,0
A022,A066,0,0,0,0,0,0
A022,A067,0,0,0,0,0,0
A022,A068,0,0,0,0,0,0
A022,A069,0,0,0,0,0,0
A022,A070,0,0,0,0,0,0
A022,A071,0,0,0,0,0,0
A022,A072,0,0,0,0,0,0
A022,A073,0,0,0,0,0,0
A022,A074,0,0,0,0,0,0
A022,A075,0,0,0,0,0,0
A022,A076,0,0,0,0,0,0
A022,A077,0,0,0,0,0,0
A022,A078,0,0,0,0,0,0
A022,A079,0,0,0,0,0,0
A022,A080,0,0,0,0,0,0
A022,A081,0,0,0,0,0,0
A022,A082,0,0,0,0,0,0
A022,A083,0,0,0,0,0,0
A022,A084,0,0,0,0,0,0
A022,A085,0,0,0,0,0,0
A022,A086,0,0,0,0,0,0
A022,A087,0,0,0,0,0,0
A022,A088,0,0,0,0,0,0
A022,A089,0,0,0,0,0,0
A022,A090,0,0,0,0,0,0
A022,A091,0,0,0,0,0,0
A022,A092,0,0,0,0,1,1
A022,A093,0,0,0,0,0,0
A022,A094,0,1,0,0,0,1
A022,A095,0,0,1,0,0,1
A022,A096,0,0,0,0,0,0
A022,A097,0,0,0,0,0,0
A022,A098,0,0,0,0,0,0
A022,A099,0,0,0,0,0,0
A022,A100,0,0,0,0,0,0
A022,A101,0,0,0,0,0,0
A022,A102,0,0,0,0,0,0
A022,A103,0,0,0,0,0,0
A022,A104,0,0,1,0,0,1
A022,A105,0,0,0,0,0,0
A022,A106,0,0,0,0,0,0
A022,A107,0,0,0,0,0,0
A022,A108,0,0,0,0,0,0
A022,A109,0,0,0,0,0,0
A022,A110,0,0,0,0,0,0
A022,A111,0,0,0,0,0,0
A022,A112,0,0,0,0,0,0
A022,A113,0,0,0,0,0,0
A022,A114,0,0,0,0,0,0
A022,A115,0,0,0,0,0,0
A022,A116,0,0,0,0,0,0
A022,A117,0,0,0,0,0,0
A022,A118,0,0,0,0,0,0
A022,A119,0,0,0,0,0,0
A022,A120,0,0,0,0,0,0
A023,A001,0,0,0,0,0,0
A023,A002,0,0,0,0,0,0
A023,A003,0,0,0,0,0,0
A023,A004,0,0,0,0,0,0
A023,A005,0,0,0,0,0,0
A023,A006,0,0,0,0,0,0
A023,A007,0,0,0,0,0,0
A023,A008,0,0,0,0,0,0
A023,A009,0,0,0,0,0,0
A023,A010,0,0,0,0,0,0
A023,A011,0,0,0,0,0,0
A023,A012,0,0,0,0,0,0
A023,A013,0,0,0,0,0,0
A023,A014,0,0,0,0,0,0
A023,A015,0,0,0,0,0,0
A023,A016,0,0,0,0,0,0
A023,A017,0,0,0,0,0,0
A023,A018,0,0,0,0,0,0
A023,A019,0,0,0,0,0,0
A023,A020,0,0,0,0,0,0
A023,A021,0,0,0,0,0,0
A023,A022,0,1,0,0,0,1
A023,A023,467,0,0,13,0,480
A023,A024,0,0,0,0,0,0
A023,A025,0,0,0,0,0,0
A023,A026,0,0,0,0,0,0
A023,A027,0,0,0,0,0,0
A023,A028,0,0,0,0,0,0
A023,A029,0,0,0,0,0,0
A023,A030,0,0,0,0,0,0
A023,A031,0,0,0,0,0,0
A023,A032,0,0,0,0,0,0
A023,A033,0,0,0,0,0,0
A023,A034,0,0,0,0,0,0
A023,A035,0,0,0,0,0,0
A023,A036,0,0,0,0,0,0
A023,A037,0,0,0,0,0,0
A023,A038,0,0,0,0,0,0
A023,A039,0,0,0,0,0,0
A023,A040,0,0,0,0,0,0
A023,A041,0,0,0,0,0,0
A023,A042,0,0,0,0,0,0
A023,A043,0,0,0,0,0,0
A023,A044,0,0,0,0,0,0
A023,A045,0,0,0,0,0,0
A023,A046,0,0,0,0,0,0
A023,A047,0,0,0,0,0,0
A023,A048,0,0,0,0,0,0
A023,A049,0,1,0,0,0,1
A023,A050,0,0,0,0,0,0
A023,A051,0,0,0,0,0,0
A023,A052,0,0,0,0,0,0
A023,A053,0,0,0,0,0,0
A023,A054,0,0,0,0,0,0
A023,A055,0,0,0,0,0,0
A023,A056,0,0,0,0,0,0
A023,A057,0,0,0,0,0,0
A023,A058,0,0,0,0,0,0
A023,A059,0,0,0,0,0,0
A023,A060,0,0,0,0,0,0
A023,A061,0,0,0,0,0,0
A023,A062,0,0,0,0,0,0
A023,A063,0,0,0,0,0,0
A023,A064,0,0,0,0,0,0
A023,A065,0,0,0,0,0,0
A023,A066,0,0,0,0,0,0
A023,A067,0,0,0,0,0,0
A023,A068,0,0,0,0,0,0
A023,A069,0,0,0,0,0,0
A023,A070,0,0,0,0,0,0
A023,A071,0,0,0,0,0,0
A023,A072,0,0,0,0,0,0
A023,A073,0,0,0,0,0,0
A023,A074,0,0,0,0,0,0
A023,A075,0,0,0,0,0,0
A023,A076,0,0,0,0,0,0
A023,A077,0,0,0,0,0,0
A023,A078,0,0,0,0,0,0
A023,A079,0,0,0,0,0,0
A023,A080,0,0,0,0,0,0
A023,A081,0,0,0,0,0,0
A023,A082,0,0,0,0,0,0
A023,A083,0,0,0,0,0,0
A023,A084,0,0,0,0,0,0
A023,A085,0,0,0,0,0,0
A023,A086,0,0,0,0,0,0
A023,A087,0,0,0,0,0,0
A023,A088,0,0,0,0,0,0
A023,A089,0,0,0,0,0,0
A023,A090,0,0,0,0,0,0
A023,A091,0,0,0,0,0,0
A023,A092,0,0,0,0,0,0
A023,A093,0,0,0,0,0,0
A023,A094,0,0,0,0,0,0
A023,A095,0,0,0,0,0,0
A023,A096,0,0,0,0,0,0
A023,A097,0,0,0,0,0,0
A023,A098,0,0,0,0,0,0
A023,A099,0,0,0,0,0,0
A023,A100,0,0,0,0,0,0
A023,A101,0,0,0,0,0,0
A023,A102,0,0,0,0,0,0
A023,A103,0,0,0,0,0,0
A023,A104,0,0,0,0,0,0
A023,A105,0,0,0,0,0,0
A023,A106,0,0,0,0,0,0
A023,A107,0,0,0,0,0,0
A023,A108,0,0,0,0,0,0
A023,A109,0,0,0,0,0,0
A023,A110,0,0,0,0,0,0
A023,A111,0,0,0,0,0,0
A023,A112,0,0,0,0,0,0
A023,A113,0,0,0,0,0,0
A023,A114,0,0,0,0,0,0
A023,A115,0,0,0,0,0,0
A023,A116,0,0,0,0,0,0
A023,A117,0,0,0,0,0,0
A023,A118,0,0,0,0,0,0
A023,A119,0,0,0,0,0,0
A023,A120,0,0,0,0,0,0
A024,A001,0,0,0,0,0,0
A024,A002,0,0,0,0,0,0
A024,A003,0,0,0,0,0,0
A024,A004,0,0,0,0,0,0
A024,A005,0,0,0,0,0,0
A024,A006,0,0,0,0,0,0
A024,A007,0,0,0,0,0,0
A024,A008,0,0,0,0,0,0
A024,A009,0,0,0,0,0,0
A024,A010,0,0,0,0,0,0
A024,A011,0,0,0,0,0,0
A024,A012,0,0,0,0,0,0
A024,A013,0,0,0,0,0,0
A024,A014,0,0,0,0,0,0
A024,A015,0,0,0,0,0,0
A024,A016,0,0,0,0,0,0
A024,A017,0,1,0,0,0,1
A024,A018,0,0,0,0,0,0
A024,A019,0,0,0,0,0,0
A024,A020,0,0,0,0,0,0
A024,A021,0,0,0,0,0,0
A024,A022,0,0,0,0,0,0
A024,A023,0,0,0,0,0,0
A024,A024,470,0,0,24,0,494
A024,A025,0,0,0,0,0,0
A024,A026,0,1,0,0,0,1
A024,A027,0,0,0,0,0,0
A024,A028,0,0,0,0,0,0
A024,A029,0,0,0,0,0,0
A024,A030,0,0,0,0,0,0
A024,A031,0,0,0,0,0,0
A024,A032,0,0,0,0,0,0
A024,A033,0,0,0,0,0,0
A024,A034,0,0,0,0,0,0
A024,A035,0,0,0,0,0,0
A024,A036,0,0,0,0,0,0
A024,A037,0,0,0,0,0,0
A024,A038,0,0,0,0,0,0
A024,A039,0,0,0,0,0,0
A024,A040,0,0,0,0,0,0
A024,A041,0,0,0,0,0,0
A024,A042,0,1,0,0,0,1
A024,A043,0,0,0,0,0,0
A024,A044,0,0,0,0,0,0
A024,A045,0,0,0,0,0,0
A024,A046,0,0,0,0,0,0
A024,A047,0,0,0,0,0,0
A024,A048,0,0,0,0,0,0
A024,A049,0,0,0,0,0,0
A024,A050,0,0,0,0,0,0
A024,A051,0,1,0,0,0,1
A024,A052,0,0,0,0,0,0
A024,A053,0,0,0,0,0,0
A024,A054,0,0,0,0,0,0
A024,A055,0,0,0,0,0,0
A024,A056,0,0,0,0,0,0
A024,A057,0,0,0,0,0,0
A024,A058,0,0,0,0,0,0
A024,A059,0,0,0,0,0,0
A024,A060,0,0,0,0,0,0
A024,A061,0,0,0,0,0,0
A024,A062,0,0,0,0,0,0
A024,A063,0,0,0,0,0,0
A024,A064,0,0,0,0,0,0
A024,A065,0,0,0,0,0,0
A024,A066,0,0,0,0,0,0
A024,A067,0,0,0,0,0,0
A024,A068,0,0,0,0,0,0
A024,A069,0,0,0,0,0,0
A024,A070,0,0,0,0,0,0
A024,A071,0,0,0,0,0,0
A024,A072,0,0,0,0,0,0
A024,A073,0,0,0,0,0,0
A024,A074,0,0,0,0,0,0
A024,A075,0,0,0,0,0,0
A024,A076,0,0,0,0,0,0
A024,A077,0,0,0,0,0,0
A024,A078,0,0,0,0,0,0
A024,A079,0,0,0,0,0,0
A024,A080,0,0,0,0,0,0
A024,A081,0,0,0,0,0,0
A024,A082,0,0,0,0,0,0
A024,A083,0,0,0,0,0,0
A024,A084,0,0,0,0,0,0
A024,A085,0,0,0,0,0,0
A024,A086,0,0,0,0,0,0
A024,A087,0,0,0,0,0,0
A024,A088,0,0,0,0,0,0
A024,A089,0,0,0,0,0,0
A024,A090,0,0,0,0,0,0
A024,A091,0,0,0,0,0,0
A024,A092,0,0,0,0,0,0
A024,A093,0,0,0,0,0,0
A024,A094,0,0,0,0,0,0
A024,A095,0,0,0,0,0,0
A024,A096,0,0,0,0,0,0
A024,A097,0,0,0,0,0,0
A024,A098,0,0,0,0,0,0
A024,A099,0,0,0,0,0,0
A024,A100,0,1,0,0,0,1
A024,A101,0,0,0,0,0,0
A024,A102,0,0,0,0,0,0
A024,A103,0,0,0,0,0,0
A024,A104,0,0,0,0,0,0
A024,A105,0,0,0,0,0,0
A024,A106,0,0,0,0,0,0
A024,A107,0,0,0,0,0,0
A024,A108,0,0,0,0,0,0
A024,A109,0,0,0,0,0,0
A024,A110,0,0,0,0,0,0
A024,A111,0,0,0,0,0,0
A024,A112,0,0,0,0,0,0
A024,A113,0,0,0,0,0,0
A024,A114,0,0,0,0,0,0
A024,A115,0,0,0,0,0,0
A024,A116,0,0,0,0,0,0
A024,A117,0,0,0,0,0,0
A024,A118,0,0,0,0,0,0
A024,A119,0,0,0,0,0,0
A024,A120,0,0,0,0,0,0
A025,A001,0,0,0,0,0,0
A025,A002,0,0,0,0,0,0
A025,A003,0,0,0,0,1,1
A025,A004,0,0,0,0,0,0
A025,A005,0,0,0,0,0,0
A025,A006,0,0,0,0,0,0
A025,A007,0,0,0,0,0,0
A025,A008,0,0,0,0,0,0
A025,A009,0,0,0,0,0,0
A025,A010,0,0,0,0,0,0
A025,A011,0,0,0,0,0,0
A025,A012,0,0,0,0,0,0
A025,A013,0,0,0,0,0,0
A025,A014,0,0,0,0,0,0
A025,A015,0,0,0,0,0,0
A025,A016,0,0,0,0,0,0
A025,A017,0,0,0,0,0,0
A025,A018,0,0,0,0,0,0
A025,A019,0,0,0,0,0,0
A025,A020,0,0,0,0,0,0
A025,A021,0,0,0,0,0,0
A025,A022,0,0,0,0,0,0
A025,A023,0,0,0,0,0,0
A025,A024,0,0,0,0,0,0
A025,A025,466,0,0,45,0,511
A025,A026,0,0,0,0,0,0
A025,A027,0,0,0,0,0,0
A025,A028,0,0,0,0,0,0
A025,A029,0,0,0,0,0,0
A025,A030,0,0,0,0,0,0
A025,A031,0,0,0,0,0,0
A025,A032,0,0,0,0,0,0
A025,A033,0,0,0,0,0,0
A025,A034,0,0,0,0,0,0
A025,A035,0,0,0,0,0,0
A025,A036,0,1,0,0,0,1
A025,A037,0,0,0,0,0,0
A025,A038,0,0,0,0,0,0
A025,A039,0,0,0,0,0,0
A025,A040,0,0,0,0,0,0
A025,A041,0,0,0,0,0,0
A025,A042,0,0,0,0,0,0
A025,A043,0,0,0,0,0,0
A025,A044,0,0,0,0,0,0
A025,A045,0,0,0,0,1,1
A025,A046,0,3,0,0,0,3
A025,A047,0,0,0,0,0,0
A025,A048,0,0,0,0,0,0
A025,A049,0,0,0,0,0,0
A025,A050,0,0,0,0,0,0
A025,A051,0,0,0,0,0,0
A025,A052,0,0,0,0,0,0
A025,A053,0,0,0,0,0,0
A025,A054,0,0,0,0,0,0
A025,A055,0,0,0,0,0,0
A025,A056,0,0,0,0,0,0
A025,A057,0,0,0,0,0,0
A025,A058,0,0,0,0,0,0
A025,A059,0,0,0,0,0,0
A025,A060,0,0,0,0,0,0
A025,A061,0,0,0,0,0,0
A025,A062,0,0,0,0,0,0
A025,A063,0,0,0,0,0,0
A025,A064,0,0,0,0,0,0
A025,A065,0,0,0,0,0,0
A025,A066,0,0,0,0,0,0
A025,A067,0,0,0,0,0,0
A025,A068,0,0,0,0,0,0
A025,A069,0,0,0,0,0,0
A025,A070,0,0,0,0,0,0
A025,A071,0,0,0,0,0,0
A025,A072,0,0,0,0,0,0
A025,A073,0,0,0,0,0,0
A025,A074,0,0,0,0,0,0
A025,A075,0,0,0,0,0,0
A025,A076,0,0,0,0,0,0
A025,A077,0,0,0,0,0,0
A025,A078,0,0,0,0,0,0
A025,A079,0,0,0,0,0,0
A025,A080,0,0,0,0,0,0
A025,A081,0,0,0,0,0,0
A025,A082,0,0,0,0,0,0
A025,A083,0,0,0,0,0,0
A025,A084,0,0,0,0,0,0
A025,A085,0,0,0,0,0,0
A025,A086,0,0,0,0,0,0
A025,A087,0,0,0,0,0,0
A025,A088,0,0,0,0,0,0
A025,A089,0,0,0,0,0,0
A025,A090,0,0,0,0,0,0
A025,A091,0,0,1,0,0,1
A025,A092,0,0,0,0,0,0
A025,A093,0,0,0,0,0,0
A025,A094,0,0,0,0,0,0
A025,A095,0,0,0,0,0,0
A025,A096,0,0,0,0,0,0
A025,A097,0,0,0,0,0,0
A025,A098,0,0,0,0,0,0
A025,A099,0,0,0,0,0,0
A025,A100,0,0,0,0,0,0
A025,A101,0,0,0,0,0,0
A025,A102,0,0,0,0,0,0
A025,A103,0,0,0,0,0,0
A025,A104,0,0,0,0,0,0
A025,A105,0,0,0,0,0,0
A025,A106,0,0,0,0,0,0
A025,A107,0,0,0,0,0,0
A025,A108,0,0,0,0,0,0
A025,A109,0,0,0,0,0,0
A025,A110,0,0,0,0,0,0
A025,A111,0,0,0,0,0,0
A025,A112,0,0,0,0,0,0
A025,A113,0,0,0,0,0,0
A025,A114,0,0,0,0,0,0
A025,A115,0,0,0,0,0,0
A025,A116,0,0,0,0,0,0
A025,A117,0,0,0,0,0,0
A025,A118,0,0,0,0,0,0
A025,A119,0,0,0,0,0,0
A025,A120,0,0,0,0,0,0
A026,A001,0,0,0,0,0,0
A026,A002,0,0,0,0,0,0
A026,A003,0,0,0,0,0,0
A026,A004,0,0,0,0,0,0
A026,A005,0,0,0,0,0,0
A026,A006,0,0,0,0,0,0
A026,A007,0,0,0,0,0,0
A026,A008,0,0,0,0,0,0
A026,A009,0,0,0,0,0,0
A026,A010,0,0,0,0,0,0
A026,A011,0,0,0,0,0,0
A026,A012,0,0,0,0,0,0
A026,A013,0,0,0,0,0,0
A026,A014,0,0,0,0,0,0
A026,A015,0,0,0,0,0,0
A026,A016,0,0,0,0,0,0
A026,A017,0,0,0,0,0,0
A026,A018,0,0,0,0,0,0
A026,A019,0,0,0,0,0,0
A026,A020,0,0,0,0,0,0
A026,A021,0,0,0,0,0,0
A026,A022,0,0,0,0,0,0
A026,A023,0,0,0,0,0,0
A026,A024,0,0,0,0,0,0
A026,A025,0,0,0,0,0,0
A026,A026,500,0,0,7,0,507
A026,A027,0,0,0,0,0,0
A026,A028,0,0,0,0,0,0
A026,A029,0,0,0,0,0,0
A026,A030,0,0,0,0,0,0
A026,A031,0,0,0,0,0,0
A026,A032,0,0,0,0,0,0
A026,A033,0,0,0,0,0,0
A026,A034,0,0,0,0,0,0
A026,A035,0,0,0,0,0,0
A026,A036,0,0,0,0,1,1
A026,A037,0,0,0,0,0,0
A026,A038,0,0,0,0,0,0
A026,A039,0,0,0,0,0,0
A026,A040,0,0,0,0,0,0
A026,A041,0,0,0,0,0,0
A026,A042,0,0,0,0,0,0
A026,A043,0,0,0,0,0,0
A026,A044,0,0,0,0,0,0
A026,A045,0,0,0,0,0,0
A026,A046,0,0,0,0,0,0
A026,A047,0,0,0,0,0,0
A026,A048,0,0,0,0,0,0
A026,A049,0,0,0,0,0,0
A026,A050,0,0,0,0,0,0
A026,A051,0,0,0,0,0,0
A026,A052,0,0,0,0,0,0
A026,A053,0,0,0,0,0,0
A026,A054,0,0,0,0,0,0
A026,A055,0,0,0,0,0,0
A026,A056,0,0,0,0,0,0
A026,A057,0,0,0,0,0,0
A026,A058,0,0,0,0,0,0
A026,A059,0,0,0,0,0,0
A026,A060,0,0,0,0,0,0
A026,A061,0,0,0,0,0,0
A026,A062,0,0,0,0,0,0
A026,A063,0,0,0,0,0,0
A026,A064,0,0,0,0,0,0
A026,A065,0,0,0,0,0,0
A026,A066,0,0,0,0,0,0
A026,A067,0,0,0,0,0,0
A026,A068,0,0,0,0,0,0
A026,A069,0,0,0,0,0,0
A026,A070,0,0,0,0,0,0
A026,A071,0,0,0,0,0,0
A026,A072,0,0,0,0,0,0
A026,A073,0,0,0,0,0,0
A026,A074,0,0,0,0,0,0
A026,A075,0,0,0,0,0,0
A026,A076,0,0,0,0,0,0
A026,A077,0,0,0,0,0,0
A026,A078,0,0,0,0,0,0
A026,A079,0,0,0,0,0,0
A026,A080,0,0,0,0,0,0
A026,A081,0,0,0,0,0,0
A026,A082,0,0,0,0,0,0
A026,A083,0,0,0,0,0,0
A026,A084,0,0,0,0,0,0
A026,A085,0,0,0,0,0,0
A026,A086,0,0,0,0,0,0
A026,A087,0,0,0,0,0,0
A026,A088,0,0,0,0,0,0
A026,A089,0,0,0,0,0,0
A026,A090,0,0,0,0,0,0
A026,A091,0,0,0,0,0,0
A026,A092,0,0,0,0,0,0
A026,A093,0,0,0,0,0,0
A026,A094,0,0,0,0,0,0
A026,A095,0,0,0,0,0,0
A026,A096,0,0,0,0,0,0
A026,A097,0,0,0,0,0,0
A026,A098,0,0,0,0,0,0
A026,A099,0,0,1,0,0,1
A026,A100,0,0,0,0,0,0
A026,A101,0,0,0,0,0,0
A026,A102,0,0,0,0,0,0
A026,A103,0,0,0,0,0,0
A026,A104,0,0,0,0,0,0
A026,A105,0,0,0,0,0,0
A026,A106,0,0,0,0,0,0
A026,A107,0,0,0,0,0,0
A026,A108,0,0,0,0,0,0
A026,A109,0,0,0,0,0,0
A026,A110,0,0,0,0,0,0
A026,A111,0,0,0,0,0,0
A026,A112,0,0,0,0,0,0
A026,A113,0,0,0,0,0,0
A026,A114,0,0,0,0,0,0
A026,A115,0,0,0,0,0,0
A026,A116,0,0,0,0,0,0
A026,A117,0,0,0,0,0,0
A026,A118,0,0,0,0,0,0
A026,A119,0,0,0,0,0,0
A026,A120,0,0,0,0,0,0
A027,A001,0,0,0,0,0,0
A027,A002,0,0,0,0,0,0
A027,A003,0,0,0,0,0,0
A027,A004,0,0,0,0,0,0
A027,A005,0,0,0,0,0,0
A027,A006,0,0,0,0,0,0
A027,A007,0,0,0,0,1,1
A027,A008,0,0,0,0,0,0
A027,A009,0,0,0,0,0,0
A027,A010,0,0,0,0,0,0
A027,A011,0,0,0,0,0,0
A027,A012,0,0,0,0,0,0
A027,A013,0,0,0,0,0,0
A027,A014,0,0,0,0,0,0
A027,A015,0,0,0,0,0,0
A027,A016,0,0,0,0,0,0
A027,A017,0,0,0,0,0,0
A027,A018,0,0,0,0,0,0
A027,A019,0,0,0,0,0,0
A027,A020,0,0,0,0,0,0
A027,A021,0,0,0,0,0,0
A027,A022,0,0,0,0,0,0
A027,A023,0,0,0,0,0,0
A027,A024,0,0,0,0,0,0
A027,A025,0,0,0,0,0,0
A027,A026,0,0,0,0,0,0
A027,A027,500,0,0,3,0,503
A027,A028,0,0,0,0,0,0
A027,A029,0,0,0,0,0,0
A027,A030,0,0,0,0,0,0
A027,A031,0,0,0,0,0,0
A027,A032,0,0,0,0,0,0
A027,A033,0,0,0,0,0,0
A027,A034,0,0,0,0,0,0
A027,A035,0,0,0,0,0,0
A027,A036,0,0,0,0,0,0
A027,A037,0,0,0,0,0,0
A027,A038,0,0,0,0,0,0
A027,A039,0,0,0,0,0,0
A027,A040,0,0,0,0,0,0
A027,A041,0,0,0,0,0,0
A027,A042,0,0,0,0,0,0
A027,A043,0,0,0,0,0,0
A027,A044,0,0,0,0,0,0
A027,A045,0,0,0,0,0,0
A027,A046,0,0,0,0,0,0
A027,A047,0,0,0,0,0,0
A027,A048,0,0,0,0,0,0
A027,A049,0,0,0,0,0,0
A027,A050,0,0,0,0,0,0
A027,A051,0,0,0,0,0,0
A027,A052,0,0,0,0,0,0
A027,A053,0,0,0,0,0,0
A027,A054,0,0,0,0,0,0
A027,A055,0,0,0,0,0,0
A027,A056,0,0,0,0,0,0
A027,A057,0,0,0,0,0,0
A027,A058,0,0,0,0,0,0
A027,A059,0,0,0,0,0,0
A027,A060,0,0,0,0,0,0
A027,A061,0,0,0,0,0,0
A027,A062,0,0,0,0,0,0
A027,A063,0,0,0,0,0,0
A027,A064,0,0,0,0,0,0
A027,A065,0,0,0,0,0,0
A027,A066,0,0,0,0,0,0
A027,A067,0,0,0,0,0,0
A027,A068,0,0,0,0,0,0
A027,A069,0,0,0,0,0,0
A027,A070,0,0,0,0,0,0
A027,A071,0,0,0,0,0,0
A027,A072,0,0,0,0,0,0
A027,A073,0,0,0,0,0,0
A027,A074,0,0,0,0,0,0
A027,A075,0,0,0,0,0,0
A027,A076,0,0,0,0,0,0
A027,A077,0,0,0,0,0,0
A027,A078,0,0,0,0,0,0
A027,A079,0,0,0,0,0,0
A027,A080,0,0,0,0,0,0
A027,A081,0,0,0,0,0,0
A027,A082,0,0,0,0,0,0
A027,A083,0,0,0,0,0,0
A027,A084,0,0,0,0,0,0
A027,A085,0,0,0,0,0,0
A027,A086,0,0,0,0,0,0
A027,A087,0,0,0,0,0,0
A027,A088,0,0,0,0,0,0
A027,A089,0,0,0,0,0,0
A027,A090,0,0,0,0,0,0
A027,A091,0,0,0,0,0,0
A027,A092,0,0,0,0,0,0
A027,A093,0,0,0,0,0,0
A027,A094,0,0,0,0,0,0
A027,A095,0,0,0,0,0,0
A027,A096,0,0,0,0,0,0
A027,A097,0,0,0,0,0,0
A027,A098,0,0,0,0,0,0
A027,A099,0,0,0,0,0,0
A027,A100,0,0,0,0,0,0
A027,A101,0,0,0,0,0,0
A027,A102,0,0,1,0,0,1
A027,A103,0,0,0,0,0,0
A027,A104,0,0,0,0,0,0
A027,A105,0,0,0,0,0,0
A027,A106,0,0,0,0,0,0
A027,A107,0,0,0,0,0,0
A027,A108,0,0,0,0,0,0
A027,A109,0,0,0,0,0,0
A027,A110,0,0,0,0,0,0
A027,A111,0,0,0,0,0,0
A027,A112,0,0,0,0,0,0
A027,A113,0,0,0,0,0,0
A027,A114,0,0,0,0,0,0
A027,A115,0,0,0,0,0,0
A027,A116,0,0,0,0,0,0
A027,A117,0,0,0,0,0,0
A027,A118,0,0,0,0,0,0
A027,A119,0,0,0,0,0,0
A027,A120,0,0,0,0,0,0
A028,A001,0,0,0,0,0,0
A028,A002,0,1,0,0,0,1
A028,A003,0,0,0,0,0,0
A028,A004,0,0,0,0,0,0
A028,A005,0,0,0,0,0,0
A028,A006,0,0,0,0,0,0
A028,A007,0,0,0,0,0,0
A028,A008,0,0,0,0,0,0
A028,A009,0,0,0,0,0,0
A028,A010,0,0,0,0,0,0
A028,A011,0,0,0,0,0,0
A028,A012,0,0,0,0,2,2
A028,A013,0,0,0,0,0,0
A028,A014,0,0,0,0,0,0
A028,A015,0,0,0,0,0,0
A028,A016,0,0,0,0,0,0
A028,A017,0,0,0,0,0,0
A028,A018,0,0,0,0,0,0
A028,A019,0,0,0,0,0,0
A028,A020,0,0,0,0,0,0
A028,A021,0,0,0,0,0,0
A028,A022,0,0,0,0,0,0
A028,A023,0,0,0,0,0,0
A028,A024,0,0,0,0,0,0
A028,A025,0,0,0,0,1,1
A028,A026,0,0,0,0,0,0
A028,A027,0,0,0,0,0,0
A028,A028,437,0,0,23,0,460
A028,A029,0,0,1,0,0,1
A028,A030,0,0,0,0,0,0
A028,A031,0,0,0,0,0,0
A028,A032,0,0,0,0,0,0
A028,A033,0,0,0,0,0,0
A028,A034,0,0,0,0,0,0
A028,A035,0,0,0,0,0,0
A028,A036,0,0,0,0,0,0
A028,A037,0,1,0,0,1,2
A028,A038,0,0,0,0,0,0
A028,A039,0,0,0,0,0,0
A028,A040,0,0,0,0,0,0
A028,A041,0,0,0,0,0,0
A028,A042,0,0,0,0,0,0
A028,A043,0,0,0,0,0,0
A028,A044,0,2,2,0,0,4
A028,A045,0,0,0,0,0,0
A028,A046,0,0,0,0,0,0
A028,A047,0,0,0,0,0,0
A028,A048,0,0,0,0,0,0
A028,A049,0,0,0,0,0,0
A028,A050,0,0,0,0,0,0
A028,A051,0,0,0,0,0,0
A028,A052,0,0,0,0,0,0
A028,A053,0,0,0,0,0,0
A028,A054,0,0,0,0,0,0
A028,A055,0,0,0,0,0,0
A028,A056,0,0,0,0,0,0
A028,A057,0,0,0,0,0,0
A028,A058,0,0,0,0,0,0
A028,A059,0,0,0,0,0,0
A028,A060,0,0,0,0,0,0
A028,A061,0,0,0,0,0,0
A028,A062,0,0,0,0,0,0
A028,A063,0,0,0,0,0,0
A028,A064,0,0,0,0,0,0
A028,A065,0,0,0,0,0,0
A028,A066,0,0,0,0,0,0
A028,A067,0,0,0,0,0,0
A028,A068,0,0,0,0,0,0
A028,A069,0,0,0,0,0,0
A028,A070,0,0,0,0,0,0
A028,A071,0,0,0,0,0,0
A028,A072,0,0,0,0,0,0
A028,A073,0,0,0,0,0,0
A028,A074,0,0,0,0,0,0
A028,A075,0,0,0,0,0,0
A028,A076,0,0,0,0,0,0
A028,A077,0,0,0,0,0,0
A028,A078,0,0,0,0,0,0
A028,A079,0,0,0,0,0,0
A028,A080,0,0,0,0,0,0
A028,A081,0,0,0,0,0,0
A028,A082,0,0,0,0,0,0
A028,A083,0,0,0,0,0,0
A028,A084,0,0,0,0,0,0
A028,A085,0,2,0,0,0,2
A028,A086,0,0,0,0,0,0
A028,A087,0,0,0,0,0,0
A028,A088,0,0,0,0,0,0
A028,A089,0,0,0,0,0,0
A028,A090,0,0,0,0,0,0
A028,A091,0,0,0,0,1,1
A028,A092,0,0,0,0,0,0
A028,A093,0,0,0,0,0,0
A028,A094,0,0,0,0,0,0
A028,A095,0,0,0,0,0,0
A028,A096,0,0,0,0,0,0
A028,A097,0,0,0,0,0,0
A028,A098,0,0,0,0,0,0
A028,A099,0,0,0,0,0,0
A028,A100,0,0,0,0,0,0
A028,A101,0,0,0,0,0,0
A028,A102,0,0,0,0,0,0
A028,A103,0,1,0,0,1,2
A028,A104,0,0,0,0,0,0
A028,A105,0,0,0,0,0,0
A028,A106,0,0,0,0,0,0
A028,A107,0,0,0,0,0,0
A028,A108,0,0,0,0,0,0
A028,A109,0,0,0,0,0,0
A028,A110,0,0,0,0,0,0
A028,A111,0,0,0,0,0,0
A028,A112,0,0,0,0,0,0
A028,A113,0,0,0,0,0,0
A028,A114,0,0,0,0,0,0
A028,A115,0,0,0,0,0,0
A028,A116,0,0,0,0,0,0
A028,A117,0,0,0,0,0,0
A028,A118,0,0,0,0,0,0
A028,A119,0,0,0,0,0,0
A028,A120,0,0,0,0,0,0
A029,A001,0,0,0,0,0,0
A029,A002,0,0,0,0,0,0
A029,A003,0,0,0,0,0,0
A029,A004,0,0,0,0,0,0
A029,A005,0,0,0,0,0,0
A029,A006,0,0,0,0,0,0
A029,A007,0,0,0,0,0,0
A029,A008,0,0,0,0,0,0
A029,A009,0,0,0,0,0,0
A029,A010,0,0,0,0,0,0
A029,A011,0,0,1,0,4,5
A029,A012,0,2,2,0,2,6
A029,A013,0,0,0,0,0,0
A029,A014,0,0,0,0,0,0
A029,A015,0,0,0,0,0,0
A029,A016,0,0,0,0,0,0
A029,A017,0,0,0,0,0,0
A029,A018,0,0,0,0,0,0
A029,A019,0,0,0,0,0,0
A029,A020,0,0,0,0,0,0
A029,A021,0,0,0,0,0,0
A029,A022,0,0,0,0,0,0
A029,A023,0,0,0,0,0,0
A029,A024,0,0,0,0,0,0
A029,A025,0,0,0,0,1,1
A029,A026,0,0,0,0,0,0
A029,A027,0,0,0,0,0,0
A029,A028,0,0,0,0,0,0
A029,A029,369,0,0,129,0,498
A029,A030,0,1,1,0,2,4
A029,A031,0,0,0,0,0,0
A029,A032,0,0,0,0,0,0
A029,A033,0,0,0,0,0,0
A029,A034,0,0,0,0,0,0
A029,A035,0,0,0,0,0,0
A029,A036,0,0,0,0,0,0
A029,A037,0,0,0,0,0,0
A029,A038,0,0,0,0,0,0
A029,A039,0,0,0,0,0,0
A029,A040,0,0,0,0,0,0
A029,A041,0,0,0,0,0,0
A029,A042,0,0,0,0,0,0
A029,A043,0,0,0,0,0,0
A029,A044,0,0,0,0,0,0
A029,A045,0,0,0,0,0,0
A029,A046,0,0,0,0,0,0
A029,A047,0,0,0,0,0,0
A029,A048,0,0,0,0,0,0
A029,A049,0,0,0,0,0,0
A029,A050,0,0,0,0,0,0
A029,A051,0,0,0,0,0,0
A029,A052,0,0,0,0,0,0
A029,A053,0,0,0,0,0,0
A029,A054,0,0,0,0,0,0
A029,A055,0,0,0,0,0,0
A029,A056,0,0,0,0,0,0
A029,A057,0,0,0,0,0,0
A029,A058,0,0,0,0,0,0
A029,A059,0,0,0,0,0,0
A029,A060,0,0,0,0,0,0
A029,A061,0,0,0,0,0,0
A029,A062,0,0,0,0,0,0
A029,A063,0,0,0,0,0,0
A029,A064,0,0,0,0,0,0
A029,A065,0,0,0,0,0,0
A029,A066,0,0,0,0,0,0
A029,A067,0,0,0,0,0,0
A029,A068,0,0,0,0,0,0
A029,A069,0,0,0,0,0,0
A029,A070,0,0,0,0,0,0
A029,A071,0,0,0,0,0,0
A029,A072,0,0,0,0,0,0
A029,A073,0,0,1,0,0,1
A029,A074,0,0,0,0,0,0
A029,A075,0,3,2,0,1,6
A029,A076,0,0,1,0,0,1
A029,A077,0,0,0,0,0,0
A029,A078,0,0,0,0,0,0
A029,A079,0,0,0,0,0,0
A029,A080,0,0,0,0,0,0
A029,A081,0,0,0,0,0,0
A029,A082,0,0,0,0,0,0
A029,A083,0,0,0,0,0,0
A029,A084,0,1,0,0,1,2
A029,A085,0,0,0,0,0,0
A029,A086,0,0,0,0,1,1
A029,A087,0,0,0,0,0,0
A029,A088,0,0,0,0,0,0
A029,A089,0,0,0,0,0,0
A029,A090,0,0,0,0,0,0
A029,A091,0,0,0,0,0,0
A029,A092,0,0,0,0,0,0
A029,A093,0,0,0,0,0,0
A029,A094,0,0,0,0,0,0
A029,A095,0,0,0,0,0,0
A029,A096,0,0,0,0,0,0
A029,A097,0,0,0,0,0,0
A029,A098,0,0,0,0,0,0
A029,A099,0,0,0,0,0,0
A029,A100,0,0,0,0,0,0
A029,A101,0,0,0,0,0,0
A029,A102,0,0,0,0,0,0
A029,A103,0,0,0,0,0,0
A029,A104,0,0,0,0,0,0
A029,A105,0,0,0,0,0,0
A029,A106,0,0,0,0,0,0
A029,A107,0,0,0,0,0,0
A029,A108,0,0,0,0,0,0
A029,A109,0,0,0,0,0,0
A029,A110,0,0,0,0,0,0
A029,A111,0,0,0,0,0,0
A029,A112,0,0,0,0,0,0
A029,A113,0,0,0,0,0,0
A029,A114,0,0,0,0,0,0
A029,A115,0,0,0,0,0,0
A029,A116,0,0,0,0,0,0
A029,A117,0,0,0,0,0,0
A029,A118,0,0,0,0,0,0
A029,A119,0,0,0,0,0,0
A029,A120,0,0,0,0,0,0
A030,A001,0,0,0,0,0,0
A030,A002,0,0,0,0,0,0
A030,A003,0,0,0,0,0,0
A030,A004,0,0,0,0,0,0
A030,A005,0,0,0,0,1,1
A030,A006,0,0,0,0,0,0
A030,A007,0,0,0,0,0,0
A030,A008,0,0,0,0,0,0
A030,A009,0,0,0,0,0,0
A030,A010,0,0,0,0,0,0
A030,A011,0,0,0,0,1,1
A030,A012,0,2,2,0,4,8
A030,A013,0,0,0,0,0,0
A030,A014,0,0,0,0,0,0
A030,A015,0,0,0,0,0,0
A030,A016,0,0,0,0,0,0
A030,A017,0,0,0,0,1,1
A030,A018,0,0,0,0,0,0
A030,A019,0,0,0,0,0,0
A030,A020,0,0,0,0,0,0
A030,A021,0,0,0,0,0,0
A030,A022,0,0,0,0,0,0
A030,A023,0,0,0,0,0,0
A030,A024,0,0,0,0,0,0
A030,A025,0,0,0,0,0,0
A030,A026,0,0,0,0,0,0
A030,A027,0,0,0,0,0,0
A030,A028,0,0,0,0,0,0
A030,A029,0,2,0,0,1,3
A030,A030,392,0,0,186,0,578
A030,A031,0,0,0,0,0,0
A030,A032,0,0,0,0,0,0
A030,A033,0,0,0,0,0,0
A030,A034,0,0,0,0,0,0
A030,A035,0,0,0,0,0,0
A030,A036,0,0,0,0,0,0
A030,A037,0,0,0,0,0,0
A030,A038,0,0,0,0,0,0
A030,A039,0,0,0,0,0,0
A030,A040,0,0,0,0,0,0
A030,A041,0,0,0,0,0,0
A030,A042,0,0,0,0,0,0
A030,A043,0,0,0,0,0,0
A030,A044,0,0,0,0,0,0
A030,A045,0,0,0,0,0,0
A030,A046,0,0,0,0,0,0
A030,A047,0,0,0,0,0,0
A030,A048,0,0,0,0,0,0
A030,A049,0,0,0,0,0,0
A030,A050,0,0,0,0,0,0
A030,A051,0,0,0,0,0,0
A030,A052,0,0,0,0,0,0
A030,A053,0,0,0,0,0,0
A030,A054,0,0,0,0,0,0
A030,A055,0,0,0,0,0,0
A030,A056,0,0,0,0,0,0
A030,A057,0,0,0,0,0,0
A030,A058,0,0,0,0,0,0
A030,A059,0,0,0,0,0,0
A030,A060,0,0,0,0,0,0
A030,A061,0,0,0,0,0,0
A030,A062,0,0,0,0,0,0
A030,A063,0,0,0,0,0,0
A030,A064,0,0,0,0,0,0
A030,A065,0,0,0,0,0,0
A030,A066,0,0,0,0,0,0
A030,A067,0,0,0,0,0,0
A030,A068,0,0,0,0,0,0
A030,A069,0,0,0,0,0,0
A030,A070,0,0,0,0,0,0
A030,A071,0,0,0,0,0,0
A030,A072,0,0,0,0,0,0
A030,A073,0,0,0,0,0,0
A030,A074,0,0,0,0,1,1
A030,A075,0,0,0,0,0,0
A030,A076,0,1,1,0,0,2
A030,A077,0,0,0,0,0,0
A030,A078,0,0,0,0,0,0
A030,A079,0,0,0,0,0,0
A030,A080,0,0,0,0,0,0
A030,A081,0,0,0,0,0,0
A030,A082,0,0,0,0,0,0
A030,A083,0,0,0,0,0,0
A030,A084,0,0,2,0,0,2
A030,A085,0,0,0,0,0,0
A030,A086,0,0,0,0,0,0
A030,A087,0,0,0,0,0,0
A030,A088,0,0,0,0,0,0
A030,A089,0,0,0,0,0,0
A030,A090,0,0,0,0,0,0
A030,A091,0,0,0,0,1,1
A030,A092,0,0,0,0,0,0
A030,A093,0,0,0,0,0,0
A030,A094,0,0,0,0,0,0
A030,A095,0,0,0,0,0,0
A030,A096,0,0,0,0,0,0
A030,A097,0,0,0,0,0,0
A030,A098,0,0,0,0,0,0
A030,A099,0,0,0,0,0,0
A030,A100,0,0,0,0,0,0
A030,A101,0,0,0,0,0,0
A030,A102,0,0,0,0,0,0
A030,A103,0,0,0,0,0,0
A030,A104,0,0,0,0,0,0
A030,A105,0,0,0,0,0,0
A030,A106,0,0,0,0,0,0
A030,A107,0,0,0,0,0,0
A030,A108,0,0,0,0,0,0
A030,A109,0,0,0,0,0,0
A030,A110,0,0,0,0,0,0
A030,A111,0,0,0,0,0,0
A030,A112,0,0,0,0,0,0
A030,A113,0,0,0,0,0,0
A030,A114,0,0,0,0,0,0
A030,A115,0,0,0,0,0,0
A030,A116,0,0,0,0,0,0
A030,A117,0,0,0,0,0,0
A030,A118,0,0,0,0,0,0
A030,A119,0,0,0,0,0,0
A030,A120,0,0,0,0,0,0
A031,A001,0,0,0,0,0,0
A031,A002,0,1,0,0,0,1
A031,A003,0,0,0,0,0,0
A031,A004,0,0,0,0,0,0
A031,A005,0,0,0,0,0,0
A031,A006,0,0,0,0,0,0
A031,A007,0,0,0,0,0,0
A031,A008,0,0,0,0,0,0
A031,A009,0,0,0,0,0,0
A031,A010,0,0,0,0,0,0
A031,A011,0,0,0,0,0,0
A031,A012,0,0,0,0,0,0
A031,A013,0,0,0,0,1,1
A031,A014,0,0,0,0,0,0
A031,A015,0,0,0,0,0,0
A031,A016,0,0,0,0,0,0
A031,A017,0,0,0,0,0,0
A031,A018,0,0,0,0,0,0
A031,A019,0,0,0,0,0,0
A031,A020,0,0,0,0,0,0
A031,A021,0,0,0,0,0,0
A031,A022,0,0,0,0,3,3
A031,A023,0,0,0,0,0,0
A031,A024,0,0,0,0,0,0
A031,A025,0,0,0,0,0,0
A031,A026,0,0,0,0,0,0
A031,A027,0,0,0,0,0,0
A031,A028,0,0,0,0,0,0
A031,A029,0,0,0,0,0,0
A031,A030,0,0,0,0,0,0
A031,A031,431,0,0,59,0,490
A031,A032,0,0,1,0,1,2
A031,A033,0,0,0,0,0,0
A031,A034,0,0,0,0,0,0
A031,A035,0,0,0,0,0,0
A031,A036,0,0,0,0,0,0
A031,A037,0,0,0,0,0,0
A031,A038,0,0,0,0,0,0
A031,A039,0,0,0,0,0,0
A031,A040,0,0,0,0,0,0
A031,A041,0,0,0,0,0,0
A031,A042,0,0,0,0,0,0
A031,A043,0,0,0,0,0,0
A031,A044,0,0,0,0,0,0
A031,A045,0,0,0,0,0,0
A031,A046,0,0,0,0,0,0
A031,A047,0,0,0,0,0,0
A031,A048,0,0,0,0,0,0
A031,A049,0,0,0,0,0,0
A031,A050,0,0,0,0,0,0
A031,A051,0,0,0,0,0,0
A031,A052,0,0,0,0,0,0
A031,A053,0,0,0,0,0,0
A031,A054,0,0,1,0,0,1
A031,A055,0,0,0,0,0,0
A031,A056,0,0,0,0,0,0
A031,A057,0,0,0,0,0,0
A031,A058,0,1,0,0,0,1
A031,A059,0,0,0,0,0,0
A031,A060,0,0,0,0,0,0
A031,A061,0,0,0,0,0,0
A031,A062,0,0,0,0,0,0
A031,A063,0,0,0,0,0,0
A031,A064,0,0,0,0,0,0
A031,A065,0,0,0,0,0,0
A031,A066,0,0,0,0,0,0
A031,A067,0,0,0,0,0,0
A031,A068,0,0,0,0,0,0
A031,A069,0,1,1,0,0,2
A031,A070,0,1,1,0,1,3
A031,A071,0,0,0,0,1,1
A031,A072,0,0,0,0,0,0
A031,A073,0,0,0,0,0,0
A031,A074,0,0,0,0,0,0
A031,A075,0,0,0,0,0,0
A031,A076,0,0,0,0,0,0
A031,A077,0,0,0,0,0,0
A031,A078,0,0,0,0,0,0
A031,A079,0,0,0,0,0,0
A031,A080,0,0,0,0,0,0
A031,A081,0,0,0,0,0,0
A031,A082,0,0,0,0,0,0
A031,A083,0,0,0,0,0,0
A031,A084,0,0,0,0,0,0
A031,A085,0,0,0,0,0,0
A031,A086,0,0,0,0,0,0
A031,A087,0,0,0,0,0,0
A031,A088,0,0,0,0,0,0
A031,A089,0,1,0,0,0,1
A031,A090,0,0,0,0,0,0
A031,A091,0,0,0,0,0,0
A031,A092,0,0,0,0,0,0
A031,A093,0,0,0,0,0,0
A031,A094,0,0,0,0,0,0
A031,A095,0,0,0,0,0,0
A031,A096,0,0,0,0,0,0
A031,A097,0,0,0,0,0,0
A031,A098,0,0,0,0,0,0
A031,A099,0,0,0,0,0,0
A031,A100,0,0,0,0,0,0
A031,A101,0,0,0,0,0,0
A031,A102,0,0,0,0,0,0
A031,A103,0,0,0,0,0,0
A031,A104,0,0,0,0,0,0
A031,A105,0,0,0,0,0,0
A031,A106,0,0,0,0,0,0
A031,A107,0,0,0,0,0,0
A031,A108,0,0,0,0,0,0
A031,A109,0,0,0,0,0,0
A031,A110,0,0,0,0,0,0
A031,A111,0,0,0,0,0,0
A031,A112,0,0,0,0,0,0
A031,A113,0,0,0,0,0,0
A031,A114,0,0,0,0,0,0
A031,A115,0,0,0,0,0,0
A031,A116,0,0,0,0,0,0
A031,A117,0,0,0,0,0,0
A031,A118,0,0,0,0,0,0
A031,A119,0,0,0,0,0,0
A031,A120,0,0,0,0,0,0
A032,A001,0,0,0,0,1,1
A032,A002,0,0,1,0,0,1
A032,A003,0,0,0,0,0,0
A032,A004,0,0,0,0,0,0
A032,A005,0,0,0,0,0,0
A032,A006,0,0,0,0,0,0
A032,A007,0,0,0,0,0,0
A032,A008,0,0,0,0,0,0
A032,A009,0,0,0,0,0,0
A032,A010,0,0,0,0,0,0
A032,A011,0,0,0,0,1,1
A032,A012,0,0,0,0,0,0
A032,A013,0,0,0,0,1,1
A032,A014,0,0,0,0,0,0
A032,A015,0,0,0,0,0,0
A032,A016,0,0,0,0,0,0
A032,A017,0,0,0,0,0,0
A032,A018,0,0,0,0,0,0
A032,A019,0,0,0,0,0,0
A032,A020,0,0,0,0,0,0
A032,A021,0,0,0,0,0,0
A032,A022,0,0,0,0,1,1
A032,A023,0,0,0,0,0,0
A032,A024,0,0,0,0,0,0
A032,A025,0,0,0,0,0,0
A032,A026,0,0,0,0,0,0
A032,A027,0,0,0,0,0,0
A032,A028,0,0,0,0,0,0
A032,A029,0,0,0,0,0,0
A032,A030,0,0,0,0,0,0
A032,A031,0,1,4,0,0,5
A032,A032,457,0,0,22,0,479
A032,A033,0,0,0,0,0,0
A032,A034,0,0,0,0,0,0
A032,A035,0,0,0,0,0,0
A032,A036,0,0,0,0,0,0
A032,A037,0,0,0,0,0,0
A032,A038,0,0,0,0,0,0
A032,A039,0,0,0,0,0,0
A032,A040,0,0,0,0,0,0
A032,A041,0,0,0,0,0,0
A032,A042,0,0,0,0,0,0
A032,A043,0,0,0,0,0,0
A032,A044,0,0,0,0,0,0
A032,A045,0,0,0,0,0,0
A032,A046,0,0,0,0,0,0
A032,A047,0,0,0,0,0,0
A032,A048,0,0,0,0,0,0
A032,A049,0,0,0,0,0,0
A032,A050,0,0,0,0,0,0
A032,A051,0,0,0,0,0,0
A032,A052,0,0,0,0,0,0
A032,A053,0,0,0,0,0,0
A032,A054,0,0,0,0,0,0
A032,A055,0,0,0,0,0,0
A032,A056,0,0,0,0,0,0
A032,A057,0,0,0,0,0,0
A032,A058,0,0,0,0,0,0
A032,A059,0,0,0,0,0,0
A032,A060,0,0,0,0,0,0
A032,A061,0,0,0,0,0,0
A032,A062,0,0,0,0,0,0
A032,A063,0,0,0,0,0,0
A032,A064,0,0,0,0,0,0
A032,A065,0,0,0,0,0,0
A032,A066,0,0,0,0,0,0
A032,A067,0,0,0,0,0,0
A032,A068,0,0,0,0,0,0
A032,A069,0,0,0,0,0,0
A032,A070,0,0,0,0,0,0
A032,A071,0,1,0,0,0,1
A032,A072,0,0,0,0,0,0
A032,A073,0,0,0,0,0,0
A032,A074,0,0,0,0,0,0
A032,A075,0,0,0,0,0,0
A032,A076,0,0,0,0,0,0
A032,A077,0,0,0,0,0,0
A032,A078,0,0,0,0,0,0
A032,A079,0,0,0,0,0,0
A032,A080,0,0,0,0,0,0
A032,A081,0,0,0,0,0,0
A032,A082,0,0,0,0,0,0
A032,A083,0,0,0,0,0,0
A032,A084,0,0,0,0,0,0
A032,A085,0,0,0,0,0,0
A032,A086,0,0,0,0,0,0
A032,A087,0,0,0,0,0,0
A032,A088,0,0,0,0,0,0
A032,A089,0,0,0,0,0,0
A032,A090,0,0,0,0,0,0
A032,A091,0,0,0,0,0,0
A032,A092,0,0,0,0,0,0
A032,A093,0,0,0,0,0,0
A032,A094,0,0,0,0,0,0
A032,A095,0,0,0,0,0,0
A032,A096,0,0,0,0,0,0
A032,A097,0,0,0,0,0,0
A032,A098,0,0,0,0,0,0
A032,A099,0,0,0,0,0,0
A032,A100,0,0,0,0,0,0
A032,A101,0,0,0,0,0,0
A032,A102,0,0,0,0,0,0
A032,A103,0,0,0,0,0,0
A032,A104,0,0,0,0,0,0
A032,A105,0,0,0,0,0,0
A032,A106,0,0,0,0,0,0
A032,A107,0,0,0,0,0,0
A032,A108,0,0,0,0,0,0
A032,A109,0,0,0,0,0,0
A032,A110,0,0,0,0,0,0
A032,A111,0,0,0,0,0,0
A032,A112,0,0,0,0,0,0
A032,A113,0,0,0,0,0,0
A032,A114,0,0,0,0,0,0
A032,A115,0,0,0,0,0,0
A032,A116,0,0,0,0,0,0
A032,A117,0,0,0,0,0,0
A032,A118,0,0,0,0,0,0
A032,A119,0,0,0,0,0,0
A032,A120,0,0,0,0,0,0
A033,A001,0,0,0,0,0,0
A033,A002,0,0,0,0,1,1
A033,A003,0,0,0,0,1,1
A033,A004,0,0,0,0,0,0
A033,A005,0,0,0,0,0,0
A033,A006,0,0,0,0,0,0
A033,A007,0,0,0,0,0,0
A033,A008,0,0,0,0,0,0
A033,A009,0,0,0,0,0,0
A033,A010,0,1,0,0,0,1
A033,A011,0,0,0,0,0,0
A033,A012,0,0,0,0,1,1
A033,A013,0,0,0,0,1,1
A033,A014,0,0,0,0,0,0
A033,A015,0,0,0,0,0,0
A033,A016,0,0,0,0,0,0
A033,A017,0,0,0,0,0,0
A033,A018,0,0,0,0,0,0
A033,A019,0,0,0,0,1,1
A033,A020,0,0,0,0,0,0
A033,A021,0,0,0,0,0,0
A033,A022,0,0,0,0,0,0
A033,A023,0,0,0,0,0,0
A033,A024,0,0,0,0,0,0
A033,A025,0,2,0,0,0,2
A033,A026,0,0,0,0,0,0
A033,A027,0,0,0,0,0,0
A033,A028,0,0,0,0,0,0
A033,A029,0,0,0,0,0,0
A033,A030,0,0,0,0,0,0
A033,A031,0,0,1,0,2,3
A033,A032,0,0,0,0,0,0
A033,A033,454,0,0,27,0,481
A033,A034,0,0,0,0,0,0
A033,A035,0,0,0,0,0,0
A033,A036,0,0,0,0,0,0
A033,A037,0,0,0,0,0,0
A033,A038,0,0,0,0,0,0
A033,A039,0,0,0,0,0,0
A033,A040,0,0,0,0,0,0
A033,A041,0,0,0,0,1,1
A033,A042,0,0,0,0,0,0
A033,A043,0,0,0,0,0,0
A033,A044,0,0,0,0,0,0
A033,A045,0,0,0,0,0,0
A033,A046,0,0,0,0,0,0
A033,A047,0,0,0,0,0,0
A033,A048,0,0,0,0,0,0
A033,A049,0,0,0,0,0,0
A033,A050,0,0,0,0,0,0
A033,A051,0,0,0,0,0,0
A033,A052,0,0,0,0,0,0
A033,A053,0,0,0,0,0,0
A033,A054,0,0,0,0,0,0
A033,A055,0,0,0,0,0,0
A033,A056,0,0,0,0,0,0
A033,A057,0,0,0,0,0,0
A033,A058,0,0,0,0,0,0
A033,A059,0,0,0,0,0,0
A033,A060,0,0,0,0,0,0
A033,A061,0,0,0,0,0,0
A033,A062,0,0,0,0,0,0
A033,A063,0,0,0,0,0,0
A033,A064,0,0,0,0,0,0
A033,A065,0,0,0,0,0,0
A033,A066,0,0,0,0,0,0
A033,A067,0,0,0,0,0,0
A033,A068,0,0,0,0,0,0
A033,A069,0,0,0,0,0,0
A033,A070,0,0,0,0,0,0
A033,A071,0,0,0,0,0,0
A033,A072,0,0,0,0,0,0
A033,A073,0,0,0,0,0,0
A033,A074,0,0,0,0,0,0
A033,A075,0,0,0,0,0,0
A033,A076,0,0,0,0,0,0
A033,A077,0,0,0,0,0,0
A033,A078,0,0,1,0,0,1
A033,A079,0,0,0,0,1,1
A033,A080,0,0,0,0,0,0
A033,A081,0,0,0,0,0,0
A033,A082,0,0,0,0,0,0
A033,A083,0,0,0,0,0,0
A033,A084,0,0,0,0,0,0
A033,A085,0,0,0,0,0,0
A033,A086,0,0,0,0,0,0
A033,A087,0,0,0,0,0,0
A033,A088,0,0,0,0,0,0
A033,A089,0,0,0,0,0,0
A033,A090,0,0,0,0,0,0
A033,A091,0,0,0,0,0,0
A033,A092,0,0,0,0,0,0
A033,A093,0,0,0,0,0,0
A033,A094,0,0,0,0,0,0
A033,A095,0,0,0,0,0,0
A033,A096,0,0,0,0,0,0
A033,A097,0,0,0,0,0,0
A033,A098,0,0,0,0,0,0
A033,A099,0,0,0,0,0,0
A033,A100,0,0,0,0,0,0
A033,A101,0,0,0,0,0,0
A033,A102,0,0,0,0,0,0
A033,A103,0,0,0,0,0,0
A033,A104,0,0,0,0,0,0
A033,A105,0,0,0,0,0,0
A033,A106,0,0,0,0,0,0
A033,A107,0,0,0,0,0,0
A033,A108,0,0,0,0,0,0
A033,A109,0,0,0,0,0,0
A033,A110,0,0,0,0,0,0
A033,A111,0,0,0,0,0,0
A033,A112,0,0,0,0,0,0
A033,A113,0,0,0,0,0,0
A033,A114,0,0,0,0,0,0
A033,A115,0,0,0,0,0,0
A033,A116,0,0,0,0,0,0
A033,A117,0,0,0,0,0,0
A033,A118,0,0,0,0,0,0
A033,A119,0,0,0,0,0,0
A033,A120,0,0,0,0,0,0
A034,A001,0,0,0,0,0,0
A034,A002,0,0,0,0,0,0
A034,A003,0,0,0,0,0,0
A034,A004,0,0,0,0,0,0
A034,A005,0,0,0,0,0,0
A034,A006,0,0,0,0,0,0
A034,A007,0,0,0,0,0,0
A034,A008,0,0,0,0,0,0
A034,A009,0,0,0,0,0,0
A034,A010,0,4,2,0,1,7
A034,A011,0,0,0,0,1,1
A034,A012,0,0,0,0,0,0
A034,A013,0,0,0,0,0,0
A034,A014,0,0,0,0,0,0
A034,A015,0,0,0,0,0,0
A034,A016,0,0,0,0,0,0
A034,A017,0,0,0,0,0,0
A034,A018,0,0,0,0,0,0
A034,A019,0,0,0,0,0,0
A034,A020,0,0,0,0,0,0
A034,A021,0,0,0,0,0,0
A034,A022,0,0,0,0,0,0
A034,A023,0,0,0,0,0,0
A034,A024,0,0,0,0,0,0
A034,A025,0,0,0,0,0,0
A034,A026,0,0,0,0,0,0
A034,A027,0,0,0,0,0,0
A034,A028,0,0,0,0,0,0
A034,A029,0,0,0,0,0,0
A034,A030,0,0,0,0,0,0
A034,A031,0,0,0,0,0,0
A034,A032,0,0,0,0,0,0
A034,A033,0,0,0,0,1,1
A034,A034,437,0,0,57,0,494
A034,A035,0,0,0,0,0,0
A034,A036,0,0,0,0,0,0
A034,A037,0,0,0,0,0,0
A034,A038,0,0,0,0,0,0
A034,A039,0,0,0,0,0,0
A034,A040,0,0,0,0,0,0
A034,A041,0,0,0,0,0,0
A034,A042,0,0,0,0,0,0
A034,A043,0,0,0,0,0,0
A034,A044,0,0,0,0,0,0
A034,A045,0,0,0,0,0,0
A034,A046,0,0,0,0,0,0
A034,A047,0,0,0,0,0,0
A034,A048,0,0,0,0,0,0
A034,A049,0,0,0,0,0,0
A034,A050,0,0,0,0,0,0
A034,A051,0,0,0,0,0,0
A034,A052,0,0,0,0,0,0
A034,A053,0,0,0,0,0,0
A034,A054,0,0,0,0,0,0
A034,A055,0,0,0,0,0,0
A034,A056,0,0,0,0,0,0
A034,A057,0,0,0,0,0,0
A034,A058,0,0,0,0,0,0
A034,A059,0,0,0,0,0,0
A034,A060,0,0,0,0,0,0
A034,A061,0,0,0,0,0,0
A034,A062,0,0,0,0,0,0
A034,A063,0,0,0,0,0,0
A034,A064,0,0,0,0,0,0
A034,A065,0,0,0,0,0,0
A034,A066,0,0,0,0,0,0
A034,A067,0,0,0,0,0,0
A034,A068,0,0,0,0,0,0
A034,A069,0,0,0,0,0,0
A034,A070,0,0,0,0,0,0
A034,A071,0,0,0,0,0,0
A034,A072,0,0,0,0,0,0
A034,A073,0,0,0,0,0,0
A034,A074,0,0,0,0,0,0
A034,A075,0,0,0,0,0,0
A034,A076,0,0,0,0,0,0
A034,A077,0,0,0,0,0,0
A034,A078,0,0,0,0,0,0
A034,A079,0,0,0,0,0,0
A034,A080,0,0,0,0,0,0
A034,A081,0,0,0,0,0,0
A034,A082,0,0,0,0,0,0
A034,A083,0,0,0,0,0,0
A034,A084,0,0,0,0,0,0
A034,A085,0,0,0,0,1,1
A034,A086,0,2,1,0,0,3
A034,A087,0,0,0,0,0,0
A034,A088,0,0,0,0,0,0
A034,A089,0,0,0,0,0,0
A034,A090,0,0,0,0,0,0
A034,A091,0,0,0,0,0,0
A034,A092,0,0,0,0,0,0
A034,A093,0,0,0,0,0,0
A034,A094,0,0,0,0,0,0
A034,A095,0,0,0,0,0,0
A034,A096,0,0,0,0,0,0
A034,A097,0,0,0,0,0,0
A034,A098,0,0,0,0,0,0
A034,A099,0,0,0,0,0,0
A034,A100,0,0,0,0,0,0
A034,A101,0,0,0,0,0,0
A034,A102,0,0,0,0,0,0
A034,A103,0,0,0,0,0,0
A034,A104,0,0,0,0,0,0
A034,A105,0,0,0,0,0,0
A034,A106,0,0,0,0,0,0
A034,A107,0,0,0,0,0,0
A034,A108,0,0,0,0,0,0
A034,A109,0,0,0,0,0,0
A034,A110,0,0,0,0,0,0
A034,A111,0,0,0,0,0,0
A034,A112,0,0,0,0,0,0
A034,A113,0,0,0,0,0,0
A034,A114,0,0,0,0,0,0
A034,A115,0,0,0,0,0,0
A034,A116,0,0,0,0,0,0
A034,A117,0,0,0,0,0,0
A034,A118,0,0,0,0,0,0
A034,A119,0,0,0,0,0,0
A034,A120,0,0,0,0,0,0
A035,A001,0,0,0,0,0,0
A035,A002,0,0,0,0,0,0
A035,A003,0,0,0,0,0,0
A035,A004,0,0,0,0,0,0
A035,A005,0,0,0,0,0,0
A035,A006,0,0,0,0,0,0
A035,A007,0,0,0,0,0,0
A035,A008,0,0,0,0,0,0
A035,A009,0,0,0,0,0,0
A035,A010,0,0,0,0,0,0
A035,A011,0,0,0,0,0,0
A035,A012,0,0,0,0,0,0
A035,A013,0,0,0,0,0,0
A035,A014,0,0,0,0,0,0
A035,A015,0,0,0,0,0,0
A035,A016,0,0,0,0,0,0
A035,A017,0,0,0,0,0,0
A035,A018,0,0,0,0,0,0
A035,A019,0,0,0,0,0,0
A035,A020,0,0,0,0,0,0
A035,A021,0,0,0,0,0,0
A035,A022,0,0,0,0,0,0
A035,A023,0,0,0,0,0,0
A035,A024,0,0,0,0,0,0
A035,A025,0,1,0,0,0,1
A035,A026,0,0,0,0,0,0
A035,A027,0,0,0,0,0,0
A035,A028,0,0,0,0,0,0
A035,A029,0,0,0,0,0,0
A035,A030,0,0,0,0,0,0
A035,A031,0,0,0,0,0,0
A035,A032,0,0,0,0,0,0
A035,A033,0,0,0,0,0,0
A035,A034,0,0,0,0,0,0
A035,A035,501,0,0,14,0,515
A035,A036,0,0,0,0,0,0
A035,A037,0,0,0,0,0,0
A035,A038,0,0,0,0,0,0
A035,A039,0,0,0,0,0,0
A035,A040,0,0,0,0,0,0
A035,A041,0,0,0,0,0,0
A035,A042,0,0,0,0,0,0
A035,A043,0,0,0,0,0,0
A035,A044,0,0,0,0,0,0
A035,A045,0,0,0,0,0,0
A035,A046,0,0,0,0,0,0
A035,A047,0,0,0,0,0,0
A035,A048,0,0,1,0,0,1
A035,A049,0,0,0,0,0,0
A035,A050,0,0,0,0,0,0
A035,A051,0,0,0,0,0,0
A035,A052,0,0,0,0,0,0
A035,A053,0,0,0,0,0,0
A035,A054,0,0,0,0,0,0
A035,A055,0,0,0,0,0,0
A035,A056,0,0,0,0,0,0
A035,A057,0,0,0,0,0,0
A035,A058,0,0,0,0,0,0
A035,A059,0,0,0,0,0,0
A035,A060,0,0,0,0,0,0
A035,A061,0,0,0,0,0,0
A035,A062,0,0,0,0,0,0
A035,A063,0,0,0,0,0,0
A035,A064,0,0,0,0,0,0
A035,A065,0,0,0,0,0,0
A035,A066,0,0,0,0,0,0
A035,A067,0,0,0,0,0,0
A035,A068,0,0,0,0,0,0
A035,A069,0,0,0,0,0,0
A035,A070,0,0,0,0,0,0
A035,A071,0,0,0,0,0,0
A035,A072,0,0,0,0,0,0
A035,A073,0,0,0,0,0,0
A035,A074,0,0,0,0,0,0
A035,A075,0,0,0,0,0,0
A035,A076,0,0,0,0,0,0
A035,A077,0,0,0,0,0,0
A035,A078,0,0,0,0,0,0
A035,A079,0,0,0,0,0,0
A035,A080,0,0,0,0,0,0
A035,A081,0,0,0,0,0,0
A035,A082,0,0,0,0,0,0
A035,A083,0,0,0,0,0,0
A035,A084,0,0,0,0,0,0
A035,A085,0,0,0,0,0,0
A035,A086,0,0,0,0,0,0
A035,A087,0,0,0,0,0,0
A035,A088,0,0,0,0,0,0
A035,A089,0,0,0,0,0,0
A035,A090,0,0,0,0,0,0
A035,A091,0,0,0,0,0,0
A035,A092,0,0,0,0,0,0
A035,A093,0,0,0,0,0,0
A035,A094,0,0,0,0,0,0
A035,A095,0,0,0,0,0,0
A035,A096,0,0,0,0,0,0
A035,A097,0,0,0,0,0,0
A035,A098,0,0,0,0,0,0
A035,A099,0,0,0,0,0,0
A035,A100,0,0,0,0,0,0
A035,A101,0,0,0,0,0,0
A035,A102,0,0,0,0,0,0
A035,A103,0,0,0,0,0,0
A035,A104,0,0,0,0,0,0
A035,A105,0,0,0,0,0,0
A035,A106,0,0,0,0,0,0
A035,A107,0,0,0,0,0,0
A035,A108,0,0,0,0,0,0
A035,A109,0,0,0,0,0,0
A035,A110,0,0,0,0,0,0
A035,A111,0,0,0,0,0,0
A035,A112,0,0,0,0,0,0
A035,A113,0,0,0,0,0,0
A035,A114,0,0,0,0,0,0
A035,A115,0,0,0,0,0,0
A035,A116,0,0,0,0,0,0
A035,A117,0,0,0,0,0,0
A035,A118,0,0,0,0,0,0
A035,A119,0,0,0,0,0,0
A035,A120,0,0,0,0,0,0
A036,A001,0,0,0,0,0,0
A036,A002,0,0,0,0,0,0
A036,A003,0,0,0,0,1,1
A036,A004,0,0,1,0,0,1
A036,A005,0,0,0,0,0,0
A036,A006,0,0,0,0,0,0
A036,A007,0,0,0,0,0,0
A036,A008,0,0,0,0,0,0
A036,A009,0,0,0,0,0,0
A036,A010,0,0,0,0,0,0
A036,A011,0,0,0,0,0,0
A036,A012,0,0,0,0,0,0
A036,A013,0,0,0,0,0,0
A036,A014,0,0,0,0,0,0
A036,A015,0,0,0,0,0,0
A036,A016,0,0,0,0,0,0
A036,A017,0,0,0,0,0,0
A036,A018,0,0,0,0,0,0
A036,A019,0,0,0,0,0,0
A036,A020,0,0,0,0,0,0
A036,A021,0,0,0,0,0,0
A036,A022,0,0,0,0,0,0
A036,A023,0,1,0,0,0,1
A036,A024,0,0,0,0,0,0
A036,A025,0,0,0,0,0,0
A036,A026,0,0,0,0,0,0
A036,A027,0,0,0,0,0,0
A036,A028,0,0,0,0,0,0
A036,A029,0,0,0,0,1,1
A036,A030,0,1,0,0,0,1
A036,A031,0,0,0,0,0,0
A036,A032,0,0,0,0,0,0
A036,A033,0,0,0,0,1,1
A036,A034,0,0,0,0,0,0
A036,A035,0,0,0,0,0,0
A036,A036,485,0,0,34,0,519
A036,A037,0,0,0,0,0,0
A036,A038,0,0,0,0,0,0
A036,A039,0,0,0,0,0,0
A036,A040,0,0,0,0,0,0
A036,A041,0,0,0,0,0,0
A036,A042,0,0,0,0,0,0
A036,A043,0,0,0,0,0,0
A036,A044,0,0,0,0,0,0
A036,A045,0,0,0,0,0,0
A036,A046,0,0,0,0,0,0
A036,A047,0,0,0,0,1,1
A036,A048,0,0,0,0,0,0
A036,A049,0,0,0,0,0,0
A036,A050,0,0,0,0,0,0
A036,A051,0,0,0,0,0,0
A036,A052,0,0,0,0,0,0
A036,A053,0,0,0,0,0,0
A036,A054,0,0,0,0,0,0
A036,A055,0,0,0,0,0,0
A036,A056,0,0,0,0,0,0
A036,A057,0,0,0,0,0,0
A036,A058,0,0,0,0,0,0
A036,A059,0,0,0,0,0,0
A036,A060,0,0,0,0,0,0
A036,A061,0,0,0,0,0,0
A036,A062,0,0,0,0,0,0
A036,A063,0,0,0,0,0,0
A036,A064,0,0,0,0,0,0
A036,A065,0,0,0,0,0,0
A036,A066,0,0,0,0,0,0
A036,A067,0,0,0,0,0,0
A036,A068,0,0,0,0,0,0
A036,A069,0,0,0,0,0,0
A036,A070,0,0,0,0,0,0
A036,A071,0,0,0,0,0,0
A036,A072,0,0,0,0,1,1
A036,A073,0,0,0,0,0,0
A036,A074,0,0,0,0,0,0
A036,A075,0,0,0,0,0,0
A036,A076,0,0,0,0,0,0
A036,A077,0,0,0,0,0,0
A036,A078,0,0,0,0,0,0
A036,A079,0,0,0,0,0,0
A036,A080,0,0,0,0,0,0
A036,A081,0,0,0,0,0,0
A036,A082,0,0,0,0,0,0
A036,A083,0,0,0,0,0,0
A036,A084,0,0,0,0,0,0
A036,A085,0,0,0,0,1,1
A036,A086,0,0,0,0,0,0
A036,A087,0,0,0,0,0,0
A036,A088,0,0,0,0,0,0
A036,A089,0,0,0,0,0,0
A036,A090,0,0,0,0,0,0
A036,A091,0,0,0,0,0,0
A036,A092,0,0,0,0,0,0
A036,A093,0,0,0,0,0,0
A036,A094,0,0,0,0,0,0
A036,A095,0,0,0,0,0,0
A036,A096,0,0,0,0,0,0
A036,A097,0,0,0,0,0,0
A036,A098,0,0,0,0,0,0
A036,A099,0,0,0,0,0,0
A036,A100,0,0,0,0,0,0
A036,A101,0,0,0,0,0,0
A036,A102,0,0,0,0,0,0
A036,A103,0,0,0,0,0,0
A036,A104,0,0,0,0,0,0
A036,A105,0,0,0,0,0,0
A036,A106,0,0,0,0,0,0
A036,A107,0,0,0,0,0,0
A036,A108,0,0,0,0,0,0
A036,A109,0,0,0,0,0,0
A036,A110,0,0,0,0,0,0
A036,A111,0,0,0,0,0,0
A036,A112,0,0,0,0,0,0
A036,A113,0,0,0,0,0,0
A036,A114,0,0,0,0,0,0
A036,A115,0,0,0,0,0,0
A036,A116,0,0,0,0,0,0
A036,A117,0,0,0,0,0,0
A036,A118,0,0,0,0,0,0
A036,A119,0,0,0,0,0,0
A036,A120,0,0,0,0,0,0
A037,A001,0,0,0,0,0,0
A037,A002,0,1,0,0,0,1
A037,A003,0,1,0,0,0,1
A037,A004,0,0,1,0,1,2
A037,A005,0,0,0,0,0,0
A037,A006,0,0,0,0,0,0
A037,A007,0,0,0,0,0,0
A037,A008,0,0,0,0,0,0
A037,A009,0,0,0,0,0,0
A037,A010,0,0,0,0,0,0
A037,A011,0,0,0,0,0,0
A037,A012,0,0,0,0,0,0
A037,A013,0,0,0,0,0,0
A037,A014,0,0,0,0,0,0
A037,A015,0,0,0,0,0,0
A037,A016,0,0,0,0,0,0
A037,A017,0,0,0,0,0,0
A037,A018,0,1,0,0,0,1
A037,A019,0,0,0,0,0,0
A037,A020,0,0,0,0,0,0
A037,A021,0,0,0,0,0,0
A037,A022,0,0,0,0,0,0
A037,A023,0,0,0,0,0,0
A037,A024,0,0,0,0,0,0
A037,A025,0,0,0,0,0,0
A037,A026,0,0,0,0,0,0
A037,A027,0,0,0,0,0,0
A037,A028,0,0,0,0,0,0
A037,A029,0,0,0,0,0,0
A037,A030,0,0,0,0,0,0
A037,A031,0,0,0,0,0,0
A037,A032,0,0,0,0,0,0
A037,A033,0,0,0,0,0,0
A037,A034,0,0,0,0,0,0
A037,A035,0,0,0,0,0,0
A037,A036,0,0,0,0,0,0
A037,A037,449,0,0,76,0,525
A037,A038,0,0,0,0,0,0
A037,A039,0,0,0,0,0,0
A037,A040,0,0,0,0,0,0
A037,A041,0,0,0,0,0,0
A037,A042,0,0,0,0,0,0
A037,A043,0,0,0,0,0,0
A037,A044,0,1,2,0,0,3
A037,A045,0,0,0,0,0,0
A037,A046,0,0,0,0,0,0
A037,A047,0,1,0,0,0,1
A037,A048,0,0,0,0,0,0
A037,A049,0,0,0,0,0,0
A037,A050,0,0,0,0,0,0
A037,A051,0,0,0,0,0,0
A037,A052,0,0,0,0,0,0
A037,A053,0,0,0,0,0,0
A037,A054,0,0,0,0,0,0
A037,A055,0,0,0,0,0,0
A037,A056,0,0,0,0,0,0
A037,A057,0,0,0,0,0,0
A037,A058,0,0,0,0,0,0
A037,A059,0,0,0,0,0,0
A037,A060,0,0,0,0,0,0
A037,A061,0,0,0,0,0,0
A037,A062,0,0,0,0,0,0
A037,A063,0,0,0,0,0,0
A037,A064,0,0,0,0,0,0
A037,A065,0,0,0,0,0,0
A037,A066,0,0,0,0,0,0
A037,A067,0,0,0,0,0,0
A037,A068,0,0,0,0,0,0
A037,A069,0,0,0,0,0,0
A037,A070,0,0,0,0,0,0
A037,A071,0,0,0,0,0,0
A037,A072,0,0,0,0,0,0
A037,A073,0,0,0,0,0,0
A037,A074,0,0,0,0,0,0
A037,A075,0,0,0,0,0,0
A037,A076,0,0,0,0,0,0
A037,A077,0,0,0,0,0,0
A037,A078,0,0,0,0,0,0
A037,A079,0,0,0,0,0,0
A037,A080,0,0,0,0,0,0
A037,A081,0,0,0,0,0,0
A037,A082,0,0,0,0,0,0
A037,A083,0,0,0,0,0,0
A037,A084,0,0,0,0,0,0
A037,A085,0,2,1,0,0,3
A037,A086,0,0,0,0,0,0
A037,A087,0,0,0,0,0,0
A037,A088,0,0,0,0,0,0
A037,A089,0,0,0,0,0,0
A037,A090,0,0,0,0,0,0
A037,A091,0,0,0,0,0,0
A037,A092,0,0,0,0,0,0
A037,A093,0,0,0,0,0,0
A037,A094,0,0,0,0,0,0
A037,A095,0,0,0,0,0,0
A037,A096,0,0,0,0,0,0
A037,A097,0,0,0,0,0,0
A037,A098,0,0,0,0,0,0
A037,A099,0,0,0,0,0,0
A037,A100,0,0,0,0,0,0
A037,A101,0,0,0,0,0,0
A037,A102,0,0,0,0,0,0
A037,A103,0,0,0,0,0,0
A037,A104,0,0,0,0,0,0
A037,A105,0,0,0,0,0,0
A037,A106,0,0,0,0,0,0
A037,A107,0,0,0,0,0,0
A037,A108,0,0,0,0,0,0
A037,A109,0,0,0,0,0,0
A037,A110,0,0,0,0,0,0
A037,A111,0,0,0,0,0,0
A037,A112,0,0,0,0,0,0
A037,A113,0,0,0,0,0,0
A037,A114,0,0,0,0,0,0
A037,A115,0,0,0,0,0,0
A037,A116,0,0,0,0,0,0
A037,A117,0,0,0,0,0,0
A037,A118,0,0,0,0,0,0
A037,A119,0,0,0,0,0,0
A037,A120,0,0,0,0,0,0
A038,A001,0,0,1,0,0,1
A038,A002,0,0,0,0,0,0
A038,A003,0,0,0,0,0,0
A038,A004,0,0,0,0,0,0
A038,A005,0,0,0,0,1,1
A038,A006,0,0,0,0,0,0
A038,A007,0,0,0,0,0,0
A038,A008,0,0,0,0,0,0
A038,A009,0,0,0,0,0,0
A038,A010,0,0,0,0,0,0
A038,A011,0,0,0,0,0,0
A038,A012,0,0,0,0,0,0
A038,A013,0,0,0,0,0,0
A038,A014,0,0,0,0,0,0
A038,A015,0,0,0,0,0,0
A038,A016,0,0,0,0,0,0
A038,A017,0,0,0,0,0,0
A038,A018,0,0,0,0,0,0
A038,A019,0,0,0,0,0,0
A038,A020,0,0,0,0,1,1
A038,A021,0,0,0,0,0,0
A038,A022,0,0,0,0,0,0
A038,A023,0,0,0,0,0,0
A038,A024,0,0,0,0,0,0
A038,A025,0,0,0,0,0,0
A038,A026,0,0,0,0,0,0
A038,A027,0,0,0,0,0,0
A038,A028,0,0,0,0,0,0
A038,A029,0,0,0,0,0,0
A038,A030,0,0,0,0,0,0
A038,A031,0,0,0,0,1,1
A038,A032,0,0,0,0,0,0
A038,A033,0,0,0,0,0,0
A038,A034,0,0,0,0,0,0
A038,A035,0,0,0,0,0,0
A038,A036,0,0,0,0,1,1
A038,A037,0,0,0,0,0,0
A038,A038,461,0,0,44,0,505
A038,A039,0,0,0,0,0,0
A038,A040,0,0,0,0,0,0
A038,A041,0,0,0,0,0,0
A038,A042,0,0,0,0,0,0
A038,A043,0,0,0,0,0,0
A038,A044,0,0,0,0,0,0
A038,A045,0,0,0,0,0,0
A038,A046,0,0,0,0,0,0
A038,A047,0,0,0,0,0,0
A038,A048,0,0,0,0,0,0
A038,A049,0,0,0,0,0,0
A038,A050,0,0,0,0,0,0
A038,A051,0,0,0,0,0,0
A038,A052,0,0,0,0,0,0
A038,A053,0,0,0,0,0,0
A038,A054,0,0,0,0,0,0
A038,A055,0,0,0,0,0,0
A038,A056,0,0,0,0,0,0
A038,A057,0,0,0,0,0,0
A038,A058,0,0,0,0,0,0
A038,A059,0,0,0,0,0,0
A038,A060,0,0,0,0,0,0
A038,A061,0,0,0,0,0,0
A038,A062,0,0,0,0,0,0
A038,A063,0,0,0,0,0,0
A038,A064,0,0,0,0,0,0
A038,A065,0,0,0,0,0,0
A038,A066,0,0,0,0,0,0
A038,A067,0,0,0,0,0,0
A038,A068,0,0,0,0,0,0
A038,A069,0,0,0,0,0,0
A038,A070,0,0,0,0,0,0
A038,A071,0,0,0,0,0,0
A038,A072,0,0,1,0,0,1
A038,A073,0,0,0,0,0,0
A038,A074,0,0,0,0,0,0
A038,A075,0,0,0,0,0,0
A038,A076,0,0,0,0,0,0
A038,A077,0,0,0,0,0,0
A038,A078,0,0,0,0,0,0
A038,A079,0,0,0,0,0,0
A038,A080,0,0,0,0,0,0
A038,A081,0,0,0,0,0,0
A038,A082,0,0,0,0,0,0
A038,A083,0,0,0,0,0,0
A038,A084,0,0,0,0,0,0
A038,A085,0,0,0,0,0,0
A038,A086,0,0,0,0,0,0
A038,A087,0,0,0,0,0,0
A038,A088,0,0,0,0,0,0
A038,A089,0,0,0,0,0,0
A038,A090,0,0,0,0,0,0
A038,A091,0,0,0,0,0,0
A038,A092,0,0,0,0,0,0
A038,A093,0,0,0,0,0,0
A038,A094,0,0,0,0,0,0
A038,A095,0,0,0,0,0,0
A038,A096,0,0,0,0,0,0
A038,A097,0,0,0,0,0,0
A038,A098,0,0,0,0,0,0
A038,A099,0,0,0,0,0,0
A038,A100,0,0,0,0,0,0
A038,A101,0,0,0,0,0,0
A038,A102,0,0,0,0,0,0
A038,A103,0,0,2,0,0,2
A038,A104,0,0,0,0,0,0
A038,A105,0,0,0,0,0,0
A038,A106,0,0,0,0,0,0
A038,A107,0,0,0,0,0,0
A038,A108,0,0,0,0,0,0
A038,A109,0,0,0,0,0,0
A038,A110,0,0,0,0,0,0
A038,A111,0,0,0,0,0,0
A038,A112,0,0,0,0,0,0
A038,A113,0,0,0,0,0,0
A038,A114,0,0,0,0,0,0
A038,A115,0,0,0,0,0,0
A038,A116,0,0,0,0,0,0
A038,A117,0,0,0,0,0,0
A038,A118,0,0,0,0,0,0
A038,A119,0,0,0,0,0,0
A038,A120,0,0,0,0,0,0
A039,A001,0,0,0,0,0,0
A039,A002,0,0,0,0,0,0
A039,A003,0,0,0,0,0,0
A039,A004,0,0,0,0,0,0
A039,A005,0,0,0,0,0,0
A039,A006,0,0,0,0,0,0
A039,A007,0,0,0,0,0,0
A039,A008,0,0,0,0,0,0
A039,A009,0,0,0,0,0,0
A039,A010,0,0,0,0,2,2
A039,A011,0,0,0,0,0,0
A039,A012,0,0,1,0,0,1
A039,A013,0,0,0,0,0,0
A039,A014,0,0,0,0,0,0
A039,A015,0,0,0,0,0,0
A039,A016,0,0,0,0,0,0
A039,A017,0,0,0,0,0,0
A039,A018,0,0,0,0,0,0
A039,A019,0,0,0,0,0,0
A039,A020,0,0,0,0,0,0
A039,A021,0,0,0,0,0,0
A039,A022,0,0,0,0,0,0
A039,A023,0,0,0,0,0,0
A039,A024,0,0,0,0,0,0
A039,A025,0,0,0,0,0,0
A039,A026,0,0,0,0,0,0
A039,A027,0,0,0,0,0,0
A039,A028,0,0,0,0,0,0
A039,A029,0,1,0,0,0,1
A039,A030,0,0,0,0,0,0
A039,A031,0,0,0,0,0,0
A039,A032,0,0,0,0,0,0
A039,A033,0,2,0,0,0,2
A039,A034,0,0,0,0,0,0
A039,A035,0,0,0,0,0,0
A039,A036,0,0,0,0,0,0
A039,A037,0,0,0,0,0,0
A039,A038,0,0,0,0,0,0
A039,A039,466,0,0,21,0,487
A039,A040,0,0,0,0,0,0
A039,A041,0,0,0,0,0,0
A039,A042,0,0,0,0,0,0
A039,A043,0,0,0,0,0,0
A039,A044,0,0,1,0,0,1
A039,A045,0,0,0,0,0,0
A039,A046,0,0,0,0,0,0
A039,A047,0,0,0,0,0,0
A039,A048,0,0,0,0,0,0
A039,A049,0,0,0,0,0,0
A039,A050,0,0,0,0,0,0
A039,A051,0,0,0,0,0,0
A039,A052,0,0,0,0,0,0
A039,A053,0,0,0,0,0,0
A039,A054,0,0,0,0,0,0
A039,A055,0,0,0,0,0,0
A039,A056,0,0,0,0,0,0
A039,A057,0,0,0,0,0,0
A039,A058,0,0,0,0,0,0
A039,A059,0,0,0,0,0,0
A039,A060,0,0,0,0,0,0
A039,A061,0,0,0,0,0,0
A039,A062,0,0,0,0,0,0
A039,A063,0,0,0,0,0,0
A039,A064,0,0,0,0,0,0
A039,A065,0,0,0,0,0,0
A039,A066,0,0,0,0,0,0
A039,A067,0,0,0,0,0,0
A039,A068,0,0,0,0,0,0
A039,A069,0,0,0,0,0,0
A039,A070,0,0,0,0,0,0
A039,A071,0,0,0,0,0,0
A039,A072,0,0,0,0,0,0
A039,A073,0,0,0,0,0,0
A039,A074,0,0,0,0,0,0
A039,A075,0,0,0,0,0,0
A039,A076,0,0,0,0,0,0
A039,A077,0,0,0,0,0,0
A039,A078,0,0,0,0,0,0
A039,A079,0,0,0,0,0,0
A039,A080,0,0,0,0,0,0
A039,A081,0,0,0,0,0,0
A039,A082,0,0,0,0,0,0
A039,A083,0,0,0,0,0,0
A039,A084,0,0,0,0,0,0
A039,A085,0,0,0,0,0,0
A039,A086,0,0,0,0,0,0
A039,A087,0,0,0,0,0,0
A039,A088,0,0,0,0,0,0
A039,A089,0,0,0,0,0,0
A039,A090,0,0,0,0,0,0
A039,A091,0,0,0,0,0,0
A039,A092,0,0,0,0,0,0
A039,A093,0,0,0,0,0,0
A039,A094,0,0,0,0,0,0
A039,A095,0,0,0,0,0,0
A039,A096,0,0,1,0,2,3
A039,A097,0,0,0,0,0,0
A039,A098,0,0,0,0,0,0
A039,A099,0,0,0,0,0,0
A039,A100,0,0,0,0,0,0
A039,A101,0,0,0,0,0,0
A039,A102,0,0,0,0,0,0
A039,A103,0,0,1,0,0,1
A039,A104,0,0,0,0,0,0
A039,A105,0,0,0,0,0,0
A039,A106,0,0,0,0,0,0
A039,A107,0,0,0,0,0,0
A039,A108,0,0,0,0,0,0
A039,A109,0,0,0,0,0,0
A039,A110,0,0,0,0,0,0
A039,A111,0,0,0,0,0,0
A039,A112,0,0,0,0,0,0
A039,A113,0,0,0,0,0,0
A039,A114,0,0,0,0,0,0
A039,A115,0,1,0,0,0,1
A039,A116,0,0,0,0,0,0
A039,A117,0,0,0,0,0,0
A039,A118,0,0,0,0,0,0
A039,A119,0,0,0,0,0,0
A039,A120,0,0,0,0,0,0
A040,A001,0,0,0,0,0,0
A040,A002,0,0,0,0,0,0
A040,A003,0,0,0,0,0,0
A040,A004,0,0,0,0,0,0
A040,A005,0,0,0,0,0,0
A040,A006,0,0,0,0,0,0
A040,A007,0,0,0,0,0,0
A040,A008,0,0,0,0,0,0
A040,A009,0,0,0,0,0,0
A040,A010,0,0,0,0,0,0
A040,A011,0,0,0,0,0,0
A040,A012,0,0,0,0,0,0
A040,A013,0,0,0,0,0,0
A040,A014,0,0,0,0,0,0
A040,A015,0,0,0,0,0,0
A040,A016,0,0,0,0,0,0
A040,A017,0,0,0,0,0,0
A040,A018,0,0,0,0,0,0
A040,A019,0,0,0,0,0,0
A040,A020,0,0,0,0,0,0
A040,A021,0,0,0,0,0,0
A040,A022,0,0,0,0,0,0
A040,A023,0,0,0,0,0,0
A040,A024,0,0,0,0,0,0
A040,A025,0,0,0,0,0,0
A040,A026,0,0,0,0,0,0
A040,A027,0,0,0,0,0,0
A040,A028,0,0,0,0,0,0
A040,A029,0,0,0,0,0,0
A040,A030,0,0,0,0,0,0
A040,A031,0,0,0,0,0,0
A040,A032,0,0,0,0,1,1
A040,A033,0,0,0,0,0,0
A040,A034,0,0,0,0,0,0
A040,A035,0,0,0,0,0,0
A040,A036,0,0,0,0,0,0
A040,A037,0,0,0,0,0,0
A040,A038,0,0,0,0,0,0
A040,A039,0,3,2,0,0,5
A040,A040,480,0,0,12,0,492
A040,A041,0,0,0,0,0,0
A040,A042,0,0,0,0,0,0
A040,A043,0,0,0,0,0,0
A040,A044,0,0,0,0,0,0
A040,A045,0,0,0,0,0,0
A040,A046,0,0,0,0,0,0
A040,A047,0,0,0,0,0,0
A040,A048,0,0,0,0,0,0
A040,A049,0,0,0,0,0,0
A040,A050,0,0,0,0,0,0
A040,A051,0,0,0,0,0,0
A040,A052,0,0,0,0,0,0
A040,A053,0,0,0,0,0,0
A040,A054,0,0,0,0,0,0
A040,A055,0,0,0,0,0,0
A040,A056,0,0,0,0,0,0
A040,A057,0,0,0,0,0,0
A040,A058,0,0,0,0,0,0
A040,A059,0,0,0,0,0,0
A040,A060,0,0,0,0,0,0
A040,A061,0,0,0,0,0,0
A040,A062,0,0,0,0,0,0
A040,A063,0,0,0,0,0,0
A040,A064,0,0,0,0,0,0
A040,A065,0,0,0,0,0,0
A040,A066,0,0,0,0,0,0
A040,A067,0,0,0,0,0,0
A040,A068,0,0,0,0,0,0
A040,A069,0,0,0,0,0,0
A040,A070,0,0,0,0,0,0
A040,A071,0,0,0,0,1,1
A040,A072,0,0,0,0,0,0
A040,A073,0,0,0,0,0,0
A040,A074,0,0,0,0,0,0
A040,A075,0,0,0,0,0,0
A040,A076,0,0,0,0,0,0
A040,A077,0,0,0,0,0,0
A040,A078,0,0,0,0,0,0
A040,A079,0,0,0,0,1,1
A040,A080,0,0,0,0,0,0
A040,A081,0,0,0,0,0,0
A040,A082,0,0,0,0,0,0
A040,A083,0,0,0,0,0,0
A040,A084,0,0,0,0,0,0
A040,A085,0,0,0,0,0,0
A040,A086,0,0,0,0,0,0
A040,A087,0,0,0,0,0,0
A040,A088,0,0,0,0,0,0
A040,A089,0,0,0,0,0,0
A040,A090,0,0,0,0,0,0
A040,A091,0,0,0,0,0,0
A040,A092,0,0,0,0,0,0
A040,A093,0,0,0,0,0,0
A040,A094,0,0,0,0,0,0
A040,A095,0,0,0,0,0,0
A040,A096,0,0,0,0,0,0
A040,A097,0,0,0,0,0,0
A040,A098,0,0,0,0,0,0
A040,A099,0,0,0,0,0,0
A040,A100,0,0,0,0,0,0
A040,A101,0,0,0,0,0,0
A040,A102,0,0,0,0,0,0
A040,A103,0,0,0,0,0,0
A040,A104,0,0,0,0,0,0
A040,A105,0,0,0,0,0,0
A040,A106,0,0,0,0,0,0
A040,A107,0,0,0,0,0,0
A040,A108,0,0,0,0,0,0
A040,A109,0,0,0,0,0,0
A040,A110,0,0,0,0,0,0
A040,A111,0,0,0,0,0,0
A040,A112,0,0,0,0,0,0
A040,A113,0,0,0,0,0,0
A040,A114,0,0,0,0,0,0
A040,A115,0,0,0,0,0,0
A040,A116,0,0,0,0,0,0
A040,A117,0,0,0,0,0,0
A040,A118,0,0,0,0,0,0
A040,A119,0,0,0,0,0,0
A040,A120,0,0,0,0,0,0
A041,A001,0,0,0,0,0,0
A041,A002,0,1,1,0,0,2
A041,A003,0,0,0,0,0,0
A041,A004,0,0,0,0,0,0
A041,A005,0,0,0,0,0,0
A041,A006,0,0,0,0,0,0
A041,A007,0,0,0,0,0,0
A041,A008,0,0,0,0,0,0
A041,A009,0,0,0,0,0,0
A041,A010,0,0,0,0,0,0
A041,A011,0,0,0,0,0,0
A041,A012,0,0,0,0,0,0
A041,A013,0,0,0,0,0,0
A041,A014,0,0,0,0,0,0
A041,A015,0,0,0,0,0,0
A041,A016,0,0,0,0,0,0
A041,A017,0,0,0,0,0,0
A041,A018,0,0,0,0,0,0
A041,A019,0,0,0,0,0,0
A041,A020,0,0,0,0,0,0
A041,A021,0,0,0,0,0,0
A041,A022,0,0,0,0,0,0
A041,A023,0,0,0,0,0,0
A041,A024,0,0,0,0,0,0
A041,A025,0,0,0,0,0,0
A041,A026,0,0,0,0,0,0
A041,A027,0,0,0,0,0,0
A041,A028,0,0,0,0,0,0
A041,A029,0,0,0,0,0,0
A041,A030,0,0,0,0,0,0
A041,A031,0,0,0,0,0,0
A041,A032,0,0,0,0,0,0
A041,A033,0,0,0,0,0,0
A041,A034,0,0,0,0,0,0
A041,A035,0,0,0,0,0,0
A041,A036,0,0,0,0,0,0
A041,A037,0,1,0,0,0,1
A041,A038,0,0,0,0,0,0
A041,A039,0,0,0,0,0,0
A041,A040,0,0,0,0,0,0
A041,A041,421,0,0,70,0,491
A041,A042,0,0,0,0,0,0
A041,A043,0,0,0,0,0,0
A041,A044,0,1,0,0,0,1
A041,A045,0,0,1,0,1,2
A041,A046,0,0,0,0,0,0
A041,A047,0,1,0,0,0,1
A041,A048,0,0,5,0,0,5
A041,A049,0,0,0,0,0,0
A041,A050,0,0,0,0,0,0
A041,A051,0,0,0,0,0,0
A041,A052,0,0,0,0,0,0
A041,A053,0,0,0,0,0,0
A041,A054,0,0,0,0,0,0
A041,A055,0,0,0,0,0,0
A041,A056,0,0,0,0,0,0
A041,A057,0,0,0,0,0,0
A041,A058,0,0,0,0,0,0
A041,A059,0,0,0,0,0,0
A041,A060,0,0,0,0,0,0
A041,A061,0,0,0,0,0,0
A041,A062,0,0,0,0,0,0
A041,A063,0,0,0,0,0,0
A041,A064,0,0,0,0,0,0
A041,A065,0,0,0,0,0,0
A041,A066,0,0,0,0,0,0
A041,A067,0,0,0,0,0,0
A041,A068,0,0,0,0,0,0
A041,A069,0,0,0,0,0,0
A041,A070,0,0,0,0,0,0
A041,A071,0,0,0,0,0,0
A041,A072,0,0,0,0,0,0
A041,A073,0,0,0,0,0,0
A041,A074,0,0,0,0,0,0
A041,A075,0,0,0,0,0,0
A041,A076,0,0,0,0,0,0
A041,A077,0,0,0,0,0,0
A041,A078,0,0,0,0,0,0
A041,A079,0,0,0,0,0,0
A041,A080,0,0,0,0,0,0
A041,A081,0,0,0,0,0,0
A041,A082,0,0,0,0,0,0
A041,A083,0,0,0,0,0,0
A041,A084,0,0,0,0,0,0
A041,A085,0,0,0,0,0,0
A041,A086,0,0,0,0,0,0
A041,A087,0,0,0,0,0,0
A041,A088,0,0,0,0,0,0
A041,A089,0,0,0,0,0,0
A041,A090,0,0,0,0,0,0
A041,A091,0,0,0,0,0,0
A041,A092,0,0,0,0,0,0
A041,A093,0,0,0,0,0,0
A041,A094,0,0,0,0,0,0
A041,A095,0,0,0,0,0,0
A041,A096,0,0,0,0,0,0
A041,A097,0,0,0,0,0,0
A041,A098,0,0,0,0,0,0
A041,A099,0,0,0,0,0,0
A041,A100,0,0,0,0,0,0
A041,A101,0,0,0,0,0,0
A041,A102,0,0,0,0,0,0
A041,A103,0,0,0,0,0,0
A041,A104,0,0,0,0,0,0
A041,A105,0,5,0,0,0,5
A041,A106,0,0,0,0,0,0
A041,A107,0,0,0,0,0,0
A041,A108,0,0,0,0,0,0
A041,A109,0,0,0,0,0,0
A041,A110,0,0,0,0,0,0
A041,A111,0,0,0,0,0,0
A041,A112,0,0,0,0,0,0
A041,A113,0,0,0,0,0,0
A041,A114,0,0,0,0,0,0
A041,A115,0,0,0,0,0,0
A041,A116,0,0,0,0,0,0
A041,A117,0,0,0,0,0,0
A041,A118,0,0,0,0,0,0
A041,A119,0,0,0,0,0,0
A041,A120,0,0,0,0,0,0
A042,A001,0,0,0,0,0,0
A042,A002,0,0,0,0,0,0
A042,A003,0,0,0,0,0,0
A042,A004,0,0,0,0,0,0
A042,A005,0,0,0,0,0,0
A042,A006,0,0,0,0,0,0
A042,A007,0,0,0,0,0,0
A042,A008,0,0,0,0,0,0
A042,A009,0,0,0,0,0,0
A042,A010,0,0,0,0,0,0
A042,A011,0,0,0,0,0,0
A042,A012,0,0,0,0,0,0
A042,A013,0,0,0,0,0,0
A042,A014,0,0,0,0,0,0
A042,A015,0,0,0,0,0,0
A042,A016,0,0,0,0,0,0
A042,A017,0,0,0,0,0,0
A042,A018,0,0,0,0,0,0
A042,A019,0,0,0,0,0,0
A042,A020,0,0,0,0,0,0
A042,A021,0,0,0,0,0,0
A042,A022,0,0,0,0,0,0
A042,A023,0,0,0,0,0,0
A042,A024,0,0,1,0,0,1
A042,A025,0,0,0,0,0,0
A042,A026,0,0,0,0,0,0
A042,A027,0,0,0,0,0,0
A042,A028,0,0,0,0,0,0
A042,A029,0,0,0,0,0,0
A042,A030,0,0,0,0,0,0
A042,A031,0,0,0,0,0,0
A042,A032,0,0,0,0,0,0
A042,A033,0,0,0,0,0,0
A042,A034,0,0,0,0,0,0
A042,A035,0,0,0,0,0,0
A042,A036,0,0,0,0,0,0
A042,A037,0,0,0,0,0,0
A042,A038,0,0,0,0,0,0
A042,A039,0,0,0,0,0,0
A042,A040,0,0,0,0,0,0
A042,A041,0,0,0,0,0,0
A042,A042,500,0,0,12,0,512
A042,A043,0,0,0,0,0,0
A042,A044,0,0,0,0,0,0
A042,A045,0,0,0,0,0,0
A042,A046,0,0,0,0,1,1
A042,A047,0,0,0,0,0,0
A042,A048,0,0,0,0,0,0
A042,A049,0,0,0,0,0,0
A042,A050,0,0,0,0,0,0
A042,A051,0,0,0,0,0,0
A042,A052,0,0,0,0,0,0
A042,A053,0,0,0,0,0,0
A042,A054,0,0,0,0,0,0
A042,A055,0,0,0,0,0,0
A042,A056,0,0,0,0,0,0
A042,A057,0,0,0,0,0,0
A042,A058,0,0,0,0,0,0
A042,A059,0,0,0,0,0,0
A042,A060,0,0,0,0,0,0
A042,A061,0,0,0,0,0,0
A042,A062,0,0,0,0,0,0
A042,A063,0,0,0,0,0,0
A042,A064,0,0,0,0,0,0
A042,A065,0,0,0,0,0,0
A042,A066,0,0,0,0,0,0
A042,A067,0,0,0,0,0,0
A042,A068,0,0,0,0,0,0
A042,A069,0,0,0,0,0,0
A042,A070,0,0,0,0,0,0
A042,A071,0,0,0,0,0,0
A042,A072,0,0,0,0,0,0
A042,A073,0,0,0,0,0,0
A042,A074,0,0,0,0,0,0
A042,A075,0,0,0,0,0,0
A042,A076,0,0,0,0,0,0
A042,A077,0,0,0,0,0,0
A042,A078,0,0,0,0,0,0
A042,A079,0,0,0,0,0,0
A042,A080,0,0,0,0,0,0
A042,A081,0,0,0,0,0,0
A042,A082,0,0,0,0,0,0
A042,A083,0,0,0,0,0,0
A042,A084,0,0,0,0,0,0
A042,A085,0,0,0,0,0,0
A042,A086,0,0,0,0,0,0
A042,A087,0,0,0,0,0,0
A042,A088,0,0,0,0,0,0
A042,A089,0,0,0,0,0,0
A042,A090,0,0,0,0,0,0
A042,A091,0,0,0,0,0,0
A042,A092,0,0,1,0,0,1
A042,A093,0,0,0,0,0,0
A042,A094,0,0,0,0,0,0
A042,A095,0,0,0,0,0,0
A042,A096,0,0,0,0,0,0
A042,A097,0,0,0,0,0,0
A042,A098,0,0,0,0,0,0
A042,A099,0,0,0,0,0,0
A042,A100,0,0,0,0,0,0
A042,A101,0,0,0,0,0,0
A042,A102,0,0,0,0,0,0
A042,A103,0,0,0,0,0,0
A042,A104,0,0,0,0,0,0
A042,A105,0,0,0,0,0,0
A042,A106,0,0,0,0,0,0
A042,A107,0,0,0,0,0,0
A042,A108,0,0,0,0,0,0
A042,A109,0,0,0,0,0,0
A042,A110,0,0,0,0,0,0
A042,A111,0,0,0,0,0,0
A042,A112,0,0,0,0,0,0
A042,A113,0,0,0,0,0,0
A042,A114,0,0,0,0,0,0
A042,A115,0,0,0,0,0,0
A042,A116,0,0,0,0,0,0
A042,A117,0,0,0,0,0,0
A042,A118,0,0,0,0,0,0
A042,A119,0,0,0,0,0,0
A042,A120,0,0,0,0,0,0
A043,A001,0,0,0,0,0,0
A043,A002,0,0,0,0,0,0
A043,A003,0,0,0,0,0,0
A043,A004,0,0,0,0,0,0
A043,A005,0,0,0,0,0,0
A043,A006,0,0,0,0,0,0
A043,A007,0,0,0,0,0,0
A043,A008,0,0,0,0,0,0
A043,A009,0,0,0,0,0,0
A043,A010,0,0,0,0,0,0
A043,A011,0,0,0,0,0,0
A043,A012,0,0,0,0,0,0
A043,A013,0,0,0,0,0,0
A043,A014,0,0,0,0,0,0
A043,A015,0,0,0,0,0,0
A043,A016,0,0,0,0,0,0
A043,A017,0,0,0,0,0,0
A043,A018,0,0,0,0,0,0
A043,A019,0,0,0,0,0,0
A043,A020,0,0,0,0,0,0
A043,A021,0,0,0,0,0,0
A043,A022,0,0,0,0,0,0
A043,A023,0,0,0,0,0,0
A043,A024,0,0,0,0,0,0
A043,A025,0,0,0,0,0,0
A043,A026,0,0,0,0,0,0
A043,A027,0,0,0,0,0,0
A043,A028,0,0,0,0,0,0
A043,A029,0,0,0,0,0,0
A043,A030,0,0,0,0,0,0
A043,A031,0,0,0,0,0,0
A043,A032,0,0,0,0,0,0
A043,A033,0,0,0,0,0,0
A043,A034,0,0,0,0,0,0
A043,A035,0,0,0,0,0,0
A043,A036,0,0,0,0,0,0
A043,A037,0,0,0,0,0,0
A043,A038,0,0,0,0,0,0
A043,A039,0,0,0,0,0,0
A043,A040,0,0,0,0,0,0
A043,A041,0,0,0,0,0,0
A043,A042,0,0,0,0,0,0
A043,A043,482,0,0,1,0,483
A043,A044,0,0,0,0,0,0
A043,A045,0,0,0,0,0,0
A043,A046,0,0,0,0,0,0
A043,A047,0,0,0,0,0,0
A043,A048,0,0,0,0,0,0
A043,A049,0,0,0,0,0,0
A043,A050,0,0,0,0,0,0
A043,A051,0,0,0,0,0,0
A043,A052,0,0,0,0,0,0
A043,A053,0,0,0,0,0,0
A043,A054,0,0,0,0,0,0
A043,A055,0,0,0,0,0,0
A043,A056,0,0,0,0,0,0
A043,A057,0,0,0,0,0,0
A043,A058,0,0,0,0,0,0
A043,A059,0,0,0,0,0,0
A043,A060,0,0,0,0,0,0
A043,A061,0,0,0,0,0,0
A043,A062,0,0,0,0,0,0
A043,A063,0,0,0,0,0,0
A043,A064,0,0,0,0,0,0
A043,A065,0,0,0,0,0,0
A043,A066,0,0,0,0,0,0
A043,A067,0,0,0,0,0,0
A043,A068,0,0,0,0,0,0
A043,A069,0,0,0,0,0,0
A043,A070,0,0,0,0,0,0
A043,A071,0,0,0,0,0,0
A043,A072,0,0,0,0,0,0
A043,A073,0,0,0,0,0,0
A043,A074,0,0,0,0,0,0
A043,A075,0,0,0,0,0,0
A043,A076,0,0,0,0,0,0
A043,A077,0,0,0,0,0,0
A043,A078,0,0,0,0,0,0
A043,A079,0,0,0,0,0,0
A043,A080,0,2,0,0,0,2
A043,A081,0,0,0,0,0,0
A043,A082,0,0,0,0,0,0
A043,A083,0,0,0,0,0,0
A043,A084,0,0,0,0,0,0
A043,A085,0,0,0,0,0,0
A043,A086,0,0,0,0,0,0
A043,A087,0,0,0,0,0,0
A043,A088,0,0,0,0,0,0
A043,A089,0,0,0,0,0,0
A043,A090,0,0,0,0,0,0
A043,A091,0,0,0,0,0,0
A043,A092,0,0,0,0,0,0
A043,A093,0,0,0,0,0,0
A043,A094,0,0,0,0,0,0
A043,A095,0,0,0,0,0,0
A043,A096,0,0,0,0,0,0
A043,A097,0,0,0,0,0,0
A043,A098,0,0,0,0,0,0
A043,A099,0,0,0,0,0,0
A043,A100,0,0,0,0,0,0
A043,A101,0,0,0,0,0,0
A043,A102,0,0,0,0,0,0
A043,A103,0,0,0,0,0,0
A043,A104,0,0,0,0,0,0
A043,A105,0,0,0,0,0,0
A043,A106,0,0,0,0,0,0
A043,A107,0,0,0,0,0,0
A043,A108,0,0,0,0,0,0
A043,A109,0,0,0,0,0,0
A043,A110,0,0,0,0,0,0
A043,A111,0,0,0,0,0,0
A043,A112,0,0,0,0,0,0
A043,A113,0,0,0,0,0,0
A043,A114,0,0,0,0,0,0
A043,A115,0,0,0,0,0,0
A043,A116,0,0,0,0,0,0
A043,A117,0,0,0,0,0,0
A043,A118,0,0,0,0,0,0
A043,A119,0,0,0,0,0,0
A043,A120,0,0,0,0,0,0
A044,A001,0,0,0,0,0,0
A044,A002,0,0,0,0,0,0
A044,A003,0,0,0,0,1,1
A044,A004,0,0,1,0,0,1
A044,A005,0,0,0,0,0,0
A044,A006,0,0,0,0,0,0
A044,A007,0,0,0,0,0,0
A044,A008,0,0,0,0,0,0
A044,A009,0,0,0,0,0,0
A044,A010,0,0,0,0,0,0
A044,A011,0,0,0,0,0,0
A044,A012,0,0,0,0,0,0
A044,A013,0,0,0,0,0,0
A044,A014,0,0,0,0,0,0
A044,A015,0,0,0,0,0,0
A044,A016,0,0,0,0,0,0
A044,A017,0,0,0,0,0,0
A044,A018,0,0,0,0,0,0
A044,A019,0,1,0,0,0,1
A044,A020,0,0,0,0,0,0
A044,A021,0,0,0,0,0,0
A044,A022,0,0,0,0,0,0
A044,A023,0,0,0,0,0,0
A044,A024,0,0,0,0,0,0
A044,A025,0,0,0,0,0,0
A044,A026,0,0,0,0,0,0
A044,A027,0,0,0,0,0,0
A044,A028,0,0,0,0,1,1
A044,A029,0,0,0,0,0,0
A044,A030,0,0,0,0,0,0
A044,A031,0,0,0,0,0,0
A044,A032,0,0,0,0,1,1
A044,A033,0,0,0,0,0,0
A044,A034,0,0,0,0,0,0
A044,A035,0,0,0,0,0,0
A044,A036,0,0,0,0,0,0
A044,A037,0,2,1,0,1,4
A044,A038,0,0,1,0,0,1
A044,A039,0,0,0,0,0,0
A044,A040,0,0,0,0,0,0
A044,A041,0,1,0,0,0,1
A044,A042,0,0,0,0,0,0
A044,A043,0,0,0,0,0,0
A044,A044,397,0,0,38,0,435
A044,A045,0,0,0,0,0,0
A044,A046,0,0,0,0,0,0
A044,A047,0,0,0,0,0,0
A044,A048,0,0,0,0,0,0
A044,A049,0,0,0,0,0,0
A044,A050,0,0,0,0,0,0
A044,A051,0,0,0,0,0,0
A044,A052,0,0,0,0,0,0
A044,A053,0,0,0,0,0,0
A044,A054,0,0,0,0,0,0
A044,A055,0,0,0,0,0,0
A044,A056,0,0,0,0,0,0
A044,A057,0,0,0,0,0,0
A044,A058,0,0,0,0,0,0
A044,A059,0,0,0,0,0,0
A044,A060,0,0,0,0,0,0
A044,A061,0,0,0,0,0,0
A044,A062,0,0,0,0,0,0
A044,A063,0,0,0,0,0,0
A044,A064,0,0,0,0,0,0
A044,A065,0,0,0,0,0,0
A044,A066,0,0,0,0,0,0
A044,A067,0,0,0,0,0,0
A044,A068,0,1,0,0,0,1
A044,A069,0,0,0,0,0,0
A044,A070,0,0,0,0,0,0
A044,A071,0,0,0,0,0,0
A044,A072,0,0,0,0,0,0
A044,A073,0,0,0,0,0,0
A044,A074,0,0,0,0,0,0
A044,A075,0,0,0,0,0,0
A044,A076,0,0,0,0,0,0
A044,A077,0,0,0,0,0,0
A044,A078,0,0,0,0,0,0
A044,A079,0,1,0,0,0,1
A044,A080,0,0,0,0,0,0
A044,A081,0,0,0,0,0,0
A044,A082,0,0,0,0,0,0
A044,A083,0,0,0,0,0,0
A044,A084,0,0,0,0,0,0
A044,A085,0,0,0,0,0,0
A044,A086,0,0,0,0,0,0
A044,A087,0,0,0,0,0,0
A044,A088,0,0,0,0,0,0
A044,A089,0,0,0,0,0,0
A044,A090,0,0,0,0,0,0
A044,A091,0,0,0,0,0,0
A044,A092,0,0,0,0,0,0
A044,A093,0,0,0,0,0,0
A044,A094,0,0,0,0,0,0
A044,A095,0,0,0,0,0,0
A044,A096,0,0,0,0,0,0
A044,A097,0,0,0,0,0,0
A044,A098,0,0,0,0,0,0
A044,A099,0,0,0,0,0,0
A044,A100,0,0,0,0,0,0
A044,A101,0,0,0,0,0,0
A044,A102,0,0,0,0,0,0
A044,A103,0,0,0,0,0,0
A044,A104,0,0,0,0,0,0
A044,A105,0,0,0,0,0,0
A044,A106,0,0,0,0,0,0
A044,A107,0,0,0,0,0,0
A044,A108,0,0,0,0,0,0
A044,A109,0,0,0,0,0,0
A044,A110,0,0,0,0,0,0
A044,A111,0,0,0,0,0,0
A044,A112,0,0,0,0,0,0
A044,A113,0,0,0,0,0,0
A044,A114,0,0,0,0,0,0
A044,A115,0,0,0,0,1,1
A044,A116,0,0,0,0,0,0
A044,A117,0,0,0,0,0,0
A044,A118,0,0,0,0,0,0
A044,A119,0,0,0,0,0,0
A044,A120,0,0,0,0,0,0
A045,A001,0,0,0,0,0,0
A045,A002,0,0,0,0,0,0
A045,A003,0,0,0,0,0,0
A045,A004,0,0,0,0,0,0
A045,A005,0,0,0,0,0,0
A045,A006,0,0,0,0,0,0
A045,A007,0,0,0,0,0,0
A045,A008,0,0,0,0,0,0
A045,A009,0,0,0,0,0,0
A045,A010,0,0,0,0,0,0
A045,A011,0,0,0,0,0,0
A045,A012,0,0,0,0,0,0
A045,A013,0,0,0,0,0,0
A045,A014,0,0,0,0,0,0
A045,A015,0,0,0,0,0,0
A045,A016,0,0,0,0,0,0
A045,A017,0,0,0,0,0,0
A045,A018,0,0,0,0,0,0
A045,A019,0,0,0,0,0,0
A045,A020,0,0,0,0,0,0
A045,A021,0,0,0,0,0,0
A045,A022,0,0,0,0,0,0
A045,A023,0,0,0,0,0,0
A045,A024,0,0,0,0,0,0
A045,A025,0,4,0,0,2,6
A045,A026,0,0,0,0,0,0
A045,A027,0,0,0,0,0,0
A045,A028,0,0,0,0,0,0
A045,A029,0,0,0,0,0,0
A045,A030,0,0,0,0,0,0
A045,A031,0,0,0,0,0,0
A045,A032,0,0,0,0,0,0
A045,A033,0,0,0,0,0,0
A045,A034,0,0,0,0,0,0
A045,A035,0,0,0,0,0,0
A045,A036,0,0,0,0,0,0
A045,A037,0,0,0,0,0,0
A045,A038,0,0,0,0,0,0
A045,A039,0,1,0,0,0,1
A045,A040,0,0,0,0,0,0
A045,A041,0,0,0,0,1,1
A045,A042,0,0,0,0,0,0
A045,A043,0,0,0,0,0,0
A045,A044,0,0,0,0,0,0
A045,A045,423,0,0,23,0,446
A045,A046,0,1,2,0,0,3
A045,A047,0,0,0,0,0,0
A045,A048,0,1,0,0,0,1
A045,A049,0,0,0,0,0,0
A045,A050,0,0,0,0,0,0
A045,A051,0,0,0,0,0,0
A045,A052,0,0,0,0,0,0
A045,A053,0,1,0,0,0,1
A045,A054,0,0,0,0,0,0
A045,A055,0,0,0,0,0,0
A045,A056,0,0,0,0,0,0
A045,A057,0,0,0,0,0,0
A045,A058,0,0,0,0,0,0
A045,A059,0,0,0,0,0,0
A045,A060,0,0,0,0,0,0
A045,A061,0,0,0,0,0,0
A045,A062,0,0,0,0,0,0
A045,A063,0,0,0,0,0,0
A045,A064,0,0,0,0,0,0
A045,A065,0,0,0,0,0,0
A045,A066,0,0,0,0,0,0
A045,A067,0,0,0,0,0,0
A045,A068,0,0,0,0,0,0
A045,A069,0,0,0,0,0,0
A045,A070,0,0,0,0,0,0
A045,A071,0,0,0,0,0,0
A045,A072,0,0,0,0,0,0
A045,A073,0,0,0,0,0,0
A045,A074,0,0,0,0,0,0
A045,A075,0,0,0,0,0,0
A045,A076,0,0,0,0,0,0
A045,A077,0,0,0,0,0,0
A045,A078,0,0,0,0,0,0
A045,A079,0,0,0,0,0,0
A045,A080,0,0,0,0,0,0
A045,A081,0,0,0,0,0,0
A045,A082,0,0,0,0,0,0
A045,A083,0,0,0,0,0,0
A045,A084,0,0,0,0,0,0
A045,A085,0,0,0,0,0,0
A045,A086,0,0,0,0,0,0
A045,A087,0,0,0,0,0,0
A045,A088,0,0,0,0,0,0
A045,A089,0,0,0,0,0,0
A045,A090,0,0,0,0,1,1
A045,A091,0,0,0,0,0,0
A045,A092,0,0,0,0,0,0
A045,A093,0,0,0,0,0,0
A045,A094,0,0,0,0,0,0
A045,A095,0,0,0,0,0,0
A045,A096,0,1,0,0,0,1
A045,A097,0,0,0,0,0,0
A045,A098,0,0,0,0,0,0
A045,A099,0,0,0,0,0,0
A045,A100,0,0,0,0,0,0
A045,A101,0,0,0,0,0,0
A045,A102,0,0,0,0,0,0
A045,A103,0,0,0,0,0,0
A045,A104,0,0,0,0,0,0
A045,A105,0,0,0,0,0,0
A045,A106,0,0,0,0,0,0
A045,A107,0,0,0,0,1,1
A045,A108,0,0,0,0,0,0
A045,A109,0,0,0,0,0,0
A045,A110,0,0,0,0,0,0
A045,A111,0,0,0,0,0,0
A045,A112,0,0,0,0,0,0
A045,A113,0,0,0,0,0,0
A045,A114,0,0,0,0,0,0
A045,A115,0,0,0,0,0,0
A045,A116,0,0,0,0,0,0
A045,A117,0,0,0,0,0,0
A045,A118,0,0,0,0,0,0
A045,A119,0,0,0,0,0,0
A045,A120,0,0,0,0,0,0
A046,A001,0,0,0,0,0,0
A046,A002,0,0,0,0,0,0
A046,A003,0,0,0,0,0,0
A046,A004,0,0,0,0,0,0
A046,A005,0,1,0,0,0,1
A046,A006,0,0,0,0,0,0
A046,A007,0,0,0,0,0,0
A046,A008,0,1,0,0,0,1
A046,A009,0,0,0,0,0,0
A046,A010,0,0,0,0,0,0
A046,A011,0,0,0,0,0,0
A046,A012,0,0,0,0,0,0
A046,A013,0,0,0,0,0,0
A046,A014,0,0,0,0,0,0
A046,A015,0,0,0,0,0,0
A046,A016,0,0,0,0,0,0
A046,A017,0,0,0,0,0,0
A046,A018,0,0,0,0,0,0
A046,A019,0,0,0,0,0,0
A046,A020,0,0,0,0,0,0
A046,A021,0,0,0,0,0,0
A046,A022,0,0,0,0,0,0
A046,A023,0,0,0,0,0,0
A046,A024,0,0,0,0,0,0
A046,A025,0,4,1,0,1,6
A046,A026,0,0,0,0,0,0
A046,A027,0,0,0,0,0,0
A046,A028,0,0,0,0,0,0
A046,A029,0,0,0,0,0,0
A046,A030,0,0,0,0,0,0
A046,A031,0,0,0,0,0,0
A046,A032,0,0,0,0,0,0
A046,A033,0,0,0,0,0,0
A046,A034,0,0,0,0,0,0
A046,A035,0,0,0,0,0,0
A046,A036,0,0,0,0,0,0
A046,A037,0,0,0,0,0,0
A046,A038,0,0,0,0,0,0
A046,A039,0,0,0,0,0,0
A046,A040,0,0,0,0,0,0
A046,A041,0,0,0,0,0,0
A046,A042,0,0,0,0,0,0
A046,A043,0,0,0,0,0,0
A046,A044,0,0,0,0,0,0
A046,A045,0,0,1,0,0,1
A046,A046,446,0,0,16,0,462
A046,A047,0,1,0,0,0,1
A046,A048,0,0,0,0,0,0
A046,A049,0,0,0,0,0,0
A046,A050,0,0,0,0,0,0
A046,A051,0,0,1,0,0,1
A046,A052,0,0,0,0,0,0
A046,A053,0,0,0,0,0,0
A046,A054,0,0,0,0,0,0
A046,A055,0,0,0,0,0,0
A046,A056,0,0,0,0,0,0
A046,A057,0,0,0,0,0,0
A046,A058,0,0,0,0,0,0
A046,A059,0,0,0,0,0,0
A046,A060,0,0,0,0,0,0
A046,A061,0,0,0,0,0,0
A046,A062,0,0,0,0,0,0
A046,A063,0,0,0,0,0,0
A046,A064,0,0,0,0,0,0
A046,A065,0,0,0,0,0,0
A046,A066,0,0,0,0,0,0
A046,A067,0,0,0,0,0,0
A046,A068,0,0,0,0,0,0
A046,A069,0,0,0,0,0,0
A046,A070,0,0,0,0,0,0
A046,A071,0,0,0,0,0,0
A046,A072,0,0,0,0,0,0
A046,A073,0,0,0,0,0,0
A046,A074,0,0,0,0,0,0
A046,A075,0,0,0,0,0,0
A046,A076,0,0,0,0,0,0
A046,A077,0,0,0,0,0,0
A046,A078,0,0,0,0,0,0
A046,A079,0,0,0,0,0,0
A046,A080,0,0,0,0,0,0
A046,A081,0,0,0,0,0,0
A046,A082,0,0,0,0,0,0
A046,A083,0,0,0,0,0,0
A046,A084,0,0,0,0,0,0
A046,A085,0,0,0,0,0,0
A046,A086,0,0,0,0,0,0
A046,A087,0,0,0,0,0,0
A046,A088,0,0,0,0,0,0
A046,A089,0,0,0,0,0,0
A046,A090,0,0,0,0,0,0
A046,A091,0,0,0,0,0,0
A046,A092,0,0,0,0,0,0
A046,A093,0,0,0,0,0,0
A046,A094,0,0,0,0,0,0
A046,A095,0,0,0,0,0,0
A046,A096,0,0,0,0,0,0
A046,A097,0,0,0,0,0,0
A046,A098,0,0,0,0,0,0
A046,A099,0,0,0,0,0,0
A046,A100,0,0,0,0,0,0
A046,A101,0,0,0,0,0,0
A046,A102,0,0,0,0,0,0
A046,A103,0,0,0,0,0,0
A046,A104,0,0,0,0,0,0
A046,A105,0,0,0,0,0,0
A046,A106,0,0,0,0,0,0
A046,A107,0,0,0,0,0,0
A046,A108,0,0,0,0,0,0
A046,A109,0,0,0,0,0,0
A046,A110,0,0,0,0,0,0
A046,A111,0,0,0,0,0,0
A046,A112,0,0,0,0,0,0
A046,A113,0,0,0,0,0,0
A046,A114,0,0,0,0,0,0
A046,A115,0,0,0,0,0,0
A046,A116,0,0,0,0,0,0
A046,A117,0,0,0,0,0,0
A046,A118,0,0,0,0,0,0
A046,A119,0,0,0,0,0,0
A046,A120,0,0,0,0,0,0
A047,A001,0,0,1,0,0,1
A047,A002,0,0,1,0,0,1
A047,A003,0,0,0,0,0,0
A047,A004,0,2,0,0,1,3
A047,A005,0,0,0,0,0,0
A047,A006,0,0,0,0,0,0
A047,A007,0,0,0,0,0,0
A047,A008,0,0,0,0,0,0
A047,A009,0,0,0,0,0,0
A047,A010,0,0,0,0,0,0
A047,A011,0,0,0,0,0,0
A047,A012,0,0,0,0,0,0
A047,A013,0,0,0,0,0,0
A047,A014,0,0,0,0,0,0
A047,A015,0,0,0,0,0,0
A047,A016,0,0,0,0,0,0
A047,A017,0,0,0,0,0,0
A047,A018,0,0,0,0,0,0
A047,A019,0,0,0,0,0,0
A047,A020,0,0,0,0,0,0
A047,A021,0,0,0,0,0,0
A047,A022,0,0,0,0,0,0
A047,A023,0,0,0,0,0,0
A047,A024,0,0,0,0,0,0
A047,A025,0,0,0,0,0,0
A047,A026,0,0,0,0,0,0
A047,A027,0,0,0,0,0,0
A047,A028,0,0,0,0,0,0
A047,A029,0,0,0,0,0,0
A047,A030,0,0,0,0,0,0
A047,A031,0,0,0,0,0,0
A047,A032,0,0,0,0,0,0
A047,A033,0,0,0,0,0,0
A047,A034,0,0,0,0,0,0
A047,A035,0,0,0,0,0,0
A047,A036,0,0,0,0,1,1
A047,A037,0,2,0,0,0,2
A047,A038,0,0,0,0,0,0
A047,A039,0,0,0,0,0,0
A047,A040,0,0,0,0,0,0
A047,A041,0,0,0,0,1,1
A047,A042,0,0,0,0,0,0
A047,A043,0,0,0,0,0,0
A047,A044,0,1,2,0,1,4
A047,A045,0,1,1,0,0,2
A047,A046,0,1,0,0,0,1
A047,A047,431,0,0,28,0,459
A047,A048,0,0,0,0,0,0
A047,A049,0,0,0,0,0,0
A047,A050,0,0,0,0,0,0
A047,A051,0,0,0,0,0,0
A047,A052,0,0,0,0,0,0
A047,A053,0,1,0,0,0,1
A047,A054,0,0,0,0,0,0
A047,A055,0,0,0,0,0,0
A047,A056,0,0,0,0,0,0
A047,A057,0,0,0,0,0,0
A047,A058,0,0,0,0,0,0
A047,A059,0,0,0,0,0,0
A047,A060,0,0,0,0,0,0
A047,A061,0,0,0,0,0,0
A047,A062,0,0,0,0,0,0
A047,A063,0,0,0,0,0,0
A047,A064,0,0,0,0,0,0
A047,A065,0,0,0,0,0,0
A047,A066,0,0,0,0,0,0
A047,A067,0,0,0,0,0,0
A047,A068,0,2,0,0,0,2
A047,A069,0,0,0,0,0,0
A047,A070,0,0,0,0,0,0
A047,A071,0,0,0,0,0,0
A047,A072,0,0,0,0,0,0
A047,A073,0,0,0,0,0,0
A047,A074,0,0,0,0,0,0
A047,A075,0,0,0,0,0,0
A047,A076,0,0,0,0,0,0
A047,A077,0,0,0,0,0,0
A047,A078,0,0,0,0,0,0
A047,A079,0,0,0,0,0,0
A047,A080,0,0,0,0,0,0
A047,A081,0,0,0,0,0,0
A047,A082,0,0,0,0,0,0
A047,A083,0,0,0,0,0,0
A047,A084,0,0,0,0,0,0
A047,A085,0,0,0,0,0,0
A047,A086,0,0,0,0,0,0
A047,A087,0,0,0,0,0,0
A047,A088,0,0,0,0,0,0
A047,A089,0,0,0,0,0,0
A047,A090,0,0,0,0,0,0
A047,A091,0,0,0,0,0,0
A047,A092,0,0,0,0,0,0
A047,A093,0,0,0,0,0,0
A047,A094,0,0,0,0,0,0
A047,A095,0,0,0,0,0,0
A047,A096,0,0,0,0,0,0
A047,A097,0,0,0,0,0,0
A047,A098,0,0,0,0,0,0
A047,A099,0,0,0,0,0,0
A047,A100,0,0,0,0,0,0
A047,A101,0,0,0,0,0,0
A047,A102,0,0,0,0,0,0
A047,A103,0,0,0,0,1,1
A047,A104,0,0,0,0,0,0
A047,A105,0,0,0,0,0,0
A047,A106,0,0,0,0,0,0
A047,A107,0,0,0,0,0,0
A047,A108,0,0,0,0,0,0
A047,A109,0,0,0,0,0,0
A047,A110,0,0,0,0,0,0
A047,A111,0,0,0,0,0,0
A047,A112,0,0,0,0,0,0
A047,A113,0,0,0,0,0,0
A047,A114,0,0,0,0,0,0
A047,A115,0,0,0,0,0,0
A047,A116,0,0,0,0,0,0
A047,A117,0,0,0,0,0,0
A047,A118,0,0,0,0,0,0
A047,A119,0,0,0,0,0,0
A047,A120,0,0,0,0,0,0
A048,A001,0,0,0,0,0,0
A048,A002,0,0,0,0,0,0
A048,A003,0,0,0,0,0,0
A048,A004,0,0,0,0,0,0
A048,A005,0,0,0,0,0,0
A048,A006,0,0,0,0,0,0
A048,A007,0,0,0,0,0,0
A048,A008,0,0,0,0,0,0
A048,A009,0,0,0,0,0,0
A048,A010,0,0,0,0,0,0
A048,A011,0,0,0,0,0,0
A048,A012,0,0,0,0,0,0
A048,A013,0,0,0,0,0,0
A048,A014,0,0,0,0,0,0
A048,A015,0,0,0,0,1,1
A048,A016,0,0,0,0,0,0
A048,A017,0,0,0,0,0,0
A048,A018,0,0,0,0,0,0
A048,A019,0,0,0,0,0,0
A048,A020,0,0,0,0,0,0
A048,A021,0,0,0,0,0,0
A048,A022,0,0,0,0,0,0
A048,A023,0,0,0,0,0,0
A048,A024,0,0,0,0,0,0
A048,A025,0,0,0,0,0,0
A048,A026,0,0,0,0,0,0
A048,A027,0,0,0,0,0,0
A048,A028,0,0,0,0,0,0
A048,A029,0,0,0,0,0,0
A048,A030,0,0,0,0,0,0
A048,A031,0,0,0,0,0,0
A048,A032,0,0,0,0,0,0
A048,A033,0,0,0,0,0,0
A048,A034,0,0,0,0,0,0
A048,A035,0,0,0,0,0,0
A048,A036,0,0,0,0,0,0
A048,A037,0,0,0,0,0,0
A048,A038,0,0,0,0,0,0
A048,A039,0,0,0,0,0,0
A048,A040,0,0,0,0,0,0
A048,A041,0,0,1,0,1,2
A048,A042,0,0,0,0,0,0
A048,A043,0,0,0,0,0,0
A048,A044,0,0,0,0,0,0
A048,A045,0,0,2,0,0,2
A048,A046,0,0,0,0,0,0
A048,A047,0,0,0,0,0,0
A048,A048,442,0,0,32,0,474
A048,A049,0,0,0,0,0,0
A048,A050,0,0,0,0,0,0
A048,A051,0,0,0,0,0,0
A048,A052,0,0,0,0,0,0
A048,A053,0,0,0,0,0,0
A048,A054,0,0,0,0,0,0
A048,A055,0,0,0,0,0,0
A048,A056,0,0,0,0,0,0
A048,A057,0,0,0,0,0,0
A048,A058,0,0,0,0,0,0
A048,A059,0,0,0,0,0,0
A048,A060,0,0,0,0,0,0
A048,A061,0,0,0,0,0,0
A048,A062,0,0,0,0,0,0
A048,A063,0,0,0,0,0,0
A048,A064,0,0,0,0,0,0
A048,A065,0,0,0,0,0,0
A048,A066,0,0,0,0,0,0
A048,A067,0,0,0,0,0,0
A048,A068,0,0,0,0,0,0
A048,A069,0,0,0,0,0,0
A048,A070,0,0,0,0,0,0
A048,A071,0,0,0,0,0,0
A048,A072,0,0,0,0,0,0
A048,A073,0,0,0,0,0,0
A048,A074,0,0,0,0,0,0
A048,A075,0,0,0,0,0,0
A048,A076,0,0,0,0,0,0
A048,A077,0,0,0,0,0,0
A048,A078,0,0,0,0,0,0
A048,A079,0,0,0,0,0,0
A048,A080,0,0,0,0,0,0
A048,A081,0,0,0,0,0,0
A048,A082,0,0,0,0,0,0
A048,A083,0,0,0,0,0,0
A048,A084,0,0,0,0,0,0
A048,A085,0,0,0,0,0,0
A048,A086,0,0,0,0,0,0
A048,A087,0,0,0,0,0,0
A048,A088,0,0,0,0,0,0
A048,A089,0,0,0,0,0,0
A048,A090,0,0,0,0,0,0
A048,A091,0,0,0,0,0,0
A048,A092,0,0,0,0,0,0
A048,A093,0,0,0,0,0,0
A048,A094,0,0,0,0,0,0
A048,A095,0,0,0,0,0,0
A048,A096,0,0,0,0,0,0
A048,A097,0,0,0,0,0,0
A048,A098,0,0,0,0,0,0
A048,A099,0,0,0,0,0,0
A048,A100,0,0,0,0,0,0
A048,A101,0,0,0,0,0,0
A048,A102,0,0,0,0,0,0
A048,A103,0,0,0,0,0,0
A048,A104,0,0,0,0,0,0
A048,A105,0,0,0,0,0,0
A048,A106,0,0,0,0,0,0
A048,A107,0,0,0,0,0,0
A048,A108,0,0,0,0,0,0
A048,A109,0,0,0,0,0,0
A048,A110,0,0,0,0,0,0
A048,A111,0,0,0,0,0,0
A048,A112,0,0,0,0,0,0
A048,A113,0,0,0,0,0,0
A048,A114,0,0,0,0,0,0
A048,A115,0,0,0,0,0,0
A048,A116,0,0,0,0,0,0
A048,A117,0,0,0,0,0,0
A048,A118,0,0,0,0,0,0
A048,A119,0,0,0,0,0,0
A048,A120,0,0,0,0,0,0
A049,A001,0,0,0,0,0,0
A049,A002,0,0,0,0,0,0
A049,A003,0,0,0,0,0,0
A049,A004,0,0,0,0,0,0
A049,A005,0,0,0,0,0,0
A049,A006,0,0,0,0,0,0
A049,A007,0,0,0,0,0,0
A049,A008,0,0,0,0,0,0
A049,A009,0,0,0,0,0,0
A049,A010,0,1,0,0,0,1
A049,A011,0,0,0,0,0,0
A049,A012,0,1,0,0,0,1
A049,A013,0,1,0,0,0,1
A049,A014,0,1,0,0,0,1
A049,A015,0,0,0,0,0,0
A049,A016,0,0,0,0,0,0
A049,A017,0,0,0,0,0,0
A049,A018,0,0,0,0,0,0
A049,A019,0,0,0,0,0,0
A049,A020,0,0,0,0,0,0
A049,A021,0,1,0,0,0,1
A049,A022,0,0,0,0,0,0
A049,A023,0,2,0,0,0,2
A049,A024,0,0,0,0,0,0
A049,A025,0,0,0,0,0,0
A049,A026,0,0,0,0,0,0
A049,A027,0,0,0,0,0,0
A049,A028,0,0,0,0,0,0
A049,A029,0,0,0,0,0,0
A049,A030,0,0,0,0,0,0
A049,A031,0,0,0,0,0,0
A049,A032,0,0,0,0,0,0
A049,A033,0,0,0,0,0,0
A049,A034,0,0,0,0,0,0
A049,A035,0,0,0,0,0,0
A049,A036,0,0,0,0,0,0
A049,A037,0,1,0,0,0,1
A049,A038,0,0,0,0,0,0
A049,A039,0,0,0,0,0,0
A049,A040,0,1,0,0,0,1
A049,A041,0,0,0,0,0,0
A049,A042,0,0,0,0,0,0
A049,A043,0,0,0,0,0,0
A049,A044,0,0,0,0,0,0
A049,A045,0,0,0,0,0,0
A049,A046,0,0,0,0,0,0
A049,A047,0,0,0,0,0,0
A049,A048,0,0,0,0,0,0
A049,A049,465,0,0,17,0,482
A049,A050,0,0,0,0,0,0
A049,A051,0,0,0,0,0,0
A049,A052,0,0,0,0,0,0
A049,A053,0,0,0,0,0,0
A049,A054,0,0,0,0,0,0
A049,A055,0,0,0,0,0,0
A049,A056,0,0,0,0,0,0
A049,A057,0,0,0,0,0,0
A049,A058,0,0,0,0,0,0
A049,A059,0,0,0,0,0,0
A049,A060,0,0,0,0,0,0
A049,A061,0,0,0,0,0,0
A049,A062,0,0,0,0,0,0
A049,A063,0,0,0,0,0,0
A049,A064,0,0,0,0,0,0
A049,A065,0,0,0,0,0,0
A049,A066,0,0,0,0,0,0
A049,A067,0,0,0,0,0,0
A049,A068,0,0,0,0,0,0
A049,A069,0,0,0,0,0,0
A049,A070,0,0,0,0,0,0
A049,A071,0,0,0,0,0,0
A049,A072,0,0,0,0,0,0
A049,A073,0,0,0,0,0,0
A049,A074,0,0,0,0,0,0
A049,A075,0,0,0,0,0,0
A049,A076,0,0,0,0,0,0
A049,A077,0,0,0,0,0,0
A049,A078,0,0,0,0,0,0
A049,A079,0,0,0,0,1,1
A049,A080,0,0,0,0,0,0
A049,A081,0,0,0,0,0,0
A049,A082,0,0,0,0,0,0
A049,A083,0,0,0,0,0,0
A049,A084,0,0,0,0,0,0
A049,A085,0,0,0,0,0,0
A049,A086,0,0,0,0,0,0
A049,A087,0,0,0,0,0,0
A049,A088,0,0,0,0,0,0
A049,A089,0,0,0,0,1,1
A049,A090,0,0,0,0,0,0
A049,A091,0,0,0,0,0,0
A049,A092,0,0,0,0,0,0
A049,A093,0,0,0,0,0,0
A049,A094,0,0,0,0,0,0
A049,A095,0,0,0,0,0,0
A049,A096,0,0,0,0,0,0
A049,A097,0,0,0,0,0,0
A049,A098,0,0,0,0,0,0
A049,A099,0,0,0,0,0,0
A049,A100,0,0,0,0,0,0
A049,A101,0,0,0,0,0,0
A049,A102,0,0,0,0,0,0
A049,A103,0,0,0,0,0,0
A049,A104,0,0,0,0,0,0
A049,A105,0,0,0,0,0,0
A049,A106,0,0,0,0,0,0
A049,A107,0,0,0,0,0,0
A049,A108,0,0,0,0,0,0
A049,A109,0,0,0,0,0,0
A049,A110,0,0,0,0,0,0
A049,A111,0,0,0,0,0,0
A049,A112,0,0,0,0,0,0
A049,A113,0,0,0,0,0,0
A049,A114,0,0,0,0,0,0
A049,A115,0,0,0,0,0,0
A049,A116,0,0,0,0,0,0
A049,A117,0,0,0,0,0,0
A049,A118,0,0,0,0,0,0
A049,A119,0,0,0,0,0,0
A049,A120,0,0,0,0,0,0
A050,A001,0,0,0,0,0,0
A050,A002,0,0,0,0,0,0
A050,A003,0,0,0,0,0,0
A050,A004,0,0,0,0,0,0
A050,A005,0,0,0,0,0,0
A050,A006,0,0,0,0,0,0
A050,A007,0,2,0,0,0,2
A050,A008,0,0,0,0,0,0
A050,A009,0,0,0,0,0,0
A050,A010,0,0,0,0,0,0
A050,A011,0,0,0,0,0,0
A050,A012,0,0,0,0,0,0
A050,A013,0,0,0,0,0,0
A050,A014,0,0,0,0,0,0
A050,A015,0,0,0,0,0,0
A050,A016,0,0,0,0,0,0
A050,A017,0,0,0,0,0,0
A050,A018,0,0,0,0,0,0
A050,A019,0,0,0,0,0,0
A050,A020,0,0,0,0,0,0
A050,A021,0,0,0,0,0,0
A050,A022,0,0,0,0,0,0
A050,A023,0,0,0,0,0,0
A050,A024,0,0,0,0,0,0
A050,A025,0,0,0,0,0,0
A050,A026,0,0,0,0,0,0
A050,A027,0,0,0,0,0,0
A050,A028,0,0,0,0,0,0
A050,A029,0,0,0,0,0,0
A050,A030,0,0,0,0,0,0
A050,A031,0,1,0,0,0,1
A050,A032,0,0,0,0,0,0
A050,A033,0,0,0,0,0,0
A050,A034,0,0,0,0,0,0
A050,A035,0,0,0,0,0,0
A050,A036,0,1,0,0,0,1
A050,A037,0,0,0,0,0,0
A050,A038,0,0,0,0,0,0
A050,A039,0,0,0,0,0,0
A050,A040,0,0,0,0,0,0
A050,A041,0,0,0,0,0,0
A050,A042,0,0,0,0,0,0
A050,A043,0,0,0,0,0,0
A050,A044,0,0,0,0,0,0
A050,A045,0,0,0,0,0,0
A050,A046,0,0,0,0,0,0
A050,A047,0,0,0,0,0,0
A050,A048,0,0,0,0,0,0
A050,A049,0,0,0,0,0,0
A050,A050,438,0,0,23,0,461
A050,A051,0,1,0,0,0,1
A050,A052,0,0,0,0,0,0
A050,A053,0,0,0,0,0,0
A050,A054,0,0,0,0,0,0
A050,A055,0,0,0,0,0,0
A050,A056,0,0,0,0,0,0
A050,A057,0,0,0,0,1,1
A050,A058,0,0,0,0,0,0
A050,A059,0,0,0,0,0,0
A050,A060,0,0,0,0,0,0
A050,A061,0,0,0,0,0,0
A050,A062,0,0,0,0,0,0
A050,A063,0,0,0,0,0,0
A050,A064,0,0,0,0,0,0
A050,A065,0,0,0,0,0,0
A050,A066,0,0,0,0,0,0
A050,A067,0,0,0,0,0,0
A050,A068,0,0,0,0,0,0
A050,A069,0,0,0,0,0,0
A050,A070,0,0,0,0,0,0
A050,A071,0,0,0,0,0,0
A050,A072,0,0,0,0,0,0
A050,A073,0,0,0,0,0,0
A050,A074,0,0,0,0,0,0
A050,A075,0,0,0,0,0,0
A050,A076,0,0,0,0,0,0
A050,A077,0,0,0,0,0,0
A050,A078,0,0,0,0,0,0
A050,A079,0,0,0,0,0,0
A050,A080,0,0,0,0,0,0
A050,A081,0,0,0,0,0,0
A050,A082,0,0,0,0,0,0
A050,A083,0,0,0,0,0,0
A050,A084,0,0,0,0,0,0
A050,A085,0,0,0,0,0,0
A050,A086,0,0,0,0,0,0
A050,A087,0,0,0,0,0,0
A050,A088,0,0,0,0,0,0
A050,A089,0,0,0,0,0,0
A050,A090,0,0,0,0,0,0
A050,A091,0,0,0,0,0,0
A050,A092,0,0,0,0,0,0
A050,A093,0,0,0,0,0,0
A050,A094,0,0,0,0,0,0
A050,A095,0,0,0,0,0,0
A050,A096,0,0,0,0,0,0
A050,A097,0,0,0,0,0,0
A050,A098,0,0,0,0,0,0
A050,A099,0,0,0,0,0,0
A050,A100,0,0,0,0,0,0
A050,A101,0,0,0,0,0,0
A050,A102,0,0,0,0,0,0
A050,A103,0,0,0,0,0,0
A050,A104,0,0,0,0,0,0
A050,A105,0,0,0,0,0,0
A050,A106,0,1,1,0,0,2
A050,A107,0,0,3,0,0,3
A050,A108,0,0,1,0,0,1
A050,A109,0,0,0,0,0,0
A050,A110,0,0,0,0,0,0
A050,A111,0,0,0,0,0,0
A050,A112,0,0,0,0,0,0
A050,A113,0,0,0,0,0,0
A050,A114,0,0,0,0,0,0
A050,A115,0,0,0,0,0,0
A050,A116,0,0,0,0,0,0
A050,A117,0,0,0,0,0,0
A050,A118,0,0,0,0,0,0
A050,A119,0,0,0,0,0,0
A050,A120,0,0,0,0,0,0
A051,A001,0,0,0,0,0,0
A051,A002,0,0,0,0,0,0
A051,A003,0,0,0,0,0,0
A051,A004,0,0,0,0,0,0
A051,A005,0,0,0,0,0,0
A051,A006,0,0,0,0,0,0
A051,A007,0,0,0,0,0,0
A051,A008,0,0,0,0,0,0
A051,A009,0,0,0,0,0,0
A051,A010,0,0,0,0,0,0
A051,A011,0,0,0,0,0,0
A051,A012,0,0,0,0,0,0
A051,A013,0,0,0,0,0,0
A051,A014,0,0,0,0,0,0
A051,A015,0,0,0,0,0,0
A051,A016,0,0,0,0,0,0
A051,A017,0,0,0,0,0,0
A051,A018,0,0,0,0,0,0
A051,A019,0,0,0,0,0,0
A051,A020,0,0,0,0,0,0
A051,A021,0,0,0,0,0,0
A051,A022,0,0,0,0,0,0
A051,A023,0,0,0,0,0,0
A051,A024,0,1,0,0,0,1
A051,A025,0,0,0,0,0,0
A051,A026,0,0,0,0,0,0
A051,A027,0,0,0,0,0,0
A051,A028,0,0,0,0,0,0
A051,A029,0,0,0,0,0,0
A051,A030,0,0,0,0,0,0
A051,A031,0,0,0,0,0,0
A051,A032,0,0,0,0,0,0
A051,A033,0,0,0,0,0,0
A051,A034,0,0,0,0,0,0
A051,A035,0,0,0,0,0,0
A051,A036,0,0,0,0,0,0
A051,A037,0,0,0,0,0,0
A051,A038,0,0,0,0,0,0
A051,A039,0,0,0,0,0,0
A051,A040,0,0,0,0,0,0
A051,A041,0,0,0,0,0,0
A051,A042,0,0,0,0,0,0
A051,A043,0,0,0,0,0,0
A051,A044,0,0,0,0,0,0
A051,A045,0,0,0,0,0,0
A051,A046,0,0,0,0,0,0
A051,A047,0,0,0,0,0,0
A051,A048,0,0,0,0,0,0
A051,A049,0,0,0,0,0,0
A051,A050,0,0,0,0,0,0
A051,A051,452,0,0,17,0,469
A051,A052,0,0,0,0,0,0
A051,A053,0,0,0,0,0,0
A051,A054,0,0,0,0,0,0
A051,A055,0,0,0,0,0,0
A051,A056,0,0,0,0,0,0
A051,A057,0,0,1,0,0,1
A051,A058,0,0,0,0,0,0
A051,A059,0,0,0,0,0,0
A051,A060,0,0,0,0,0,0
A051,A061,0,0,0,0,0,0
A051,A062,0,0,0,0,0,0
A051,A063,0,0,0,0,0,0
A051,A064,0,0,0,0,0,0
A051,A065,0,0,0,0,0,0
A051,A066,0,0,0,0,0,0
A051,A067,0,0,0,0,0,0
A051,A068,0,0,0,0,0,0
A051,A069,0,0,0,0,0,0
A051,A070,0,0,0,0,0,0
A051,A071,0,0,0,0,0,0
A051,A072,0,0,0,0,0,0
A051,A073,0,0,0,0,0,0
A051,A074,0,0,0,0,0,0
A051,A075,0,0,0,0,0,0
A051,A076,0,0,0,0,0,0
A051,A077,0,0,0,0,0,0
A051,A078,0,0,0,0,0,0
A051,A079,0,0,0,0,0,0
A051,A080,0,0,0,0,0,0
A051,A081,0,0,0,0,0,0
A051,A082,0,0,0,0,0,0
A051,A083,0,0,0,0,0,0
A051,A084,0,0,0,0,0,0
A051,A085,0,0,0,0,0,0
A051,A086,0,0,0,0,0,0
A051,A087,0,0,0,0,0,0
A051,A088,0,0,0,0,0,0
A051,A089,0,0,0,0,0,0
A051,A090,0,0,0,0,0,0
A051,A091,0,0,0,0,0,0
A051,A092,0,0,0,0,0,0
A051,A093,0,0,0,0,0,0
A051,A094,0,0,0,0,0,0
A051,A095,0,0,0,0,0,0
A051,A096,0,0,0,0,0,0
A051,A097,0,0,0,0,0,0
A051,A098,0,0,0,0,0,0
A051,A099,0,0,0,0,0,0
A051,A100,0,0,0,0,0,0
A051,A101,0,0,0,0,0,0
A051,A102,0,1,1,0,0,2
A051,A103,0,0,0,0,0,0
A051,A104,0,0,0,0,0,0
A051,A105,0,0,0,0,0,0
A051,A106,0,0,0,0,0,0
A051,A107,0,0,0,0,0,0
A051,A108,0,1,0,0,0,1
A051,A109,0,0,0,0,0,0
A051,A110,0,0,0,0,0,0
A051,A111,0,3,0,0,0,3
A051,A112,0,0,0,0,0,0
A051,A113,0,0,0,0,0,0
A051,A114,0,0,0,0,0,0
A051,A115,0,0,0,0,1,1
A051,A116,0,0,0,0,0,0
A051,A117,0,0,0,0,0,0
A051,A118,0,0,0,0,0,0
A051,A119,0,0,0,0,0,0
A051,A120,0,0,0,0,0,0
A052,A001,0,0,0,0,0,0
A052,A002,0,0,0,0,0,0
A052,A003,0,0,0,0,0,0
A052,A004,0,0,0,0,0,0
A052,A005,0,0,0,0,0,0
A052,A006,0,0,0,0,0,0
A052,A007,0,0,0,0,0,0
A052,A008,0,0,0,0,0,0
A052,A009,0,0,0,0,0,0
A052,A010,0,1,0,0,0,1
A052,A011,0,0,0,0,0,0
A052,A012,0,0,0,0,0,0
A052,A013,0,0,0,0,0,0
A052,A014,0,0,0,0,0,0
A052,A015,0,0,0,0,0,0
A052,A016,0,0,0,0,0,0
A052,A017,0,0,0,0,0,0
A052,A018,0,0,0,0,0,0
A052,A019,0,0,0,0,0,0
A052,A020,0,0,0,0,0,0
A052,A021,0,0,0,0,0,0
A052,A022,0,0,0,0,0,0
A052,A023,0,0,0,0,0,0
A052,A024,0,0,0,0,0,0
A052,A025,0,0,0,0,0,0
A052,A026,0,0,0,0,0,0
A052,A027,0,0,0,0,0,0
A052,A028,0,0,0,0,0,0
A052,A029,0,0,0,0,0,0
A052,A030,0,0,0,0,0,0
A052,A031,0,0,0,0,0,0
A052,A032,0,0,0,0,0,0
A052,A033,0,0,0,0,0,0
A052,A034,0,0,0,0,0,0
A052,A035,0,0,0,0,0,0
A052,A036,0,0,0,0,0,0
A052,A037,0,0,0,0,0,0
A052,A038,0,0,0,0,0,0
A052,A039,0,0,0,0,0,0
A052,A040,0,0,0,0,0,0
A052,A041,0,0,0,0,0,0
A052,A042,0,0,0,0,0,0
A052,A043,0,0,0,0,0,0
A052,A044,0,0,0,0,0,0
A052,A045,0,0,0,0,0,0
A052,A046,0,0,0,0,0,0
A052,A047,0,0,0,0,0,0
A052,A048,0,0,0,0,0,0
A052,A049,0,0,0,0,0,0
A052,A050,0,0,0,0,0,0
A052,A051,0,0,0,0,0,0
A052,A052,488,0,0,13,0,501
A052,A053,0,0,0,0,0,0
A052,A054,0,0,0,0,0,0
A052,A055,0,0,0,0,0,0
A052,A056,0,0,0,0,0,0
A052,A057,0,0,0,0,0,0
A052,A058,0,0,0,0,0,0
A052,A059,0,0,0,0,0,0
A052,A060,0,0,0,0,0,0
A052,A061,0,0,0,0,0,0
A052,A062,0,0,0,0,0,0
A052,A063,0,0,0,0,0,0
A052,A064,0,0,0,0,0,0
A052,A065,0,0,0,0,0,0
A052,A066,0,0,0,0,0,0
A052,A067,0,0,0,0,0,0
A052,A068,0,0,0,0,0,0
A052,A069,0,0,0,0,0,0
A052,A070,0,0,0,0,0,0
A052,A071,0,0,0,0,0,0
A052,A072,0,0,0,0,0,0
A052,A073,0,0,0,0,0,0
A052,A074,0,0,0,0,0,0
A052,A075,0,0,0,0,0,0
A052,A076,0,0,0,0,0,0
A052,A077,0,0,0,0,0,0
A052,A078,0,0,0,0,0,0
A052,A079,0,0,0,0,0,0
A052,A080,0,0,0,0,0,0
A052,A081,0,0,0,0,0,0
A052,A082,0,0,0,0,0,0
A052,A083,0,0,0,0,0,0
A052,A084,0,0,0,0,0,0
A052,A085,0,0,0,0,0,0
A052,A086,0,0,0,0,0,0
A052,A087,0,0,0,0,0,0
A052,A088,0,0,0,0,0,0
A052,A089,0,0,0,0,0,0
A052,A090,0,0,0,0,0,0
A052,A091,0,0,0,0,0,0
A052,A092,0,0,0,0,0,0
A052,A093,0,0,0,0,0,0
A052,A094,0,0,0,0,0,0
A052,A095,0,0,0,0,0,0
A052,A096,0,0,0,0,0,0
A052,A097,0,0,0,0,0,0
A052,A098,0,0,0,0,0,0
A052,A099,0,0,0,0,0,0
A052,A100,0,0,0,0,0,0
A052,A101,0,0,0,0,0,0
A052,A102,0,0,0,0,0,0
A052,A103,0,0,0,0,0,0
A052,A104,0,0,0,0,0,0
A052,A105,0,0,0,0,0,0
A052,A106,0,0,0,0,0,0
A052,A107,0,0,0,0,0,0
A052,A108,0,0,0,0,0,0
A052,A109,0,0,0,0,0,0
A052,A110,0,0,0,0,0,0
A052,A111,0,0,0,0,0,0
A052,A112,0,0,0,0,0,0
A052,A113,0,0,0,0,0,0
A052,A114,0,0,0,0,0,0
A052,A115,0,0,0,0,0,0
A052,A116,0,0,0,0,0,0
A052,A117,0,0,0,0,0,0
A052,A118,0,0,0,0,0,0
A052,A119,0,0,0,0,0,0
A052,A120,0,0,0,0,0,0
A053,A001,0,0,0,0,0,0
A053,A002,0,0,0,0,0,0
A053,A003,0,0,1,0,0,1
A053,A004,0,0,0,0,0,0
A053,A005,0,0,0,0,0,0
A053,A006,0,0,0,0,0,0
A053,A007,0,0,0,0,0,0
A053,A008,0,0,0,0,0,0
A053,A009,0,0,0,0,0,0
A053,A010,0,0,0,0,0,0
A053,A011,0,0,0,0,0,0
A053,A012,0,0,0,0,0,0
A053,A013,0,0,0,0,0,0
A053,A014,0,0,0,0,0,0
A053,A015,0,0,0,0,0,0
A053,A016,0,0,0,0,0,0
A053,A017,0,0,0,0,0,0
A053,A018,0,0,0,0,0,0
A053,A019,0,0,0,0,0,0
A053,A020,0,0,0,0,0,0
A053,A021,0,0,0,0,0,0
A053,A022,0,0,0,0,0,0
A053,A023,0,0,0,0,0,0
A053,A024,0,0,0,0,0,0
A053,A025,0,0,0,0,0,0
A053,A026,0,0,0,0,0,0
A053,A027,0,0,0,0,0,0
A053,A028,0,0,0,0,0,0
A053,A029,0,0,0,0,0,0
A053,A030,0,0,0,0,0,0
A053,A031,0,2,0,0,0,2
A053,A032,0,0,0,0,0,0
A053,A033,0,1,0,0,0,1
A053,A034,0,0,0,0,0,0
A053,A035,0,0,0,0,0,0
A053,A036,0,0,0,0,1,1
A053,A037,0,0,0,0,0,0
A053,A038,0,0,0,0,0,0
A053,A039,0,0,0,0,0,0
A053,A040,0,0,0,0,0,0
A053,A041,0,0,0,0,0,0
A053,A042,0,0,0,0,0,0
A053,A043,0,0,0,0,0,0
A053,A044,0,0,0,0,0,0
A053,A045,0,0,0,0,0,0
A053,A046,0,0,0,0,1,1
A053,A047,0,0,0,0,0,0
A053,A048,0,0,0,0,0,0
A053,A049,0,0,0,0,0,0
A053,A050,0,0,0,0,0,0
A053,A051,0,0,0,0,0,0
A053,A052,0,0,0,0,0,0
A053,A053,415,0,0,39,0,454
A053,A054,0,2,1,0,1,4
A053,A055,0,1,0,0,0,1
A053,A056,0,0,0,0,0,0
A053,A057,0,1,1,0,0,2
A053,A058,0,0,0,0,0,0
A053,A059,0,0,0,0,0,0
A053,A060,0,0,0,0,0,0
A053,A061,0,0,0,0,0,0
A053,A062,0,0,0,0,0,0
A053,A063,0,0,0,0,0,0
A053,A064,0,0,0,0,0,0
A053,A065,0,0,0,0,0,0
A053,A066,0,0,0,0,0,0
A053,A067,0,0,0,0,0,0
A053,A068,0,0,0,0,0,0
A053,A069,0,0,0,0,0,0
A053,A070,0,0,0,0,0,0
A053,A071,0,0,0,0,0,0
A053,A072,0,0,0,0,0,0
A053,A073,0,0,0,0,0,0
A053,A074,0,0,0,0,0,0
A053,A075,0,0,0,0,0,0
A053,A076,0,0,0,0,0,0
A053,A077,0,0,0,0,0,0
A053,A078,0,0,0,0,0,0
A053,A079,0,0,0,0,0,0
A053,A080,0,0,0,0,0,0
A053,A081,0,0,0,0,0,0
A053,A082,0,0,0,0,0,0
A053,A083,0,0,0,0,0,0
A053,A084,0,0,0,0,0,0
A053,A085,0,0,0,0,0,0
A053,A086,0,0,0,0,0,0
A053,A087,0,0,0,0,0,0
A053,A088,0,0,0,0,0,0
A053,A089,0,0,0,0,0,0
A053,A090,0,0,0,0,0,0
A053,A091,0,0,0,0,0,0
A053,A092,0,0,0,0,0,0
A053,A093,0,0,0,0,0,0
A053,A094,0,0,0,0,0,0
A053,A095,0,0,0,0,0,0
A053,A096,0,0,0,0,0,0
A053,A097,0,0,0,0,0,0
A053,A098,0,0,0,0,0,0
A053,A099,0,0,0,0,0,0
A053,A100,0,0,0,0,0,0
A053,A101,0,0,0,0,0,0
A053,A102,0,0,0,0,0,0
A053,A103,0,0,0,0,0,0
A053,A104,0,0,0,0,0,0
A053,A105,0,0,0,0,0,0
A053,A106,0,0,0,0,0,0
A053,A107,0,0,0,0,1,1
A053,A108,0,0,0,0,0,0
A053,A109,0,0,0,0,0,0
A053,A110,0,0,0,0,0,0
A053,A111,0,0,0,0,0,0
A053,A112,0,0,0,0,0,0
A053,A113,0,0,0,0,0,0
A053,A114,0,0,0,0,0,0
A053,A115,0,0,0,0,0,0
A053,A116,0,0,0,0,0,0
A053,A117,0,1,0,0,0,1
A053,A118,0,0,0,0,0,0
A053,A119,0,0,0,0,0,0
A053,A120,0,0,0,0,0,0
A054,A001,0,0,0,0,0,0
A054,A002,0,0,0,0,0,0
A054,A003,0,0,0,0,0,0
A054,A004,0,0,0,0,0,0
A054,A005,0,0,0,0,1,1
A054,A006,0,0,0,0,0,0
A054,A007,0,0,0,0,0,0
A054,A008,0,0,0,0,0,0
A054,A009,0,0,0,0,0,0
A054,A010,0,0,0,0,0,0
A054,A011,0,0,0,0,0,0
A054,A012,0,0,0,0,0,0
A054,A013,0,0,0,0,0,0
A054,A014,0,0,0,0,0,0
A054,A015,0,0,0,0,0,0
A054,A016,0,0,0,0,0,0
A054,A017,0,0,0,0,0,0
A054,A018,0,0,0,0,0,0
A054,A019,0,0,0,0,0,0
A054,A020,0,0,0,0,0,0
A054,A021,0,0,0,0,0,0
A054,A022,0,0,0,0,0,0
A054,A023,0,0,0,0,0,0
A054,A024,0,0,0,0,0,0
A054,A025,0,0,0,0,0,0
A054,A026,0,0,0,0,0,0
A054,A027,0,0,0,0,0,0
A054,A028,0,0,0,0,0,0
A054,A029,0,0,0,0,0,0
A054,A030,0,0,0,0,0,0
A054,A031,0,0,0,0,0,0
A054,A032,0,0,0,0,0,0
A054,A033,0,0,1,0,0,1
A054,A034,0,0,0,0,0,0
A054,A035,0,0,0,0,0,0
A054,A036,0,0,0,0,1,1
A054,A037,0,0,0,0,0,0
A054,A038,0,0,1,0,1,2
A054,A039,0,0,0,0,0,0
A054,A040,0,0,0,0,0,0
A054,A041,0,0,0,0,0,0
A054,A042,0,0,0,0,0,0
A054,A043,0,0,0,0,0,0
A054,A044,0,0,0,0,0,0
A054,A045,0,0,0,0,0,0
A054,A046,0,0,0,0,0,0
A054,A047,0,0,0,0,0,0
A054,A048,0,0,0,0,0,0
A054,A049,0,0,0,0,0,0
A054,A050,0,0,0,0,1,1
A054,A051,0,0,0,0,0,0
A054,A052,0,0,0,0,0,0
A054,A053,0,0,8,0,1,9
A054,A054,458,0,0,82,0,540
A054,A055,0,0,0,0,0,0
A054,A056,0,0,0,0,1,1
A054,A057,0,0,1,0,0,1
A054,A058,0,0,0,0,0,0
A054,A059,0,0,0,0,0,0
A054,A060,0,0,0,0,0,0
A054,A061,0,0,0,0,0,0
A054,A062,0,0,0,0,0,0
A054,A063,0,0,0,0,0,0
A054,A064,0,0,0,0,0,0
A054,A065,0,0,0,0,0,0
A054,A066,0,0,0,0,0,0
A054,A067,0,0,0,0,0,0
A054,A068,0,0,0,0,0,0
A054,A069,0,0,1,0,0,1
A054,A070,0,0,0,0,0,0
A054,A071,0,0,0,0,0,0
A054,A072,0,0,0,0,0,0
A054,A073,0,0,0,0,0,0
A054,A074,0,0,0,0,0,0
A054,A075,0,0,0,0,0,0
A054,A076,0,0,0,0,0,0
A054,A077,0,0,0,0,0,0
A054,A078,0,0,0,0,0,0
A054,A079,0,0,0,0,0,0
A054,A080,0,0,0,0,0,0
A054,A081,0,0,0,0,0,0
A054,A082,0,0,0,0,0,0
A054,A083,0,0,0,0,0,0
A054,A084,0,0,0,0,0,0
A054,A085,0,0,0,0,0,0
A054,A086,0,0,0,0,0,0
A054,A087,0,0,0,0,0,0
A054,A088,0,0,0,0,0,0
A054,A089,0,0,0,0,0,0
A054,A090,0,0,0,0,0,0
A054,A091,0,0,0,0,0,0
A054,A092,0,0,0,0,0,0
A054,A093,0,0,0,0,0,0
A054,A094,0,0,0,0,0,0
A054,A095,0,0,0,0,0,0
A054,A096,0,0,0,0,0,0
A054,A097,0,0,0,0,0,0
A054,A098,0,0,0,0,0,0
A054,A099,0,0,0,0,0,0
A054,A100,0,0,0,0,0,0
A054,A101,0,0,0,0,0,0
A054,A102,0,0,0,0,0,0
A054,A103,0,0,0,0,0,0
A054,A104,0,0,0,0,0,0
A054,A105,0,0,0,0,0,0
A054,A106,0,0,0,0,0,0
A054,A107,0,1,0,0,0,1
A054,A108,0,0,0,0,0,0
A054,A109,0,0,0,0,0,0
A054,A110,0,0,1,0,1,2
A054,A111,0,0,0,0,0,0
A054,A112,0,0,0,0,0,0
A054,A113,0,0,0,0,0,0
A054,A114,0,0,0,0,0,0
A054,A115,0,0,0,0,0,0
A054,A116,0,0,0,0,0,0
A054,A117,0,0,0,0,0,0
A054,A118,0,0,0,0,0,0
A054,A119,0,0,0,0,0,0
A054,A120,0,0,0,0,0,0
A055,A001,0,0,0,0,0,0
A055,A002,0,0,0,0,0,0
A055,A003,0,0,0,0,0,0
A055,A004,0,0,0,0,0,0
A055,A005,0,0,0,0,0,0
A055,A006,0,0,0,0,0,0
A055,A007,0,0,0,0,0,0
A055,A008,0,0,0,0,0,0
A055,A009,0,0,0,0,0,0
A055,A010,0,0,0,0,0,0
A055,A011,0,0,0,0,0,0
A055,A012,0,0,0,0,0,0
A055,A013,0,0,0,0,0,0
A055,A014,0,0,0,0,0,0
A055,A015,0,0,0,0,1,1
A055,A016,0,0,0,0,0,0
A055,A017,0,0,0,0,0,0
A055,A018,0,0,0,0,0,0
A055,A019,0,0,0,0,0,0
A055,A020,0,0,0,0,0,0
A055,A021,0,0,0,0,0,0
A055,A022,0,0,0,0,0,0
A055,A023,0,0,0,0,0,0
A055,A024,0,0,0,0,0,0
A055,A025,0,0,0,0,0,0
A055,A026,0,0,0,0,0,0
A055,A027,0,0,0,0,0,0
A055,A028,0,0,0,0,0,0
A055,A029,0,0,0,0,0,0
A055,A030,0,0,0,0,0,0
A055,A031,0,0,0,0,0,0
A055,A032,0,0,0,0,0,0
A055,A033,0,0,0,0,0,0
A055,A034,0,0,0,0,0,0
A055,A035,0,0,0,0,0,0
A055,A036,0,0,0,0,0,0
A055,A037,0,0,0,0,0,0
A055,A038,0,0,0,0,0,0
A055,A039,0,0,0,0,0,0
A055,A040,0,0,0,0,0,0
A055,A041,0,0,0,0,0,0
A055,A042,0,0,0,0,0,0
A055,A043,0,0,0,0,0,0
A055,A044,0,0,0,0,0,0
A055,A045,0,0,0,0,0,0
A055,A046,0,0,0,0,0,0
A055,A047,0,0,0,0,0,0
A055,A048,0,0,0,0,0,0
A055,A049,0,0,0,0,0,0
A055,A050,0,0,0,0,0,0
A055,A051,0,0,0,0,0,0
A055,A052,0,0,0,0,0,0
A055,A053,0,0,0,0,0,0
A055,A054,0,0,0,0,0,0
A055,A055,464,0,0,11,0,475
A055,A056,0,1,0,0,0,1
A055,A057,0,0,0,0,0,0
A055,A058,0,0,0,0,0,0
A055,A059,0,0,0,0,0,0
A055,A060,0,0,1,0,0,1
A055,A061,0,0,0,0,0,0
A055,A062,0,0,0,0,0,0
A055,A063,0,0,0,0,0,0
A055,A064,0,0,0,0,0,0
A055,A065,0,0,0,0,0,0
A055,A066,0,0,0,0,0,0
A055,A067,0,0,0,0,0,0
A055,A068,0,0,0,0,0,0
A055,A069,0,0,0,0,0,0
A055,A070,0,0,0,0,0,0
A055,A071,0,0,0,0,0,0
A055,A072,0,0,0,0,0,0
A055,A073,0,0,0,0,0,0
A055,A074,0,0,0,0,0,0
A055,A075,0,0,0,0,0,0
A055,A076,0,0,0,0,0,0
A055,A077,0,0,0,0,0,0
A055,A078,0,0,0,0,0,0
A055,A079,0,0,0,0,0,0
A055,A080,0,0,0,0,0,0
A055,A081,0,0,0,0,0,0
A055,A082,0,0,0,0,0,0
A055,A083,0,0,0,0,0,0
A055,A084,0,0,0,0,0,0
A055,A085,0,0,0,0,0,0
A055,A086,0,0,0,0,0,0
A055,A087,0,0,0,0,0,0
A055,A088,0,0,0,0,0,0
A055,A089,0,0,0,0,0,0
A055,A090,0,0,0,0,0,0
A055,A091,0,0,0,0,0,0
A055,A092,0,0,0,0,0,0
A055,A093,0,0,0,0,0,0
A055,A094,0,0,0,0,0,0
A055,A095,0,0,0,0,0,0
A055,A096,0,0,0,0,0,0
A055,A097,0,0,0,0,0,0
A055,A098,0,0,0,0,0,0
A055,A099,0,0,0,0,0,0
A055,A100,0,0,0,0,0,0
A055,A101,0,0,0,0,0,0
A055,A102,0,0,0,0,0,0
A055,A103,0,0,0,0,0,0
A055,A104,0,0,0,0,0,0
A055,A105,0,0,0,0,0,0
A055,A106,0,1,0,0,0,1
A055,A107,0,0,0,0,0,0
A055,A108,0,0,0,0,0,0
A055,A109,0,0,0,0,0,0
A055,A110,0,0,0,0,0,0
A055,A111,0,0,0,0,0,0
A055,A112,0,0,0,0,0,0
A055,A113,0,0,0,0,0,0
A055,A114,0,0,0,0,0,0
A055,A115,0,0,0,0,0,0
A055,A116,0,0,0,0,0,0
A055,A117,0,0,0,0,0,0
A055,A118,0,0,0,0,0,0
A055,A119,0,0,0,0,0,0
A055,A120,0,0,0,0,0,0
A056,A001,0,0,0,0,0,0
A056,A002,0,0,0,0,0,0
A056,A003,0,0,0,0,0,0
A056,A004,0,0,0,0,0,0
A056,A005,0,0,0,0,0,0
A056,A006,0,0,0,0,0,0
A056,A007,0,0,0,0,0,0
A056,A008,0,0,0,0,0,0
A056,A009,0,0,0,0,0,0
A056,A010,0,0,0,0,0,0
A056,A011,0,0,0,0,0,0
A056,A012,0,0,0,0,0,0
A056,A013,0,0,1,0,0,1
A056,A014,0,0,0,0,0,0
A056,A015,0,0,0,0,0,0
A056,A016,0,0,0,0,0,0
A056,A017,0,0,0,0,0,0
A056,A018,0,0,0,0,0,0
A056,A019,0,0,0,0,0,0
A056,A020,0,0,0,0,1,1
A056,A021,0,0,0,0,0,0
A056,A022,0,0,0,0,0,0
A056,A023,0,0,0,0,0,0
A056,A024,0,0,0,0,0,0
A056,A025,0,0,0,0,0,0
A056,A026,0,0,0,0,0,0
A056,A027,0,0,0,0,0,0
A056,A028,0,0,0,0,0,0
A056,A029,0,0,0,0,0,0
A056,A030,0,0,0,0,0,0
A056,A031,0,0,0,0,0,0
A056,A032,0,0,0,0,0,0
A056,A033,0,0,0,0,0,0
A056,A034,0,0,0,0,0,0
A056,A035,0,0,0,0,0,0
A056,A036,0,0,0,0,0,0
A056,A037,0,0,0,0,0,0
A056,A038,0,0,0,0,0,0
A056,A039,0,0,0,0,0,0
A056,A040,0,0,0,0,0,0
A056,A041,0,0,0,0,0,0
A056,A042,0,0,0,0,0,0
A056,A043,0,0,0,0,0,0
A056,A044,0,0,0,0,0,0
A056,A045,0,0,0,0,0,0
A056,A046,0,0,0,0,0,0
A056,A047,0,0,0,0,0,0
A056,A048,0,0,0,0,0,0
A056,A049,0,0,0,0,0,0
A056,A050,0,0,0,0,0,0
A056,A051,0,0,0,0,0,0
A056,A052,0,0,0,0,0,0
A056,A053,0,0,0,0,0,0
A056,A054,0,0,0,0,0,0
A056,A055,0,0,1,0,0,1
A056,A056,457,0,0,42,0,499
A056,A057,0,3,0,0,1,4
A056,A058,0,0,0,0,1,1
A056,A059,0,0,0,0,0,0
A056,A060,0,0,0,0,0,0
A056,A061,0,0,0,0,0,0
A056,A062,0,0,0,0,0,0
A056,A063,0,0,0,0,0,0
A056,A064,0,0,0,0,0,0
A056,A065,0,0,0,0,0,0
A056,A066,0,0,0,0,0,0
A056,A067,0,0,0,0,0,0
A056,A068,0,0,0,0,0,0
A056,A069,0,0,0,0,0,0
A056,A070,0,0,0,0,0,0
A056,A071,0,0,0,0,0,0
A056,A072,0,0,0,0,0,0
A056,A073,0,0,0,0,0,0
A056,A074,0,0,0,0,0,0
A056,A075,0,0,0,0,0,0
A056,A076,0,0,0,0,0,0
A056,A077,0,0,0,0,0,0
A056,A078,0,0,0,0,0,0
A056,A079,0,0,0,0,0,0
A056,A080,0,0,0,0,0,0
A056,A081,0,0,0,0,0,0
A056,A082,0,0,0,0,0,0
A056,A083,0,0,0,0,0,0
A056,A084,0,0,0,0,0,0
A056,A085,0,0,0,0,0,0
A056,A086,0,0,0,0,0,0
A056,A087,0,0,0,0,2,2
A056,A088,0,0,0,0,0,0
A056,A089,0,0,0,0,0,0
A056,A090,0,0,0,0,0,0
A056,A091,0,0,0,0,0,0
A056,A092,0,0,0,0,0,0
A056,A093,0,0,0,0,0,0
A056,A094,0,0,0,0,0,0
A056,A095,0,0,0,0,0,0
A056,A096,0,0,0,0,0,0
A056,A097,0,0,0,0,0,0
A056,A098,0,0,0,0,0,0
A056,A099,0,0,0,0,0,0
A056,A100,0,0,0,0,0,0
A056,A101,0,0,0,0,0,0
A056,A102,0,0,0,0,0,0
A056,A103,0,0,0,0,0,0
A056,A104,0,0,0,0,0,0
A056,A105,0,0,0,0,0,0
A056,A106,0,0,0,0,0,0
A056,A107,0,0,0,0,0,0
A056,A108,0,0,0,0,0,0
A056,A109,0,0,0,0,0,0
A056,A110,0,0,0,0,0,0
A056,A111,0,0,0,0,0,0
A056,A112,0,0,0,0,0,0
A056,A113,0,0,0,0,0,0
A056,A114,0,0,0,0,0,0
A056,A115,0,0,0,0,0,0
A056,A116,0,0,0,0,0,0
A056,A117,0,0,0,0,0,0
A056,A118,0,1,1,0,0,2
A056,A119,0,0,0,0,0,0
A056,A120,0,0,0,0,0,0
A057,A001,0,0,0,0,0,0
A057,A002,0,0,0,0,0,0
A057,A003,0,0,0,0,0,0
A057,A004,0,0,0,0,0,0
A057,A005,0,0,0,0,1,1
A057,A006,0,0,0,0,0,0
A057,A007,0,0,0,0,0,0
A057,A008,0,0,0,0,0,0
A057,A009,0,0,0,0,0,0
A057,A010,0,0,0,0,0,0
A057,A011,0,0,0,0,0,0
A057,A012,0,0,0,0,0,0
A057,A013,0,0,0,0,0,0
A057,A014,0,0,0,0,0,0
A057,A015,0,0,0,0,0,0
A057,A016,0,0,0,0,0,0
A057,A017,0,0,0,0,0,0
A057,A018,0,0,0,0,0,0
A057,A019,0,0,0,0,0,0
A057,A020,0,0,0,0,0,0
A057,A021,0,0,0,0,0,0
A057,A022,0,0,0,0,0,0
A057,A023,0,0,0,0,0,0
A057,A024,0,0,0,0,0,0
A057,A025,0,0,0,0,0,0
A057,A026,0,0,0,0,0,0
A057,A027,0,0,0,0,0,0
A057,A028,0,0,0,0,0,0
A057,A029,0,0,0,0,0,0
A057,A030,0,0,0,0,0,0
A057,A031,0,0,0,0,0,0
A057,A032,0,0,0,0,0,0
A057,A033,0,0,0,0,0,0
A057,A034,0,0,0,0,0,0
A057,A035,0,0,0,0,0,0
A057,A036,0,0,0,0,0,0
A057,A037,0,0,0,0,0,0
A057,A038,0,0,0,0,0,0
A057,A039,0,0,0,0,0,0
A057,A040,0,0,0,0,0,0
A057,A041,0,0,0,0,0,0
A057,A042,0,0,0,0,0,0
A057,A043,0,0,0,0,0,0
A057,A044,0,0,0,0,0,0
A057,A045,0,0,0,0,0,0
A057,A046,0,0,0,0,0,0
A057,A047,0,0,0,0,0,0
A057,A048,0,0,0,0,0,0
A057,A049,0,0,0,0,0,0
A057,A050,0,0,0,0,0,0
A057,A051,0,0,0,0,0,0
A057,A052,0,0,0,0,0,0
A057,A053,0,2,0,0,0,2
A057,A054,0,0,0,0,0,0
A057,A055,0,0,0,0,0,0
A057,A056,0,0,2,0,0,2
A057,A057,440,0,0,30,0,470
A057,A058,0,0,0,0,0,0
A057,A059,0,0,0,0,0,0
A057,A060,0,0,0,0,0,0
A057,A061,0,0,0,0,0,0
A057,A062,0,0,0,0,0,0
A057,A063,0,0,0,0,0,0
A057,A064,0,0,0,0,0,0
A057,A065,0,0,0,0,0,0
A057,A066,0,0,0,0,0,0
A057,A067,0,0,0,0,0,0
A057,A068,0,0,0,0,0,0
A057,A069,0,0,0,0,0,0
A057,A070,0,0,0,0,0,0
A057,A071,0,0,0,0,0,0
A057,A072,0,0,0,0,0,0
A057,A073,0,0,0,0,0,0
A057,A074,0,0,0,0,0,0
A057,A075,0,0,0,0,0,0
A057,A076,0,0,0,0,0,0
A057,A077,0,0,0,0,0,0
A057,A078,0,0,0,0,0,0
A057,A079,0,0,0,0,0,0
A057,A080,0,0,0,0,0,0
A057,A081,0,0,0,0,0,0
A057,A082,0,0,0,0,0,0
A057,A083,0,0,0,0,0,0
A057,A084,0,0,0,0,0,0
A057,A085,0,0,0,0,0,0
A057,A086,0,0,0,0,0,0
A057,A087,0,0,0,0,0,0
A057,A088,0,0,0,0,0,0
A057,A089,0,0,0,0,0,0
A057,A090,0,0,0,0,0,0
A057,A091,0,0,0,0,0,0
A057,A092,0,0,0,0,0,0
A057,A093,0,0,0,0,0,0
A057,A094,0,0,0,0,0,0
A057,A095,0,0,0,0,0,0
A057,A096,0,0,0,0,0,0
A057,A097,0,0,0,0,0,0
A057,A098,0,0,0,0,0,0
A057,A099,0,0,0,0,0,0
A057,A100,0,0,0,0,0,0
A057,A101,0,0,0,0,0,0
A057,A102,0,0,0,0,0,0
A057,A103,0,0,0,0,0,0
A057,A104,0,0,0,0,0,0
A057,A105,0,0,0,0,0,0
A057,A106,0,0,0,0,0,0
A057,A107,0,0,0,0,0,0
A057,A108,0,0,0,0,0,0
A057,A109,0,2,0,0,0,2
A057,A110,0,0,0,0,0,0
A057,A111,0,0,0,0,0,0
A057,A112,0,0,0,0,0,0
A057,A113,0,0,0,0,0,0
A057,A114,0,0,0,0,0,0
A057,A115,0,0,0,0,0,0
A057,A116,0,0,0,0,0,0
A057,A117,0,0,1,0,0,1
A057,A118,0,0,0,0,0,0
A057,A119,0,0,0,0,0,0
A057,A120,0,0,0,0,0,0
A058,A001,0,0,0,0,0,0
A058,A002,0,0,0,0,0,0
A058,A003,0,0,0,0,0,0
A058,A004,0,0,0,0,0,0
A058,A005,0,0,0,0,0,0
A058,A006,0,0,0,0,0,0
A058,A007,0,0,0,0,0,0
A058,A008,0,0,0,0,0,0
A058,A009,0,0,0,0,0,0
A058,A010,0,0,0,0,0,0
A058,A011,0,0,0,0,0,0
A058,A012,0,0,0,0,0,0
A058,A013,0,0,0,0,0,0
A058,A014,0,0,0,0,0,0
A058,A015,0,0,0,0,0,0
A058,A016,0,0,0,0,0,0
A058,A017,0,0,0,0,0,0
A058,A018,0,0,0,0,0,0
A058,A019,0,0,0,0,0,0
A058,A020,0,0,0,0,0,0
A058,A021,0,0,0,0,0,0
A058,A022,0,0,0,0,0,0
A058,A023,0,0,0,0,0,0
A058,A024,0,0,0,0,0,0
A058,A025,0,0,0,0,0,0
A058,A026,0,0,0,0,0,0
A058,A027,0,0,0,0,0,0
A058,A028,0,0,0,0,0,0
A058,A029,0,0,0,0,0,0
A058,A030,0,0,0,0,0,0
A058,A031,0,0,0,0,0,0
A058,A032,0,0,0,0,0,0
A058,A033,0,0,0,0,0,0
A058,A034,0,0,0,0,0,0
A058,A035,0,0,0,0,0,0
A058,A036,0,0,0,0,0,0
A058,A037,0,0,0,0,0,0
A058,A038,0,0,0,0,0,0
A058,A039,0,0,0,0,0,0
A058,A040,0,0,0,0,0,0
A058,A041,0,0,0,0,0,0
A058,A042,0,0,0,0,0,0
A058,A043,0,0,0,0,0,0
A058,A044,0,0,0,0,0,0
A058,A045,0,0,0,0,0,0
A058,A046,0,0,0,0,0,0
A058,A047,0,0,0,0,0,0
A058,A048,0,0,0,0,0,0
A058,A049,0,0,0,0,0,0
A058,A050,0,0,0,0,0,0
A058,A051,0,0,0,0,0,0
A058,A052,0,0,0,0,0,0
A058,A053,0,0,0,0,0,0
A058,A054,0,1,0,0,0,1
A058,A055,0,0,0,0,0,0
A058,A056,0,0,0,0,0,0
A058,A057,0,0,0,0,0,0
A058,A058,483,0,0,5,0,488
A058,A059,0,0,0,0,0,0
A058,A060,0,0,0,0,0,0
A058,A061,0,0,0,0,0,0
A058,A062,0,0,0,0,0,0
A058,A063,0,0,0,0,0,0
A058,A064,0,0,0,0,0,0
A058,A065,0,0,0,0,0,0
A058,A066,0,0,0,0,0,0
A058,A067,0,0,0,0,0,0
A058,A068,0,0,0,0,0,0
A058,A069,0,0,0,0,0,0
A058,A070,0,0,0,0,0,0
A058,A071,0,0,0,0,0,0
A058,A072,0,0,0,0,0,0
A058,A073,0,0,0,0,0,0
A058,A074,0,0,0,0,0,0
A058,A075,0,0,0,0,0,0
A058,A076,0,0,0,0,0,0
A058,A077,0,0,0,0,0,0
A058,A078,0,0,0,0,0,0
A058,A079,0,0,0,0,0,0
A058,A080,0,0,0,0,0,0
A058,A081,0,0,0,0,0,0
A058,A082,0,0,0,0,0,0
A058,A083,0,0,0,0,0,0
A058,A084,0,0,0,0,0,0
A058,A085,0,0,0,0,0,0
A058,A086,0,0,0,0,0,0
A058,A087,0,0,0,0,0,0
A058,A088,0,0,0,0,0,0
A058,A089,0,0,0,0,0,0
A058,A090,0,0,0,0,0,0
A058,A091,0,0,0,0,0,0
A058,A092,0,0,0,0,0,0
A058,A093,0,0,0,0,0,0
A058,A094,0,0,0,0,0,0
A058,A095,0,0,0,0,0,0
A058,A096,0,0,0,0,0,0
A058,A097,0,0,0,0,0,0
A058,A098,0,0,0,0,0,0
A058,A099,0,0,0,0,0,0
A058,A100,0,0,0,0,0,0
A058,A101,0,0,0,0,0,0
A058,A102,0,0,0,0,0,0
A058,A103,0,0,0,0,0,0
A058,A104,0,0,0,0,0,0
A058,A105,0,0,0,0,0,0
A058,A106,0,0,0,0,0,0
A058,A107,0,0,1,0,0,1
A058,A108,0,0,0,0,0,0
A058,A109,0,0,0,0,0,0
A058,A110,0,0,0,0,0,0
A058,A111,0,0,0,0,0,0
A058,A112,0,0,0,0,0,0
A058,A113,0,0,0,0,0,0
A058,A114,0,0,0,0,0,0
A058,A115,0,0,0,0,0,0
A058,A116,0,0,0,0,0,0
A058,A117,0,0,0,0,0,0
A058,A118,0,0,0,0,0,0
A058,A119,0,0,0,0,0,0
A058,A120,0,0,0,0,0,0
A059,A001,0,0,0,0,0,0
A059,A002,0,0,0,0,0,0
A059,A003,0,0,0,0,0,0
A059,A004,0,0,0,0,0,0
A059,A005,0,0,0,0,0,0
A059,A006,0,0,0,0,0,0
A059,A007,0,0,0,0,0,0
A059,A008,0,0,0,0,0,0
A059,A009,0,0,0,0,0,0
A059,A010,0,0,0,0,0,0
A059,A011,0,0,0,0,0,0
A059,A012,0,0,0,0,0,0
A059,A013,0,0,0,0,0,0
A059,A014,0,0,0,0,0,0
A059,A015,0,0,0,0,0,0
A059,A016,0,0,0,0,0,0
A059,A017,0,0,0,0,0,0
A059,A018,0,0,0,0,0,0
A059,A019,0,0,0,0,0,0
A059,A020,0,0,0,0,0,0
A059,A021,0,0,0,0,0,0
A059,A022,0,0,0,0,0,0
A059,A023,0,0,0,0,0,0
A059,A024,0,0,0,0,0,0
A059,A025,0,0,0,0,0,0
A059,A026,0,0,0,0,0,0
A059,A027,0,0,0,0,0,0
A059,A028,0,0,0,0,0,0
A059,A029,0,0,0,0,0,0
A059,A030,0,0,0,0,0,0
A059,A031,0,0,0,0,0,0
A059,A032,0,0,0,0,0,0
A059,A033,0,0,0,0,0,0
A059,A034,0,0,0,0,0,0
A059,A035,0,0,0,0,0,0
A059,A036,0,0,0,0,0,0
A059,A037,0,0,0,0,0,0
A059,A038,0,0,0,0,0,0
A059,A039,0,0,0,0,0,0
A059,A040,0,0,0,0,0,0
A059,A041,0,0,0,0,0,0
A059,A042,0,0,0,0,0,0
A059,A043,0,0,0,0,0,0
A059,A044,0,0,0,0,0,0
A059,A045,0,0,0,0,0,0
A059,A046,0,0,0,0,0,0
A059,A047,0,0,0,0,0,0
A059,A048,0,0,0,0,0,0
A059,A049,0,0,0,0,0,0
A059,A050,0,0,0,0,0,0
A059,A051,0,0,0,0,0,0
A059,A052,0,0,0,0,0,0
A059,A053,0,0,0,0,0,0
A059,A054,0,0,0,0,0,0
A059,A055,0,0,0,0,0,0
A059,A056,0,0,0,0,0,0
A059,A057,0,0,0,0,0,0
A059,A058,0,0,0,0,0,0
A059,A059,498,0,0,21,0,519
A059,A060,0,0,0,0,0,0
A059,A061,0,0,0,0,0,0
A059,A062,0,0,0,0,0,0
A059,A063,0,0,0,0,0,0
A059,A064,0,0,0,0,0,0
A059,A065,0,0,0,0,0,0
A059,A066,0,0,0,0,0,0
A059,A067,0,0,0,0,0,0
A059,A068,0,0,0,0,0,0
A059,A069,0,0,0,0,0,0
A059,A070,0,0,0,0,0,0
A059,A071,0,0,0,0,0,0
A059,A072,0,0,0,0,0,0
A059,A073,0,0,0,0,0,0
A059,A074,0,0,0,0,0,0
A059,A075,0,0,0,0,0,0
A059,A076,0,0,0,0,0,0
A059,A077,0,0,0,0,0,0
A059,A078,0,0,0,0,0,0
A059,A079,0,0,0,0,0,0
A059,A080,0,0,0,0,0,0
A059,A081,0,0,0,0,0,0
A059,A082,0,0,0,0,0,0
A059,A083,0,0,0,0,0,0
A059,A084,0,0,0,0,0,0
A059,A085,0,0,0,0,0,0
A059,A086,0,0,0,0,0,0
A059,A087,0,0,0,0,0,0
A059,A088,0,0,0,0,0,0
A059,A089,0,0,0,0,0,0
A059,A090,0,0,0,0,0,0
A059,A091,0,0,0,0,0,0
A059,A092,0,0,0,0,0,0
A059,A093,0,0,0,0,0,0
A059,A094,0,0,0,0,0,0
A059,A095,0,0,0,0,0,0
A059,A096,0,0,0,0,0,0
A059,A097,0,0,0,0,0,0
A059,A098,0,0,0,0,0,0
A059,A099,0,0,0,0,0,0
A059,A100,0,0,0,0,0,0
A059,A101,0,0,0,0,0,0
A059,A102,0,0,0,0,0,0
A059,A103,0,0,0,0,0,0
A059,A104,0,0,0,0,0,0
A059,A105,0,0,0,0,0,0
A059,A106,0,0,0,0,0,0
A059,A107,0,0,0,0,0,0
A059,A108,0,0,0,0,0,0
A059,A109,0,0,0,0,0,0
A059,A110,0,0,0,0,0,0
A059,A111,0,0,0,0,0,0
A059,A112,0,0,0,0,0,0
A059,A113,0,0,0,0,0,0
A059,A114,0,0,0,0,0,0
A059,A115,0,0,0,0,0,0
A059,A116,0,0,2,0,0,2
A059,A117,0,0,0,0,0,0
A059,A118,0,0,0,0,0,0
A059,A119,0,0,0,0,0,0
A059,A120,0,0,0,0,0,0
A060,A001,0,0,0,0,0,0
A060,A002,0,0,0,0,0,0
A060,A003,0,0,0,0,0,0
A060,A004,0,0,0,0,0,0
A060,A005,0,0,0,0,0,0
A060,A006,0,0,0,0,0,0
A060,A007,0,0,0,0,0,0
A060,A008,0,0,0,0,0,0
A060,A009,0,0,0,0,0,0
A060,A010,0,0,0,0,0,0
A060,A011,0,0,0,0,0,0
A060,A012,0,0,0,0,0,0
A060,A013,0,0,0,0,0,0
A060,A014,0,0,0,0,0,0
A060,A015,0,0,0,0,0,0
A060,A016,0,0,0,0,0,0
A060,A017,0,0,0,0,0,0
A060,A018,0,0,0,0,0,0
A060,A019,0,0,0,0,0,0
A060,A020,0,0,0,0,0,0
A060,A021,0,0,0,0,0,0
A060,A022,0,0,0,0,0,0
A060,A023,0,0,0,0,0,0
A060,A024,0,0,0,0,0,0
A060,A025,0,0,0,0,0,0
A060,A026,0,0,0,0,0,0
A060,A027,0,0,0,0,0,0
A060,A028,0,0,0,0,0,0
A060,A029,0,0,0,0,0,0
A060,A030,0,0,0,0,0,0
A060,A031,0,0,0,0,0,0
A060,A032,0,0,0,0,0,0
A060,A033,0,0,0,0,0,0
A060,A034,0,0,0,0,0,0
A060,A035,0,0,0,0,0,0
A060,A036,0,0,0,0,0,0
A060,A037,0,0,0,0,0,0
A060,A038,0,0,0,0,0,0
A060,A039,0,0,0,0,0,0
A060,A040,0,0,0,0,0,0
A060,A041,0,0,0,0,0,0
A060,A042,0,0,0,0,0,0
A060,A043,0,0,0,0,0,0
A060,A044,0,0,0,0,0,0
A060,A045,0,0,0,0,0,0
A060,A046,0,0,0,0,0,0
A060,A047,0,0,0,0,0,0
A060,A048,0,0,0,0,0,0
A060,A049,0,0,0,0,0,0
A060,A050,0,0,0,0,0,0
A060,A051,0,0,0,0,0,0
A060,A052,0,0,0,0,0,0
A060,A053,0,0,0,0,0,0
A060,A054,0,0,0,0,0,0
A060,A055,0,0,0,0,0,0
A060,A056,0,0,0,0,0,0
A060,A057,0,0,0,0,0,0
A060,A058,0,0,0,0,0,0
A060,A059,0,1,1,0,0,2
A060,A060,480,0,0,17,0,497
A060,A061,0,0,0,0,0,0
A060,A062,0,0,0,0,0,0
A060,A063,0,0,0,0,0,0
A060,A064,0,0,0,0,0,0
A060,A065,0,0,0,0,0,0
A060,A066,0,0,0,0,0,0
A060,A067,0,0,0,0,0,0
A060,A068,0,0,0,0,0,0
A060,A069,0,0,0,0,0,0
A060,A070,0,0,0,0,0,0
A060,A071,0,0,0,0,0,0
A060,A072,0,0,0,0,0,0
A060,A073,0,0,0,0,0,0
A060,A074,0,0,0,0,0,0
A060,A075,0,0,0,0,0,0
A060,A076,0,0,0,0,0,0
A060,A077,0,0,0,0,0,0
A060,A078,0,0,0,0,0,0
A060,A079,0,0,0,0,0,0
A060,A080,0,0,0,0,0,0
A060,A081,0,0,0,0,0,0
A060,A082,0,0,0,0,0,0
A060,A083,0,0,0,0,0,0
A060,A084,0,0,0,0,0,0
A060,A085,0,0,0,0,0,0
A060,A086,0,0,0,0,0,0
A060,A087,0,0,0,0,0,0
A060,A088,0,0,0,0,0,0
A060,A089,0,0,0,0,0,0
A060,A090,0,0,0,0,0,0
A060,A091,0,0,0,0,0,0
A060,A092,0,0,0,0,0,0
A060,A093,0,0,0,0,0,0
A060,A094,0,0,0,0,0,0
A060,A095,0,0,0,0,0,0
A060,A096,0,0,0,0,0,0
A060,A097,0,0,0,0,0,0
A060,A098,0,0,0,0,0,0
A060,A099,0,0,0,0,0,0
A060,A100,0,0,0,0,0,0
A060,A101,0,0,0,0,0,0
A060,A102,0,0,0,0,0,0
A060,A103,0,0,0,0,0,0
A060,A104,0,0,0,0,0,0
A060,A105,0,0,0,0,0,0
A060,A106,0,0,0,0,0,0
A060,A107,0,0,0,0,0,0
A060,A108,0,0,0,0,0,0
A060,A109,0,0,0,0,0,0
A060,A110,0,0,0,0,0,0
A060,A111,0,0,0,0,0,0
A060,A112,0,0,0,0,0,0
A060,A113,0,0,0,0,0,0
A060,A114,0,0,0,0,0,0
A060,A115,0,0,0,0,0,0
A060,A116,0,0,3,0,0,3
A060,A117,0,0,0,0,0,0
A060,A118,0,0,0,0,0,0
A060,A119,0,0,0,0,0,0
A060,A120,0,0,0,0,0,0
A061,A001,0,0,0,0,0,0
A061,A002,0,0,0,0,0,0
A061,A003,0,0,0,0,0,0
A061,A004,0,0,0,0,0,0
A061,A005,0,0,0,0,0,0
A061,A006,0,0,0,0,0,0
A061,A007,0,0,0,0,0,0
A061,A008,0,0,0,0,0,0
A061,A009,0,0,0,0,0,0
A061,A010,0,0,0,0,0,0
A061,A011,0,0,0,0,0,0
A061,A012,0,0,0,0,0,0
A061,A013,0,1,0,0,0,1
A061,A014,0,0,0,0,1,1
A061,A015,0,0,0,0,0,0
A061,A016,0,0,0,0,0,0
A061,A017,0,0,0,0,0,0
A061,A018,0,1,0,0,1,2
A061,A019,0,0,0,0,0,0
A061,A020,0,0,0,0,0,0
A061,A021,0,0,0,0,0,0
A061,A022,0,0,0,0,0,0
A061,A023,0,0,0,0,0,0
A061,A024,0,0,0,0,0,0
A061,A025,0,0,0,0,0,0
A061,A026,0,0,0,0,0,0
A061,A027,0,0,0,0,0,0
A061,A028,0,0,0,0,0,0
A061,A029,0,0,0,0,0,0
A061,A030,0,0,0,0,0,0
A061,A031,0,0,0,0,0,0
A061,A032,0,0,0,0,0,0
A061,A033,0,0,0,0,0,0
A061,A034,0,0,0,0,0,0
A061,A035,0,0,0,0,0,0
A061,A036,0,0,0,0,0,0
A061,A037,0,0,0,0,0,0
A061,A038,0,0,0,0,0,0
A061,A039,0,0,0,0,0,0
A061,A040,0,0,0,0,0,0
A061,A041,0,0,0,0,0,0
A061,A042,0,0,0,0,0,0
A061,A043,0,0,0,0,0,0
A061,A044,0,0,0,0,0,0
A061,A045,0,0,0,0,0,0
A061,A046,0,0,0,0,0,0
A061,A047,0,0,0,0,0,0
A061,A048,0,0,0,0,0,0
A061,A049,0,0,0,0,0,0
A061,A050,0,0,0,0,0,0
A061,A051,0,0,0,0,0,0
A061,A052,0,0,0,0,0,0
A061,A053,0,0,0,0,0,0
A061,A054,0,0,0,0,0,0
A061,A055,0,0,0,0,0,0
A061,A056,0,0,0,0,0,0
A061,A057,0,0,0,0,0,0
A061,A058,0,0,0,0,0,0
A061,A059,0,0,0,0,0,0
A061,A060,0,0,0,0,0,0
A061,A061,443,0,0,15,0,458
A061,A062,0,0,0,0,0,0
A061,A063,0,1,0,0,1,2
A061,A064,0,0,0,0,0,0
A061,A065,0,0,0,0,0,0
A061,A066,0,0,0,0,0,0
A061,A067,0,0,0,0,0,0
A061,A068,0,0,0,0,0,0
A061,A069,0,0,0,0,0,0
A061,A070,0,0,0,0,0,0
A061,A071,0,0,0,0,0,0
A061,A072,0,0,0,0,0,0
A061,A073,0,0,0,0,0,0
A061,A074,0,0,0,0,0,0
A061,A075,0,0,0,0,0,0
A061,A076,0,0,0,0,0,0
A061,A077,0,0,0,0,0,0
A061,A078,0,0,0,0,0,0
A061,A079,0,0,0,0,1,1
A061,A080,0,0,0,0,0,0
A061,A081,0,0,0,0,0,0
A061,A082,0,0,0,0,0,0
A061,A083,0,0,0,0,0,0
A061,A084,0,0,0,0,0,0
A061,A085,0,0,0,0,0,0
A061,A086,0,0,0,0,0,0
A061,A087,0,0,0,0,0,0
A061,A088,0,0,0,0,0,0
A061,A089,0,0,0,0,0,0
A061,A090,0,0,0,0,0,0
A061,A091,0,0,0,0,0,0
A061,A092,0,0,0,0,0,0
A061,A093,0,0,0,0,0,0
A061,A094,0,0,0,0,0,0
A061,A095,0,1,0,0,0,1
A061,A096,0,0,0,0,0,0
A061,A097,0,0,0,0,0,0
A061,A098,0,0,0,0,0,0
A061,A099,0,0,0,0,0,0
A061,A100,0,0,0,0,0,0
A061,A101,0,0,0,0,0,0
A061,A102,0,0,0,0,0,0
A061,A103,0,0,0,0,0,0
A061,A104,0,0,0,0,0,0
A061,A105,0,0,0,0,0,0
A061,A106,0,0,0,0,0,0
A061,A107,0,0,0,0,0,0
A061,A108,0,0,0,0,0,0
A061,A109,0,0,0,0,0,0
A061,A110,0,0,0,0,0,0
A061,A111,0,0,0,0,0,0
A061,A112,0,0,0,0,0,0
A061,A113,0,0,0,0,0,0
A061,A114,0,0,0,0,0,0
A061,A115,0,0,0,0,0,0
A061,A116,0,0,0,0,0,0
A061,A117,0,0,0,0,0,0
A061,A118,0,0,0,0,0,0
A061,A119,0,0,0,0,0,0
A061,A120,0,0,0,0,0,0
A062,A001,0,0,0,0,0,0
A062,A002,0,0,0,0,0,0
A062,A003,0,0,0,0,0,0
A062,A004,0,0,0,0,1,1
A062,A005,0,0,0,0,0,0
A062,A006,0,0,0,0,0,0
A062,A007,0,0,0,0,0,0
A062,A008,0,0,0,0,0,0
A062,A009,0,0,0,0,1,1
A062,A010,0,0,0,0,0,0
A062,A011,0,0,0,0,0,0
A062,A012,0,0,0,0,0,0
A062,A013,0,0,0,0,0,0
A062,A014,0,1,0,0,1,2
A062,A015,0,0,0,0,0,0
A062,A016,0,0,0,0,0,0
A062,A017,0,0,0,0,0,0
A062,A018,0,0,0,0,0,0
A062,A019,0,0,3,0,1,4
A062,A020,0,0,0,0,0,0
A062,A021,0,0,0,0,0,0
A062,A022,0,0,0,0,2,2
A062,A023,0,0,0,0,0,0
A062,A024,0,0,0,0,0,0
A062,A025,0,0,0,0,0,0
A062,A026,0,0,0,0,0,0
A062,A027,0,0,0,0,0,0
A062,A028,0,0,0,0,0,0
A062,A029,0,0,0,0,0,0
A062,A030,0,0,0,0,0,0
A062,A031,0,0,0,0,0,0
A062,A032,0,0,0,0,0,0
A062,A033,0,0,0,0,0,0
A062,A034,0,0,0,0,0,0
A062,A035,0,0,0,0,0,0
A062,A036,0,0,0,0,0,0
A062,A037,0,0,1,0,1,2
A062,A038,0,0,0,0,0,0
A062,A039,0,0,0,0,0,0
A062,A040,0,0,0,0,0,0
A062,A041,0,0,0,0,0,0
A062,A042,0,0,0,0,0,0
A062,A043,0,0,0,0,0,0
A062,A044,0,0,0,0,0,0
A062,A045,0,0,0,0,0,0
A062,A046,0,0,0,0,0,0
A062,A047,0,0,0,0,0,0
A062,A048,0,0,0,0,0,0
A062,A049,0,0,0,0,0,0
A062,A050,0,0,0,0,0,0
A062,A051,0,0,0,0,0,0
A062,A052,0,0,0,0,0,0
A062,A053,0,0,0,0,0,0
A062,A054,0,0,0,0,0,0
A062,A055,0,0,0,0,0,0
A062,A056,0,0,0,0,0,0
A062,A057,0,0,0,0,0,0
A062,A058,0,0,0,0,0,0
A062,A059,0,0,0,0,0,0
A062,A060,0,0,0,0,0,0
A062,A061,0,1,0,0,3,4
A062,A062,454,0,0,40,0,494
A062,A063,0,0,0,0,3,3
A062,A064,0,0,0,0,1,1
A062,A065,0,0,0,0,0,0
A062,A066,0,0,0,0,2,2
A062,A067,0,0,0,0,1,1
A062,A068,0,1,0,0,0,1
A062,A069,0,0,1,0,0,1
A062,A070,0,0,0,0,0,0
A062,A071,0,0,0,0,0,0
A062,A072,0,0,0,0,0,0
A062,A073,0,0,0,0,1,1
A062,A074,0,0,0,0,0,0
A062,A075,0,0,0,0,0,0
A062,A076,0,0,0,0,0,0
A062,A077,0,0,0,0,0,0
A062,A078,0,0,0,0,0,0
A062,A079,0,1,0,0,1,2
A062,A080,0,0,0,0,0,0
A062,A081,0,0,0,0,0,0
A062,A082,0,0,0,0,0,0
A062,A083,0,0,0,0,0,0
A062,A084,0,0,0,0,0,0
A062,A085,0,0,0,0,0,0
A062,A086,0,0,0,0,0,0
A062,A087,0,0,0,0,0,0
A062,A088,0,0,0,0,0,0
A062,A089,0,0,0,0,0,0
A062,A090,0,0,0,0,0,0
A062,A091,0,0,0,0,0,0
A062,A092,0,0,0,0,1,1
A062,A093,0,0,0,0,0,0
A062,A094,0,0,0,0,0,0
A062,A095,0,0,0,0,0,0
A062,A096,0,0,0,0,0,0
A062,A097,0,0,0,0,0,0
A062,A098,0,0,0,0,0,0
A062,A099,0,0,0,0,0,0
A062,A100,0,0,0,0,0,0
A062,A101,0,0,0,0,0,0
A062,A102,0,0,0,0,0,0
A062,A103,0,0,0,0,0,0
A062,A104,0,0,0,0,0,0
A062,A105,0,0,0,0,0,0
A062,A106,0,0,0,0,0,0
A062,A107,0,0,0,0,0,0
A062,A108,0,0,0,0,1,1
A062,A109,0,0,0,0,0,0
A062,A110,0,0,0,0,0,0
A062,A111,0,0,0,0,0,0
A062,A112,0,0,0,0,0,0
A062,A113,0,0,0,0,0,0
A062,A114,0,0,0,0,0,0
A062,A115,0,0,0,0,0,0
A062,A116,0,0,0,0,0,0
A062,A117,0,0,0,0,0,0
A062,A118,0,0,0,0,0,0
A062,A119,0,0,0,0,1,1
A062,A120,0,0,0,0,0,0
A063,A001,0,0,0,0,0,0
A063,A002,0,0,0,0,0,0
A063,A003,0,0,0,0,0,0
A063,A004,0,0,0,0,0,0
A063,A005,0,0,0,0,0,0
A063,A006,0,0,0,0,0,0
A063,A007,0,0,3,0,3,6
A063,A008,0,0,0,0,0,0
A063,A009,0,0,1,0,0,1
A063,A010,0,0,0,0,0,0
A063,A011,0,0,0,0,0,0
A063,A012,0,0,0,0,0,0
A063,A013,0,0,0,0,0,0
A063,A014,0,0,0,0,0,0
A063,A015,0,0,0,0,0,0
A063,A016,0,0,0,0,0,0
A063,A017,0,0,0,0,0,0
A063,A018,0,0,0,0,0,0
A063,A019,0,0,0,0,0,0
A063,A020,0,0,0,0,0,0
A063,A021,0,0,0,0,0,0
A063,A022,0,0,0,0,0,0
A063,A023,0,0,0,0,0,0
A063,A024,0,0,0,0,0,0
A063,A025,0,0,0,0,0,0
A063,A026,0,0,0,0,0,0
A063,A027,0,0,0,0,0,0
A063,A028,0,0,0,0,0,0
A063,A029,0,0,0,0,0,0
A063,A030,0,0,0,0,0,0
A063,A031,0,0,0,0,0,0
A063,A032,0,0,0,0,0,0
A063,A033,0,0,0,0,0,0
A063,A034,0,0,0,0,0,0
A063,A035,0,0,0,0,0,0
A063,A036,0,0,0,0,0,0
A063,A037,0,0,0,0,0,0
A063,A038,0,0,0,0,0,0
A063,A039,0,0,0,0,0,0
A063,A040,0,0,0,0,0,0
A063,A041,0,0,0,0,0,0
A063,A042,0,0,0,0,0,0
A063,A043,0,0,0,0,0,0
A063,A044,0,0,0,0,0,0
A063,A045,0,0,0,0,0,0
A063,A046,0,0,0,0,0,0
A063,A047,0,0,0,0,0,0
A063,A048,0,0,0,0,0,0
A063,A049,0,0,0,0,0,0
A063,A050,0,0,0,0,0,0
A063,A051,0,0,0,0,0,0
A063,A052,0,0,0,0,0,0
A063,A053,0,0,0,0,0,0
A063,A054,0,0,0,0,0,0
A063,A055,0,0,0,0,0,0
A063,A056,0,0,0,0,0,0
A063,A057,0,0,0,0,0,0
A063,A058,0,0,0,0,0,0
A063,A059,0,0,0,0,0,0
A063,A060,0,0,0,0,0,0
A063,A061,0,0,0,0,0,0
A063,A062,0,0,0,0,0,0
A063,A063,456,0,0,61,0,517
A063,A064,0,0,0,0,0,0
A063,A065,0,0,0,0,0,0
A063,A066,0,0,0,0,0,0
A063,A067,0,0,0,0,0,0
A063,A068,0,0,0,0,0,0
A063,A069,0,0,0,0,0,0
A063,A070,0,0,0,0,0,0
A063,A071,0,0,0,0,0,0
A063,A072,0,0,0,0,0,0
A063,A073,0,0,0,0,0,0
A063,A074,0,0,0,0,0,0
A063,A075,0,0,0,0,0,0
A063,A076,0,0,0,0,0,0
A063,A077,0,0,1,0,0,1
A063,A078,0,0,0,0,0,0
A063,A079,0,0,0,0,2,2
A063,A080,0,0,0,0,0,0
A063,A081,0,0,0,0,0,0
A063,A082,0,0,0,0,0,0
A063,A083,0,0,0,0,0,0
A063,A084,0,0,0,0,0,0
A063,A085,0,0,0,0,0,0
A063,A086,0,0,0,0,0,0
A063,A087,0,0,0,0,0,0
A063,A088,0,0,0,0,0,0
A063,A089,0,0,0,0,0,0
A063,A090,0,0,0,0,0,0
A063,A091,0,0,0,0,0,0
A063,A092,0,0,0,0,0,0
A063,A093,0,0,0,0,0,0
A063,A094,0,0,0,0,0,0
A063,A095,0,0,0,0,0,0
A063,A096,0,0,0,0,0,0
A063,A097,0,0,0,0,0,0
A063,A098,0,0,0,0,0,0
A063,A099,0,0,0,0,0,0
A063,A100,0,0,0,0,0,0
A063,A101,0,0,0,0,0,0
A063,A102,0,0,0,0,0,0
A063,A103,0,0,0,0,0,0
A063,A104,0,0,0,0,0,0
A063,A105,0,0,0,0,0,0
A063,A106,0,0,1,0,0,1
A063,A107,0,0,0,0,0,0
A063,A108,0,0,0,0,0,0
A063,A109,0,0,0,0,0,0
A063,A110,0,0,0,0,0,0
A063,A111,0,0,0,0,0,0
A063,A112,0,0,0,0,0,0
A063,A113,0,0,0,0,0,0
A063,A114,0,0,0,0,0,0
A063,A115,0,0,0,0,0,0
A063,A116,0,0,0,0,0,0
A063,A117,0,0,0,0,0,0
A063,A118,0,0,0,0,0,0
A063,A119,0,0,0,0,0,0
A063,A120,0,0,0,0,0,0
A064,A001,0,0,0,0,0,0
A064,A002,0,0,0,0,0,0
A064,A003,0,0,0,0,0,0
A064,A004,0,0,0,0,0,0
A064,A005,0,0,1,0,0,1
A064,A006,0,0,0,0,0,0
A064,A007,0,0,0,0,0,0
A064,A008,0,0,0,0,0,0
A064,A009,0,0,0,0,0,0
A064,A010,0,0,0,0,0,0
A064,A011,0,0,0,0,0,0
A064,A012,0,0,0,0,0,0
A064,A013,0,0,0,0,0,0
A064,A014,0,0,0,0,0,0
A064,A015,0,0,0,0,0,0
A064,A016,0,0,0,0,0,0
A064,A017,0,0,0,0,0,0
A064,A018,0,0,0,0,0,0
A064,A019,0,0,0,0,0,0
A064,A020,0,0,0,0,0,0
A064,A021,0,0,0,0,0,0
A064,A022,0,0,0,0,0,0
A064,A023,0,0,0,0,0,0
A064,A024,0,0,0,0,0,0
A064,A025,0,0,0,0,0,0
A064,A026,0,0,0,0,0,0
A064,A027,0,0,0,0,0,0
A064,A028,0,0,0,0,0,0
A064,A029,0,0,0,0,0,0
A064,A030,0,0,0,0,0,0
A064,A031,0,0,0,0,0,0
A064,A032,0,0,0,0,0,0
A064,A033,0,0,0,0,0,0
A064,A034,0,0,0,0,0,0
A064,A035,0,0,0,0,0,0
A064,A036,0,0,0,0,0,0
A064,A037,0,0,0,0,0,0
A064,A038,0,0,0,0,0,0
A064,A039,0,0,0,0,0,0
A064,A040,0,0,0,0,0,0
A064,A041,0,0,0,0,0,0
A064,A042,0,0,0,0,0,0
A064,A043,0,0,0,0,0,0
A064,A044,0,0,0,0,0,0
A064,A045,0,0,0,0,0,0
A064,A046,0,0,0,0,0,0
A064,A047,0,0,0,0,0,0
A064,A048,0,0,0,0,0,0
A064,A049,0,0,0,0,0,0
A064,A050,0,0,0,0,0,0
A064,A051,0,0,0,0,0,0
A064,A052,0,0,0,0,0,0
A064,A053,0,0,0,0,0,0
A064,A054,0,0,0,0,0,0
A064,A055,0,0,0,0,0,0
A064,A056,0,0,0,0,0,0
A064,A057,0,0,0,0,0,0
A064,A058,0,0,0,0,0,0
A064,A059,0,0,0,0,0,0
A064,A060,0,0,0,0,0,0
A064,A061,0,0,0,0,0,0
A064,A062,0,0,0,0,0,0
A064,A063,0,0,0,0,0,0
A064,A064,470,0,0,6,0,476
A064,A065,0,0,0,0,0,0
A064,A066,0,0,0,0,1,1
A064,A067,0,0,0,0,0,0
A064,A068,0,0,0,0,0,0
A064,A069,0,0,0,0,0,0
A064,A070,0,0,0,0,0,0
A064,A071,0,0,0,0,0,0
A064,A072,0,0,0,0,0,0
A064,A073,0,0,0,0,0,0
A064,A074,0,0,0,0,0,0
A064,A075,0,0,0,0,0,0
A064,A076,0,0,0,0,0,0
A064,A077,0,0,0,0,0,0
A064,A078,0,0,0,0,0,0
A064,A079,0,0,0,0,0,0
A064,A080,0,0,0,0,0,0
A064,A081,0,0,0,0,0,0
A064,A082,0,0,0,0,0,0
A064,A083,0,0,0,0,0,0
A064,A084,0,0,0,0,0,0
A064,A085,0,0,0,0,0,0
A064,A086,0,0,0,0,0,0
A064,A087,0,0,0,0,0,0
A064,A088,0,0,0,0,0,0
A064,A089,0,1,0,0,0,1
A064,A090,0,0,0,0,0,0
A064,A091,0,0,0,0,0,0
A064,A092,0,0,0,0,0,0
A064,A093,0,0,0,0,0,0
A064,A094,0,0,0,0,0,0
A064,A095,0,0,0,0,0,0
A064,A096,0,0,0,0,0,0
A064,A097,0,0,0,0,0,0
A064,A098,0,0,0,0,0,0
A064,A099,0,0,0,0,0,0
A064,A100,0,0,0,0,0,0
A064,A101,0,0,0,0,0,0
A064,A102,0,0,0,0,0,0
A064,A103,0,0,0,0,0,0
A064,A104,0,0,0,0,0,0
A064,A105,0,0,0,0,0,0
A064,A106,0,0,0,0,0,0
A064,A107,0,0,0,0,0,0
A064,A108,0,0,0,0,0,0
A064,A109,0,0,0,0,0,0
A064,A110,0,0,0,0,0,0
A064,A111,0,0,0,0,0,0
A064,A112,0,0,0,0,0,0
A064,A113,0,0,0,0,0,0
A064,A114,0,0,0,0,0,0
A064,A115,0,0,0,0,0,0
A064,A116,0,0,0,0,0,0
A064,A117,0,0,0,0,0,0
A064,A118,0,0,0,0,0,0
A064,A119,0,0,0,0,0,0
A064,A120,0,0,0,0,0,0
A065,A001,0,0,0,0,0,0
A065,A002,0,0,0,0,0,0
A065,A003,0,0,0,0,0,0
A065,A004,0,0,0,0,0,0
A065,A005,0,0,0,0,0,0
A065,A006,0,0,0,0,0,0
A065,A007,0,0,0,0,1,1
A065,A008,0,0,0,0,0,0
A065,A009,0,0,0,0,0,0
A065,A010,0,0,0,0,0,0
A065,A011,0,0,0,0,0,0
A065,A012,0,0,0,0,0,0
A065,A013,0,0,0,0,0,0
A065,A014,0,0,0,0,0,0
A065,A015,0,0,0,0,0,0
A065,A016,0,0,0,0,0,0
A065,A017,0,0,0,0,0,0
A065,A018,0,0,0,0,0,0
A065,A019,0,0,0,0,0,0
A065,A020,0,0,0,0,0,0
A065,A021,0,0,0,0,0,0
A065,A022,0,0,0,0,0,0
A065,A023,0,0,0,0,0,0
A065,A024,0,0,0,0,0,0
A065,A025,0,0,0,0,0,0
A065,A026,0,0,0,0,0,0
A065,A027,0,0,0,0,0,0
A065,A028,0,0,0,0,0,0
A065,A029,0,0,0,0,0,0
A065,A030,0,0,0,0,0,0
A065,A031,0,0,0,0,0,0
A065,A032,0,0,0,0,0,0
A065,A033,0,0,0,0,0,0
A065,A034,0,0,0,0,0,0
A065,A035,0,0,0,0,0,0
A065,A036,0,0,0,0,0,0
A065,A037,0,0,0,0,0,0
A065,A038,0,0,0,0,0,0
A065,A039,0,0,0,0,0,0
A065,A040,0,0,0,0,0,0
A065,A041,0,0,0,0,0,0
A065,A042,0,0,0,0,0,0
A065,A043,0,0,0,0,0,0
A065,A044,0,0,0,0,0,0
A065,A045,0,0,0,0,1,1
A065,A046,0,0,0,0,0,0
A065,A047,0,0,0,0,0,0
A065,A048,0,0,0,0,0,0
A065,A049,0,0,0,0,0,0
A065,A050,0,0,0,0,0,0
A065,A051,0,0,0,0,0,0
A065,A052,0,0,0,0,0,0
A065,A053,0,0,0,0,0,0
A065,A054,0,0,0,0,0,0
A065,A055,0,0,0,0,0,0
A065,A056,0,0,0,0,0,0
A065,A057,0,0,0,0,0,0
A065,A058,0,0,0,0,0,0
A065,A059,0,0,0,0,0,0
A065,A060,0,0,0,0,0,0
A065,A061,0,0,0,0,0,0
A065,A062,0,0,0,0,0,0
A065,A063,0,1,1,0,0,2
A065,A064,0,0,0,0,0,0
A065,A065,442,0,0,17,0,459
A065,A066,0,0,0,0,0,0
A065,A067,0,0,0,0,0,0
A065,A068,0,0,0,0,1,1
A065,A069,0,0,0,0,0,0
A065,A070,0,0,0,0,0,0
A065,A071,0,0,0,0,0,0
A065,A072,0,0,0,0,0,0
A065,A073,0,0,0,0,0,0
A065,A074,0,0,0,0,0,0
A065,A075,0,0,0,0,0,0
A065,A076,0,0,0,0,0,0
A065,A077,0,0,0,0,1,1
A065,A078,0,0,0,0,0,0
A065,A079,0,0,0,0,0,0
A065,A080,0,0,0,0,0,0
A065,A081,0,0,0,0,0,0
A065,A082,0,0,0,0,0,0
A065,A083,0,0,0,0,0,0
A065,A084,0,0,0,0,0,0
A065,A085,0,0,0,0,0,0
A065,A086,0,0,0,0,0,0
A065,A087,0,0,0,0,0,0
A065,A088,0,0,0,0,0,0
A065,A089,0,0,0,0,0,0
A065,A090,0,0,0,0,0,0
A065,A091,0,0,0,0,0,0
A065,A092,0,0,0,0,0,0
A065,A093,0,1,0,0,0,1
A065,A094,0,1,0,0,0,1
A065,A095,0,0,0,0,0,0
A065,A096,0,0,0,0,0,0
A065,A097,0,0,0,0,0,0
A065,A098,0,0,0,0,0,0
A065,A099,0,0,0,0,0,0
A065,A100,0,0,0,0,0,0
A065,A101,0,0,0,0,0,0
A065,A102,0,0,1,0,0,1
A065,A103,0,0,0,0,0,0
A065,A104,0,1,0,0,0,1
A065,A105,0,0,0,0,0,0
A065,A106,0,0,0,0,0,0
A065,A107,0,0,1,0,0,1
A065,A108,0,0,0,0,0,0
A065,A109,0,0,0,0,0,0
A065,A110,0,0,0,0,0,0
A065,A111,0,0,0,0,0,0
A065,A112,0,0,0,0,0,0
A065,A113,0,0,0,0,0,0
A065,A114,0,0,0,0,0,0
A065,A115,0,0,0,0,0,0
A065,A116,0,0,0,0,0,0
A065,A117,0,0,0,0,0,0
A065,A118,0,0,0,0,1,1
A065,A119,0,0,0,0,0,0
A065,A120,0,0,0,0,0,0
A066,A001,0,0,0,0,0,0
A066,A002,0,0,0,0,0,0
A066,A003,0,0,0,0,0,0
A066,A004,0,0,0,0,0,0
A066,A005,0,0,0,0,0,0
A066,A006,0,0,0,0,0,0
A066,A007,0,0,0,0,0,0
A066,A008,0,0,0,0,0,0
A066,A009,0,0,0,0,0,0
A066,A010,0,0,0,0,0,0
A066,A011,0,0,0,0,0,0
A066,A012,0,0,0,0,0,0
A066,A013,0,0,0,0,0,0
A066,A014,0,0,0,0,0,0
A066,A015,0,0,0,0,0,0
A066,A016,0,0,0,0,0,0
A066,A017,0,0,0,0,0,0
A066,A018,0,0,0,0,0,0
A066,A019,0,0,0,0,0,0
A066,A020,0,0,0,0,0,0
A066,A021,0,0,0,0,0,0
A066,A022,0,0,0,0,0,0
A066,A023,0,0,0,0,0,0
A066,A024,0,0,0,0,0,0
A066,A025,0,0,0,0,0,0
A066,A026,0,0,0,0,0,0
A066,A027,0,0,0,0,0,0
A066,A028,0,0,0,0,0,0
A066,A029,0,0,0,0,0,0
A066,A030,0,0,0,0,0,0
A066,A031,0,0,0,0,0,0
A066,A032,0,0,0,0,0,0
A066,A033,0,0,0,0,0,0
A066,A034,0,0,0,0,0,0
A066,A035,0,0,0,0,0,0
A066,A036,0,0,0,0,0,0
A066,A037,0,0,0,0,0,0
A066,A038,0,0,0,0,0,0
A066,A039,0,0,0,0,0,0
A066,A040,0,0,0,0,0,0
A066,A041,0,0,0,0,0,0
A066,A042,0,0,0,0,0,0
A066,A043,0,0,0,0,0,0
A066,A044,0,0,0,0,0,0
A066,A045,0,0,0,0,0,0
A066,A046,0,0,0,0,0,0
A066,A047,0,0,0,0,0,0
A066,A048,0,0,0,0,0,0
A066,A049,0,0,0,0,0,0
A066,A050,0,0,0,0,0,0
A066,A051,0,0,0,0,0,0
A066,A052,0,0,0,0,0,0
A066,A053,0,0,0,0,0,0
A066,A054,0,0,0,0,0,0
A066,A055,0,0,0,0,0,0
A066,A056,0,0,0,0,0,0
A066,A057,0,0,0,0,0,0
A066,A058,0,0,0,0,0,0
A066,A059,0,0,0,0,0,0
A066,A060,0,0,0,0,0,0
A066,A061,0,0,0,0,0,0
A066,A062,0,0,0,0,0,0
A066,A063,0,0,0,0,0,0
A066,A064,0,0,0,0,0,0
A066,A065,0,0,0,0,0,0
A066,A066,471,0,0,14,0,485
A066,A067,0,0,0,0,0,0
A066,A068,0,0,0,0,0,0
A066,A069,0,0,0,0,0,0
A066,A070,0,0,0,0,0,0
A066,A071,0,0,0,0,0,0
A066,A072,0,0,0,0,0,0
A066,A073,0,0,0,0,0,0
A066,A074,0,0,0,0,0,0
A066,A075,0,0,0,0,0,0
A066,A076,0,0,0,0,0,0
A066,A077,0,0,0,0,0,0
A066,A078,0,0,0,0,0,0
A066,A079,0,0,0,0,0,0
A066,A080,0,0,0,0,0,0
A066,A081,0,0,0,0,0,0
A066,A082,0,0,0,0,0,0
A066,A083,0,0,0,0,0,0
A066,A084,0,0,0,0,0,0
A066,A085,0,0,0,0,0,0
A066,A086,0,0,0,0,0,0
A066,A087,0,0,0,0,0,0
A066,A088,0,0,0,0,0,0
A066,A089,0,0,0,0,0,0
A066,A090,0,0,0,0,0,0
A066,A091,0,0,0,0,0,0
A066,A092,0,0,0,0,0,0
A066,A093,0,0,0,0,0,0
A066,A094,0,0,0,0,0,0
A066,A095,0,0,0,0,0,0
A066,A096,0,0,0,0,0,0
A066,A097,0,0,0,0,0,0
A066,A098,0,0,0,0,0,0
A066,A099,0,0,0,0,0,0
A066,A100,0,0,0,0,0,0
A066,A101,0,0,0,0,0,0
A066,A102,0,0,0,0,0,0
A066,A103,0,0,0,0,0,0
A066,A104,0,0,0,0,0,0
A066,A105,0,0,0,0,0,0
A066,A106,0,0,0,0,0,0
A066,A107,0,0,0,0,0,0
A066,A108,0,0,0,0,0,0
A066,A109,0,0,0,0,0,0
A066,A110,0,0,0,0,0,0
A066,A111,0,0,0,0,0,0
A066,A112,0,0,0,0,0,0
A066,A113,0,0,0,0,0,0
A066,A114,0,0,0,0,0,0
A066,A115,0,0,0,0,0,0
A066,A116,0,0,0,0,0,0
A066,A117,0,0,0,0,0,0
A066,A118,0,0,0,0,0,0
A066,A119,0,0,0,0,0,0
A066,A120,0,0,0,0,0,0
A067,A001,0,0,0,0,0,0
A067,A002,0,0,0,0,1,1
A067,A003,0,0,0,0,0,0
A067,A004,0,0,0,0,0,0
A067,A005,0,0,0,0,0,0
A067,A006,0,0,0,0,0,0
A067,A007,0,0,0,0,0,0
A067,A008,0,0,0,0,0,0
A067,A009,0,0,0,0,0,0
A067,A010,0,0,0,0,0,0
A067,A011,0,0,0,0,0,0
A067,A012,0,0,0,0,0,0
A067,A013,0,0,0,0,0,0
A067,A014,0,0,0,0,0,0
A067,A015,0,0,0,0,0,0
A067,A016,0,0,0,0,0,0
A067,A017,0,0,0,0,0,0
A067,A018,0,0,0,0,0,0
A067,A019,0,0,0,0,0,0
A067,A020,0,0,0,0,0,0
A067,A021,0,0,0,0,0,0
A067,A022,0,0,0,0,0,0
A067,A023,0,0,0,0,0,0
A067,A024,0,0,0,0,0,0
A067,A025,0,0,0,0,0,0
A067,A026,0,0,0,0,0,0
A067,A027,0,0,0,0,0,0
A067,A028,0,0,2,0,0,2
A067,A029,0,0,0,0,0,0
A067,A030,0,0,0,0,0,0
A067,A031,0,0,0,0,1,1
A067,A032,0,0,0,0,0,0
A067,A033,0,0,0,0,0,0
A067,A034,0,0,0,0,0,0
A067,A035,0,0,0,0,0,0
A067,A036,0,0,0,0,0,0
A067,A037,0,0,0,0,0,0
A067,A038,0,0,0,0,0,0
A067,A039,0,0,0,0,1,1
A067,A040,0,0,0,0,0,0
A067,A041,0,0,0,0,0,0
A067,A042,0,0,0,0,0,0
A067,A043,0,0,0,0,0,0
A067,A044,0,0,0,0,0,0
A067,A045,0,0,0,0,0,0
A067,A046,0,0,0,0,0,0
A067,A047,0,0,0,0,0,0
A067,A048,0,0,0,0,0,0
A067,A049,0,0,0,0,0,0
A067,A050,0,0,0,0,0,0
A067,A051,0,0,0,0,0,0
A067,A052,0,0,0,0,0,0
A067,A053,0,0,0,0,0,0
A067,A054,0,0,0,0,1,1
A067,A055,0,0,0,0,0,0
A067,A056,0,0,0,0,0,0
A067,A057,0,0,0,0,0,0
A067,A058,0,0,0,0,0,0
A067,A059,0,0,0,0,0,0
A067,A060,0,0,0,0,0,0
A067,A061,0,0,0,0,0,0
A067,A062,0,0,0,0,0,0
A067,A063,0,0,0,0,0,0
A067,A064,0,0,0,0,0,0
A067,A065,0,0,0,0,0,0
A067,A066,0,0,0,0,0,0
A067,A067,373,0,0,91,0,464
A067,A068,0,0,0,0,0,0
A067,A069,0,0,0,0,0,0
A067,A070,0,0,0,0,2,2
A067,A071,0,0,0,0,1,1
A067,A072,0,1,0,0,3,4
A067,A073,0,0,0,0,0,0
A067,A074,0,0,0,0,0,0
A067,A075,0,0,0,0,0,0
A067,A076,0,0,0,0,0,0
A067,A077,0,0,0,0,0,0
A067,A078,0,0,0,0,0,0
A067,A079,0,0,0,0,1,1
A067,A080,0,0,0,0,0,0
A067,A081,0,0,0,0,0,0
A067,A082,0,0,0,0,0,0
A067,A083,0,0,0,0,0,0
A067,A084,0,0,0,0,0,0
A067,A085,0,0,0,0,0,0
A067,A086,0,0,0,0,0,0
A067,A087,0,0,0,0,0,0
A067,A088,0,0,0,0,0,0
A067,A089,0,0,0,0,0,0
A067,A090,0,0,0,0,0,0
A067,A091,0,0,0,0,0,0
A067,A092,0,0,0,0,0,0
A067,A093,0,0,0,0,0,0
A067,A094,0,0,0,0,0,0
A067,A095,0,0,0,0,1,1
A067,A096,0,0,1,0,0,1
A067,A097,0,0,0,0,0,0
A067,A098,0,0,0,0,0,0
A067,A099,0,0,0,0,0,0
A067,A100,0,0,0,0,0,0
A067,A101,0,0,0,0,0,0
A067,A102,0,0,0,0,0,0
A067,A103,0,3,1,0,0,4
A067,A104,0,0,0,0,0,0
A067,A105,0,1,1,0,1,3
A067,A106,0,0,0,0,0,0
A067,A107,0,0,0,0,0,0
A067,A108,0,0,0,0,0,0
A067,A109,0,0,0,0,0,0
A067,A110,0,0,0,0,0,0
A067,A111,0,0,0,0,0,0
A067,A112,0,0,0,0,0,0
A067,A113,0,0,0,0,0,0
A067,A114,0,0,0,0,0,0
A067,A115,0,0,0,0,0,0
A067,A116,0,0,0,0,0,0
A067,A117,0,0,1,0,0,1
A067,A118,0,0,0,0,0,0
A067,A119,0,0,0,0,0,0
A067,A120,0,0,0,0,0,0
A068,A001,0,0,0,0,0,0
A068,A002,0,0,0,0,0,0
A068,A003,0,0,0,0,1,1
A068,A004,0,4,0,0,0,4
A068,A005,0,0,0,0,0,0
A068,A006,0,0,0,0,0,0
A068,A007,0,0,0,0,0,0
A068,A008,0,0,0,0,0,0
A068,A009,0,0,0,0,0,0
A068,A010,0,0,0,0,0,0
A068,A011,0,0,0,0,0,0
A068,A012,0,0,0,0,0,0
A068,A013,0,0,0,0,0,0
A068,A014,0,0,0,0,0,0
A068,A015,0,0,0,0,0,0
A068,A016,0,0,0,0,0,0
A068,A017,0,0,0,0,0,0
A068,A018,0,0,0,0,0,0
A068,A019,0,0,0,0,1,1
A068,A020,0,0,0,0,0,0
A068,A021,0,0,0,0,0,0
A068,A022,0,0,0,0,0,0
A068,A023,0,0,0,0,0,0
A068,A024,0,0,0,0,0,0
A068,A025,0,0,0,0,0,0
A068,A026,0,0,0,0,0,0
A068,A027,0,0,0,0,0,0
A068,A028,0,0,0,0,0,0
A068,A029,0,0,0,0,0,0
A068,A030,0,0,0,0,0,0
A068,A031,0,0,0,0,0,0
A068,A032,0,0,0,0,0,0
A068,A033,0,0,0,0,0,0
A068,A034,0,0,0,0,0,0
A068,A035,0,0,0,0,0,0
A068,A036,0,0,0,0,0,0
A068,A037,0,0,0,0,0,0
A068,A038,0,0,0,0,0,0
A068,A039,0,0,0,0,0,0
A068,A040,0,0,0,0,0,0
A068,A041,0,0,0,0,0,0
A068,A042,0,0,0,0,0,0
A068,A043,0,0,0,0,0,0
A068,A044,0,1,0,0,0,1
A068,A045,0,0,0,0,0,0
A068,A046,0,0,0,0,0,0
A068,A047,0,0,0,0,1,1
A068,A048,0,0,0,0,0,0
A068,A049,0,0,0,0,0,0
A068,A050,0,0,0,0,0,0
A068,A051,0,0,0,0,0,0
A068,A052,0,0,0,0,0,0
A068,A053,0,0,0,0,0,0
A068,A054,0,0,0,0,0,0
A068,A055,0,0,0,0,0,0
A068,A056,0,0,0,0,0,0
A068,A057,0,0,0,0,0,0
A068,A058,0,0,0,0,0,0
A068,A059,0,0,0,0,0,0
A068,A060,0,0,0,0,0,0
A068,A061,0,0,1,0,0,1
A068,A062,0,2,0,0,0,2
A068,A063,0,2,0,0,0,2
A068,A064,0,0,0,0,0,0
A068,A065,0,0,0,0,0,0
A068,A066,0,0,0,0,0,0
A068,A067,0,0,0,0,0,0
A068,A068,417,0,0,30,0,447
A068,A069,0,0,0,0,0,0
A068,A070,0,0,0,0,0,0
A068,A071,0,0,0,0,0,0
A068,A072,0,0,0,0,0,0
A068,A073,0,0,0,0,0,0
A068,A074,0,0,0,0,0,0
A068,A075,0,0,0,0,0,0
A068,A076,0,0,0,0,0,0
A068,A077,0,0,0,0,0,0
A068,A078,0,0,0,0,0,0
A068,A079,0,0,0,0,0,0
A068,A080,0,0,0,0,0,0
A068,A081,0,0,0,0,0,0
A068,A082,0,0,0,0,0,0
A068,A083,0,0,0,0,0,0
A068,A084,0,0,0,0,0,0
A068,A085,0,0,0,0,0,0
A068,A086,0,0,0,0,0,0
A068,A087,0,0,0,0,0,0
A068,A088,0,0,0,0,0,0
A068,A089,0,0,0,0,0,0
A068,A090,0,0,0,0,0,0
A068,A091,0,0,0,0,0,0
A068,A092,0,0,0,0,0,0
A068,A093,0,0,0,0,0,0
A068,A094,0,0,0,0,1,1
A068,A095,0,0,0,0,0,0
A068,A096,0,0,0,0,0,0
A068,A097,0,0,0,0,0,0
A068,A098,0,0,0,0,0,0
A068,A099,0,0,0,0,0,0
A068,A100,0,0,0,0,0,0
A068,A101,0,0,0,0,0,0
A068,A102,0,0,0,0,0,0
A068,A103,0,1,0,0,0,1
A068,A104,0,0,1,0,0,1
A068,A105,0,0,0,0,2,2
A068,A106,0,0,0,0,0,0
A068,A107,0,0,0,0,0,0
A068,A108,0,0,0,0,0,0
A068,A109,0,0,0,0,0,0
A068,A110,0,0,0,0,0,0
A068,A111,0,0,0,0,0,0
A068,A112,0,0,0,0,0,0
A068,A113,0,0,0,0,0,0
A068,A114,0,0,0,0,0,0
A068,A115,0,0,0,0,0,0
A068,A116,0,0,0,0,0,0
A068,A117,0,0,0,0,0,0
A068,A118,0,0,0,0,0,0
A068,A119,0,0,0,0,0,0
A068,A120,0,0,0,0,1,1
A069,A001,0,0,0,0,0,0
A069,A002,0,0,0,0,0,0
A069,A003,0,0,0,0,0,0
A069,A004,0,0,0,0,0,0
A069,A005,0,0,0,0,0,0
A069,A006,0,0,0,0,0,0
A069,A007,0,0,0,0,0,0
A069,A008,0,0,0,0,0,0
A069,A009,0,0,0,0,0,0
A069,A010,0,0,0,0,0,0
A069,A011,0,0,0,0,0,0
A069,A012,0,0,0,0,0,0
A069,A013,0,0,0,0,0,0
A069,A014,0,0,0,0,0,0
A069,A015,0,0,0,0,0,0
A069,A016,0,0,0,0,0,0
A069,A017,0,0,0,0,0,0
A069,A018,0,0,0,0,0,0
A069,A019,0,0,0,0,0,0
A069,A020,0,0,0,0,0,0
A069,A021,0,0,0,0,0,0
A069,A022,0,0,0,0,0,0
A069,A023,0,0,0,0,0,0
A069,A024,0,0,0,0,0,0
A069,A025,0,0,0,0,1,1
A069,A026,0,0,0,0,0,0
A069,A027,0,0,0,0,0,0
A069,A028,0,0,0,0,0,0
A069,A029,0,0,0,0,0,0
A069,A030,0,0,0,0,0,0
A069,A031,0,2,2,0,1,5
A069,A032,0,1,0,0,0,1
A069,A033,0,0,0,0,0,0
A069,A034,0,0,0,0,0,0
A069,A035,0,0,0,0,0,0
A069,A036,0,0,0,0,0,0
A069,A037,0,0,0,0,0,0
A069,A038,0,0,1,0,0,1
A069,A039,0,0,0,0,0,0
A069,A040,0,0,0,0,0,0
A069,A041,0,0,0,0,0,0
A069,A042,0,0,0,0,0,0
A069,A043,0,0,0,0,0,0
A069,A044,0,0,0,0,0,0
A069,A045,0,0,0,0,0,0
A069,A046,0,0,0,0,0,0
A069,A047,0,0,0,0,0,0
A069,A048,0,0,0,0,0,0
A069,A049,0,0,0,0,0,0
A069,A050,0,0,0,0,0,0
A069,A051,0,0,0,0,0,0
A069,A052,0,0,0,0,0,0
A069,A053,0,0,0,0,0,0
A069,A054,0,0,0,0,0,0
A069,A055,0,0,0,0,0,0
A069,A056,0,0,0,0,0,0
A069,A057,0,0,0,0,0,0
A069,A058,0,0,0,0,0,0
A069,A059,0,0,0,0,0,0
A069,A060,0,0,0,0,0,0
A069,A061,0,1,0,0,0,1
A069,A062,0,0,0,0,0,0
A069,A063,0,0,0,0,0,0
A069,A064,0,0,0,0,0,0
A069,A065,0,0,0,0,1,1
A069,A066,0,0,0,0,0,0
A069,A067,0,0,1,0,0,1
A069,A068,0,0,0,0,0,0
A069,A069,400,0,0,87,0,487
A069,A070,0,1,2,0,1,4
A069,A071,0,0,1,0,2,3
A069,A072,0,7,2,0,6,15
A069,A073,0,0,0,0,0,0
A069,A074,0,0,0,0,0,0
A069,A075,0,0,0,0,0,0
A069,A076,0,0,0,0,0,0
A069,A077,0,1,0,0,0,1
A069,A078,0,0,0,0,0,0
A069,A079,0,0,0,0,0,0
A069,A080,0,0,0,0,1,1
A069,A081,0,0,1,0,0,1
A069,A082,0,0,0,0,0,0
A069,A083,0,0,0,0,0,0
A069,A084,0,0,0,0,0,0
A069,A085,0,0,0,0,0,0
A069,A086,0,0,0,0,0,0
A069,A087,0,0,0,0,0,0
A069,A088,0,0,0,0,0,0
A069,A089,0,0,0,0,0,0
A069,A090,0,0,0,0,0,0
A069,A091,0,0,0,0,0,0
A069,A092,0,0,0,0,0,0
A069,A093,0,0,0,0,0,0
A069,A094,0,0,0,0,0,0
A069,A095,0,0,0,0,0,0
A069,A096,0,0,0,0,0,0
A069,A097,0,0,0,0,0,0
A069,A098,0,0,0,0,0,0
A069,A099,0,0,0,0,1,1
A069,A100,0,0,0,0,0,0
A069,A101,0,0,0,0,0,0
A069,A102,0,0,0,0,0,0
A069,A103,0,0,0,0,0,0
A069,A104,0,0,0,0,0,0
A069,A105,0,0,0,0,0,0
A069,A106,0,0,0,0,0,0
A069,A107,0,0,0,0,0,0
A069,A108,0,0,0,0,0,0
A069,A109,0,0,0,0,0,0
A069,A110,0,0,1,0,0,1
A069,A111,0,0,0,0,0,0
A069,A112,0,0,0,0,0,0
A069,A113,0,0,0,0,0,0
A069,A114,0,0,0,0,0,0
A069,A115,0,0,0,0,0,0
A069,A116,0,0,0,0,0,0
A069,A117,0,0,0,0,0,0
A069,A118,0,0,0,0,0,0
A069,A119,0,0,0,0,0,0
A069,A120,0,0,0,0,0,0
A070,A001,0,0,0,0,0,0
A070,A002,0,0,0,0,0,0
A070,A003,0,0,0,0,0,0
A070,A004,0,0,0,0,0,0
A070,A005,0,0,1,0,1,2
A070,A006,0,0,0,0,0,0
A070,A007,0,0,0,0,0,0
A070,A008,0,0,0,0,0,0
A070,A009,0,0,0,0,0,0
A070,A010,0,0,0,0,0,0
A070,A011,0,0,0,0,0,0
A070,A012,0,0,0,0,0,0
A070,A013,0,0,0,0,0,0
A070,A014,0,0,0,0,0,0
A070,A015,0,0,0,0,0,0
A070,A016,0,0,0,0,0,0
A070,A017,0,0,0,0,0,0
A070,A018,0,0,0,0,0,0
A070,A019,0,0,0,0,0,0
A070,A020,0,0,0,0,0,0
A070,A021,0,0,0,0,0,0
A070,A022,0,0,0,0,0,0
A070,A023,0,0,0,0,0,0
A070,A024,0,0,0,0,0,0
A070,A025,0,0,0,0,0,0
A070,A026,0,0,0,0,0,0
A070,A027,0,0,0,0,0,0
A070,A028,0,0,0,0,0,0
A070,A029,0,0,0,0,0,0
A070,A030,0,0,0,0,0,0
A070,A031,0,1,0,0,1,2
A070,A032,0,0,0,0,0,0
A070,A033,0,0,0,0,0,0
A070,A034,0,0,0,0,0,0
A070,A035,0,0,0,0,0,0
A070,A036,0,0,0,0,0,0
A070,A037,0,0,0,0,0,0
A070,A038,0,0,0,0,0,0
A070,A039,0,0,0,0,0,0
A070,A040,0,0,0,0,0,0
A070,A041,0,0,0,0,0,0
A070,A042,0,0,0,0,0,0
A070,A043,0,0,0,0,0,0
A070,A044,0,0,0,0,0,0
A070,A045,0,0,0,0,0,0
A070,A046,0,0,0,0,0,0
A070,A047,0,0,0,0,0,0
A070,A048,0,0,0,0,0,0
A070,A049,0,0,0,0,0,0
A070,A050,0,0,0,0,0,0
A070,A051,0,0,0,0,0,0
A070,A052,0,0,0,0,0,0
A070,A053,0,0,0,0,0,0
A070,A054,0,0,0,0,0,0
A070,A055,0,0,0,0,0,0
A070,A056,0,0,0,0,0,0
A070,A057,0,0,0,0,0,0
A070,A058,0,0,0,0,0,0
A070,A059,0,0,0,0,0,0
A070,A060,0,0,0,0,0,0
A070,A061,0,0,0,0,0,0
A070,A062,0,0,0,0,0,0
A070,A063,0,0,0,0,0,0
A070,A064,0,0,0,0,0,0
A070,A065,0,0,0,0,0,0
A070,A066,0,0,0,0,0,0
A070,A067,0,0,0,0,1,1
A070,A068,0,0,0,0,0,0
A070,A069,0,0,1,0,0,1
A070,A070,435,0,0,45,0,480
A070,A071,0,0,1,0,0,1
A070,A072,0,0,1,0,4,5
A070,A073,0,0,0,0,0,0
A070,A074,0,0,0,0,0,0
A070,A075,0,0,0,0,0,0
A070,A076,0,0,0,0,0,0
A070,A077,0,0,0,0,0,0
A070,A078,0,0,0,0,0,0
A070,A079,0,0,0,0,0,0
A070,A080,0,0,0,0,0,0
A070,A081,0,0,0,0,0,0
A070,A082,0,0,0,0,0,0
A070,A083,0,0,0,0,0,0
A070,A084,0,0,0,0,0,0
A070,A085,0,0,0,0,0,0
A070,A086,0,0,0,0,0,0
A070,A087,0,0,0,0,0,0
A070,A088,0,0,0,0,0,0
A070,A089,0,0,0,0,1,1
A070,A090,0,0,0,0,0,0
A070,A091,0,0,0,0,0,0
A070,A092,0,0,0,0,0,0
A070,A093,0,0,0,0,0,0
A070,A094,0,0,0,0,0,0
A070,A095,0,1,0,0,0,1
A070,A096,0,0,0,0,0,0
A070,A097,0,0,0,0,0,0
A070,A098,0,0,0,0,0,0
A070,A099,0,0,0,0,0,0
A070,A100,0,0,0,0,0,0
A070,A101,0,0,0,0,0,0
A070,A102,0,0,0,0,0,0
A070,A103,0,0,0,0,1,1
A070,A104,0,0,0,0,0,0
A070,A105,0,0,0,0,0,0
A070,A106,0,0,0,0,0,0
A070,A107,0,0,0,0,0,0
A070,A108,0,0,0,0,0,0
A070,A109,0,0,0,0,0,0
A070,A110,0,0,0,0,0,0
A070,A111,0,0,0,0,0,0
A070,A112,0,0,0,0,0,0
A070,A113,0,0,0,0,0,0
A070,A114,0,0,0,0,0,0
A070,A115,0,0,0,0,0,0
A070,A116,0,0,0,0,0,0
A070,A117,0,0,0,0,0,0
A070,A118,0,0,0,0,0,0
A070,A119,0,0,0,0,0,0
A070,A120,0,0,0,0,0,0
A071,A001,0,0,0,0,0,0
A071,A002,0,0,0,0,0,0
A071,A003,0,0,0,0,0,0
A071,A004,0,0,0,0,0,0
A071,A005,0,0,0,0,0,0
A071,A006,0,0,0,0,0,0
A071,A007,0,0,0,0,0,0
A071,A008,0,0,0,0,0,0
A071,A009,0,0,0,0,0,0
A071,A010,0,0,0,0,0,0
A071,A011,0,0,0,0,0,0
A071,A012,0,0,0,0,0,0
A071,A013,0,0,0,0,0,0
A071,A014,0,0,0,0,0,0
A071,A015,0,0,0,0,0,0
A071,A016,0,0,0,0,0,0
A071,A017,0,0,0,0,0,0
A071,A018,0,0,0,0,0,0
A071,A019,0,0,0,0,0,0
A071,A020,0,0,0,0,0,0
A071,A021,0,0,0,0,0,0
A071,A022,0,0,0,0,0,0
A071,A023,0,0,0,0,0,0
A071,A024,0,0,0,0,0,0
A071,A025,0,0,0,0,0,0
A071,A026,0,0,0,0,0,0
A071,A027,0,0,0,0,0,0
A071,A028,0,0,0,0,0,0
A071,A029,0,0,0,0,0,0
A071,A030,0,0,0,0,0,0
A071,A031,0,0,0,0,0,0
A071,A032,0,0,0,0,0,0
A071,A033,0,0,0,0,0,0
A071,A034,0,0,0,0,0,0
A071,A035,0,0,0,0,0,0
A071,A036,0,0,0,0,0,0
A071,A037,0,0,0,0,0,0
A071,A038,0,0,1,0,0,1
A071,A039,0,0,0,0,0,0
A071,A040,0,0,0,0,0,0
A071,A041,0,0,0,0,0,0
A071,A042,0,0,0,0,0,0
A071,A043,0,0,0,0,0,0
A071,A044,0,0,0,0,0,0
A071,A045,0,0,0,0,0,0
A071,A046,0,0,0,0,0,0
A071,A047,0,0,0,0,0,0
A071,A048,0,0,0,0,0,0
A071,A049,0,0,0,0,0,0
A071,A050,0,0,0,0,0,0
A071,A051,0,0,0,0,0,0
A071,A052,0,0,0,0,0,0
A071,A053,0,0,0,0,0,0
A071,A054,0,0,0,0,0,0
A071,A055,0,0,0,0,0,0
A071,A056,0,0,0,0,0,0
A071,A057,0,0,0,0,0,0
A071,A058,0,0,0,0,0,0
A071,A059,0,0,0,0,0,0
A071,A060,0,0,0,0,0,0
A071,A061,0,0,0,0,0,0
A071,A062,0,0,0,0,0,0
A071,A063,0,0,0,0,0,0
A071,A064,0,0,0,0,0,0
A071,A065,0,0,0,0,0,0
A071,A066,0,0,0,0,0,0
A071,A067,0,1,0,0,1,2
A071,A068,0,0,0,0,0,0
A071,A069,0,3,2,0,2,7
A071,A070,0,0,0,0,0,0
A071,A071,320,0,0,75,0,395
A071,A072,0,7,14,0,6,27
A071,A073,0,0,0,0,0,0
A071,A074,0,0,0,0,0,0
A071,A075,0,0,0,0,0,0
A071,A076,0,0,0,0,0,0
A071,A077,0,1,2,0,0,3
A071,A078,0,0,0,0,0,0
A071,A079,0,0,0,0,0,0
A071,A080,0,0,0,0,0,0
A071,A081,0,0,0,0,0,0
A071,A082,0,0,0,0,0,0
A071,A083,0,0,0,0,0,0
A071,A084,0,0,0,0,0,0
A071,A085,0,0,0,0,0,0
A071,A086,0,0,0,0,0,0
A071,A087,0,0,0,0,0,0
A071,A088,0,0,0,0,0,0
A071,A089,0,0,0,0,0,0
A071,A090,0,0,0,0,0,0
A071,A091,0,0,0,0,0,0
A071,A092,0,0,0,0,0,0
A071,A093,0,0,0,0,0,0
A071,A094,0,0,0,0,0,0
A071,A095,0,0,0,0,0,0
A071,A096,0,0,0,0,0,0
A071,A097,0,0,0,0,0,0
A071,A098,0,0,0,0,0,0
A071,A099,0,0,0,0,0,0
A071,A100,0,0,0,0,0,0
A071,A101,0,0,0,0,0,0
A071,A102,0,0,0,0,0,0
A071,A103,0,1,1,0,0,2
A071,A104,0,0,0,0,0,0
A071,A105,0,0,0,0,0,0
A071,A106,0,0,0,0,0,0
A071,A107,0,0,0,0,0,0
A071,A108,0,0,0,0,0,0
A071,A109,0,0,0,0,0,0
A071,A110,0,0,0,0,0,0
A071,A111,0,0,0,0,0,0
A071,A112,0,0,0,0,0,0
A071,A113,0,0,0,0,0,0
A071,A114,0,0,0,0,0,0
A071,A115,0,0,0,0,0,0
A071,A116,0,0,0,0,0,0
A071,A117,0,0,0,0,0,0
A071,A118,0,0,0,0,0,0
A071,A119,0,0,0,0,0,0
A071,A120,0,0,0,0,0,0
A072,A001,0,0,0,0,0,0
A072,A002,0,0,0,0,0,0
A072,A003,0,0,0,0,0,0
A072,A004,0,0,0,0,0,0
A072,A005,0,0,0,0,0,0
A072,A006,0,0,0,0,0,0
A072,A007,0,0,0,0,0,0
A072,A008,0,0,0,0,0,0
A072,A009,0,0,0,0,0,0
A072,A010,0,0,0,0,0,0
A072,A011,0,0,0,0,0,0
A072,A012,0,0,0,0,0,0
A072,A013,0,0,0,0,0,0
A072,A014,0,0,0,0,0,0
A072,A015,0,0,0,0,0,0
A072,A016,0,0,0,0,0,0
A072,A017,0,0,0,0,0,0
A072,A018,0,0,0,0,0,0
A072,A019,0,0,0,0,0,0
A072,A020,0,0,0,0,0,0
A072,A021,0,0,0,0,0,0
A072,A022,0,0,0,0,0,0
A072,A023,0,0,0,0,0,0
A072,A024,0,0,0,0,0,0
A072,A025,0,0,0,0,0,0
A072,A026,0,0,0,0,0,0
A072,A027,0,0,0,0,0,0
A072,A028,0,0,0,0,0,0
A072,A029,0,0,0,0,0,0
A072,A030,0,0,0,0,0,0
A072,A031,0,1,0,0,0,1
A072,A032,0,0,0,0,0,0
A072,A033,0,0,0,0,0,0
A072,A034,0,0,0,0,0,0
A072,A035,0,0,0,0,0,0
A072,A036,0,0,0,0,1,1
A072,A037,0,0,0,0,0,0
A072,A038,0,2,0,0,1,3
A072,A039,0,0,0,0,0,0
A072,A040,0,0,0,0,0,0
A072,A041,0,0,0,0,0,0
A072,A042,0,0,0,0,0,0
A072,A043,0,0,0,0,0,0
A072,A044,0,0,0,0,0,0
A072,A045,0,0,0,0,0,0
A072,A046,0,0,0,0,0,0
A072,A047,0,0,0,0,0,0
A072,A048,0,0,0,0,0,0
A072,A049,0,0,0,0,0,0
A072,A050,0,0,0,0,0,0
A072,A051,0,0,0,0,0,0
A072,A052,0,0,0,0,0,0
A072,A053,0,0,0,0,0,0
A072,A054,0,0,0,0,0,0
A072,A055,0,0,0,0,0,0
A072,A056,0,0,0,0,0,0
A072,A057,0,0,0,0,0,0
A072,A058,0,0,0,0,0,0
A072,A059,0,0,0,0,0,0
A072,A060,0,0,0,0,0,0
A072,A061,0,0,0,0,0,0
A072,A062,0,0,0,0,0,0
A072,A063,0,0,1,0,0,1
A072,A064,0,0,0,0,0,0
A072,A065,0,0,0,0,0,0
A072,A066,0,0,0,0,0,0
A072,A067,0,0,2,0,1,3
A072,A068,0,0,0,0,0,0
A072,A069,0,2,3,0,2,7
A072,A070,0,0,2,0,1,3
A072,A071,0,8,10,0,6,24
A072,A072,329,0,0,209,0,538
A072,A073,0,0,0,0,0,0
A072,A074,0,0,0,0,0,0
A072,A075,0,0,0,0,0,0
A072,A076,0,0,0,0,0,0
A072,A077,0,0,1,0,1,2
A072,A078,0,0,0,0,0,0
A072,A079,0,0,0,0,0,0
A072,A080,0,0,0,0,0,0
A072,A081,0,0,0,0,0,0
A072,A082,0,0,0,0,0,0
A072,A083,0,0,0,0,0,0
A072,A084,0,0,0,0,0,0
A072,A085,0,0,0,0,0,0
A072,A086,0,0,0,0,0,0
A072,A087,0,0,0,0,0,0
A072,A088,0,0,0,0,0,0
A072,A089,0,0,0,0,0,0
A072,A090,0,0,0,0,0,0
A072,A091,0,0,0,0,0,0
A072,A092,0,0,0,0,0,0
A072,A093,0,0,0,0,0,0
A072,A094,0,1,0,0,0,1
A072,A095,0,2,0,0,0,2
A072,A096,0,0,0,0,0,0
A072,A097,0,0,0,0,0,0
A072,A098,0,0,0,0,0,0
A072,A099,0,0,0,0,0,0
A072,A100,0,0,0,0,0,0
A072,A101,0,0,0,0,0,0
A072,A102,0,0,0,0,0,0
A072,A103,0,0,0,0,0,0
A072,A104,0,0,0,0,0,0
A072,A105,0,0,0,0,0,0
A072,A106,0,0,0,0,0,0
A072,A107,0,0,0,0,0,0
A072,A108,0,0,0,0,0,0
A072,A109,0,0,0,0,0,0
A072,A110,0,0,0,0,0,0
A072,A111,0,0,0,0,0,0
A072,A112,0,0,0,0,0,0
A072,A113,0,0,0,0,0,0
A072,A114,0,0,0,0,0,0
A072,A115,0,0,0,0,0,0
A072,A116,0,0,0,0,0,0
A072,A117,0,0,0,0,0,0
A072,A118,0,0,0,0,0,0
A072,A119,0,0,0,0,0,0
A072,A120,0,0,0,0,0,0
A073,A001,0,0,0,0,0,0
A073,A002,0,0,0,0,0,0
A073,A003,0,0,0,0,0,0
A073,A004,0,0,0,0,0,0
A073,A005,0,0,1,0,0,1
A073,A006,0,0,0,0,0,0
A073,A007,0,0,0,0,0,0
A073,A008,0,0,0,0,0,0
A073,A009,0,0,0,0,0,0
A073,A010,0,0,0,0,0,0
A073,A011,0,5,3,0,2,10
A073,A012,0,0,1,0,0,1
A073,A013,0,0,0,0,1,1
A073,A014,0,0,0,0,0,0
A073,A015,0,0,0,0,0,0
A073,A016,0,0,0,0,0,0
A073,A017,0,0,0,0,0,0
A073,A018,0,0,0,0,0,0
A073,A019,0,0,0,0,0,0
A073,A020,0,0,0,0,0,0
A073,A021,0,0,0,0,0,0
A073,A022,0,0,0,0,0,0
A073,A023,0,0,0,0,0,0
A073,A024,0,0,0,0,0,0
A073,A025,0,0,0,0,0,0
A073,A026,0,0,0,0,0,0
A073,A027,0,0,0,0,0,0
A073,A028,0,0,0,0,0,0
A073,A029,0,0,0,0,0,0
A073,A030,0,0,0,0,1,1
A073,A031,0,0,0,0,0,0
A073,A032,0,0,0,0,0,0
A073,A033,0,0,0,0,0,0
A073,A034,0,0,0,0,0,0
A073,A035,0,0,0,0,0,0
A073,A036,0,0,0,0,0,0
A073,A037,0,0,0,0,0,0
A073,A038,0,0,0,0,0,0
A073,A039,0,0,0,0,0,0
A073,A040,0,0,0,0,0,0
A073,A041,0,0,0,0,0,0
A073,A042,0,0,0,0,0,0
A073,A043,0,0,0,0,0,0
A073,A044,0,0,0,0,0,0
A073,A045,0,0,0,0,0,0
A073,A046,0,0,0,0,0,0
A073,A047,0,0,0,0,0,0
A073,A048,0,0,0,0,0,0
A073,A049,0,0,0,0,0,0
A073,A050,0,0,0,0,0,0
A073,A051,0,0,0,0,0,0
A073,A052,0,0,0,0,0,0
A073,A053,0,0,0,0,0,0
A073,A054,0,0,0,0,0,0
A073,A055,0,0,0,0,0,0
A073,A056,0,0,0,0,0,0
A073,A057,0,0,0,0,0,0
A073,A058,0,0,0,0,0,0
A073,A059,0,0,0,0,0,0
A073,A060,0,0,0,0,0,0
A073,A061,0,0,0,0,0,0
A073,A062,0,0,0,0,0,0
A073,A063,0,0,0,0,0,0
A073,A064,0,0,0,0,0,0
A073,A065,0,0,0,0,0,0
A073,A066,0,0,0,0,0,0
A073,A067,0,0,0,0,0,0
A073,A068,0,0,0,0,0,0
A073,A069,0,0,0,0,0,0
A073,A070,0,0,0,0,0,0
A073,A071,0,0,0,0,0,0
A073,A072,0,0,0,0,0,0
A073,A073,253,0,0,176,0,429
A073,A074,0,2,0,0,3,5
A073,A075,0,2,3,0,1,6
A073,A076,0,14,18,0,1,33
A073,A077,0,0,0,0,0,0
A073,A078,0,0,0,0,0,0
A073,A079,0,0,0,0,0,0
A073,A080,0,0,0,0,0,0
A073,A081,0,0,0,0,0,0
A073,A082,0,1,0,0,1,2
A073,A083,0,0,0,0,0,0
A073,A084,0,0,0,0,1,1
A073,A085,0,0,0,0,0,0
A073,A086,0,0,0,0,2,2
A073,A087,0,0,0,0,0,0
A073,A088,0,0,0,0,0,0
A073,A089,0,0,0,0,0,0
A073,A090,0,0,0,0,0,0
A073,A091,0,2,1,0,1,4
A073,A092,0,0,0,0,0,0
A073,A093,0,0,0,0,0,0
A073,A094,0,0,0,0,0,0
A073,A095,0,0,0,0,0,0
A073,A096,0,0,0,0,0,0
A073,A097,0,0,0,0,0,0
A073,A098,0,0,0,0,0,0
A073,A099,0,0,0,0,0,0
A073,A100,0,0,0,0,0,0
A073,A101,0,0,0,0,0,0
A073,A102,0,0,0,0,0,0
A073,A103,0,0,0,0,0,0
A073,A104,0,0,0,0,0,0
A073,A105,0,0,0,0,0,0
A073,A106,0,0,0,0,0,0
A073,A107,0,0,0,0,0,0
A073,A108,0,0,0,0,0,0
A073,A109,0,0,0,0,0,0
A073,A110,0,0,0,0,0,0
A073,A111,0,0,0,0,0,0
A073,A112,0,0,0,0,0,0
A073,A113,0,0,0,0,0,0
A073,A114,0,0,0,0,0,0
A073,A115,0,0,0,0,0,0
A073,A116,0,0,0,0,0,0
A073,A117,0,0,0,0,0,0
A073,A118,0,0,0,0,0,0
A073,A119,0,0,0,0,0,0
A073,A120,0,0,0,0,0,0
A074,A001,0,0,0,0,0,0
A074,A002,0,0,0,0,0,0
A074,A003,0,0,0,0,0,0
A074,A004,0,0,0,0,0,0
A074,A005,0,0,0,0,0,0
A074,A006,0,0,0,0,0,0
A074,A007,0,0,0,0,0,0
A074,A008,0,0,0,0,0,0
A074,A009,0,0,0,0,0,0
A074,A010,0,0,0,0,0,0
A074,A011,0,1,0,0,0,1
A074,A012,0,1,0,0,0,1
A074,A013,0,0,0,0,0,0
A074,A014,0,0,0,0,0,0
A074,A015,0,0,0,0,0,0
A074,A016,0,0,0,0,0,0
A074,A017,0,0,0,0,0,0
A074,A018,0,0,0,0,0,0
A074,A019,0,0,0,0,0,0
A074,A020,0,0,0,0,0,0
A074,A021,0,0,0,0,0,0
A074,A022,0,0,0,0,0,0
A074,A023,0,0,0,0,0,0
A074,A024,0,0,0,0,0,0
A074,A025,0,0,1,0,0,1
A074,A026,0,0,0,0,0,0
A074,A027,0,0,0,0,0,0
A074,A028,0,0,0,0,0,0
A074,A029,0,1,0,0,0,1
A074,A030,0,1,1,0,1,3
A074,A031,0,0,0,0,0,0
A074,A032,0,0,0,0,0,0
A074,A033,0,0,0,0,0,0
A074,A034,0,0,0,0,0,0
A074,A035,0,0,0,0,0,0
A074,A036,0,0,0,0,0,0
A074,A037,0,0,0,0,0,0
A074,A038,0,0,0,0,0,0
A074,A039,0,0,0,0,0,0
A074,A040,0,0,0,0,0,0
A074,A041,0,0,0,0,0,0
A074,A042,0,0,0,0,0,0
A074,A043,0,0,0,0,0,0
A074,A044,0,0,0,0,0,0
A074,A045,0,0,0,0,0,0
A074,A046,0,0,0,0,0,0
A074,A047,0,0,0,0,0,0
A074,A048,0,0,0,0,0,0
A074,A049,0,0,0,0,0,0
A074,A050,0,0,0,0,0,0
A074,A051,0,0,0,0,0,0
A074,A052,0,0,0,0,0,0
A074,A053,0,0,0,0,0,0
A074,A054,0,0,0,0,0,0
A074,A055,0,0,0,0,0,0
A074,A056,0,0,0,0,0,0
A074,A057,0,0,0,0,0,0
A074,A058,0,0,0,0,0,0
A074,A059,0,0,0,0,0,0
A074,A060,0,0,0,0,0,0
A074,A061,0,0,0,0,0,0
A074,A062,0,0,0,0,0,0
A074,A063,0,0,0,0,0,0
A074,A064,0,0,0,0,0,0
A074,A065,0,0,0,0,0,0
A074,A066,0,0,0,0,0,0
A074,A067,0,0,0,0,0,0
A074,A068,0,0,0,0,0,0
A074,A069,0,0,0,0,0,0
A074,A070,0,0,0,0,0,0
A074,A071,0,0,0,0,0,0
A074,A072,0,0,0,0,0,0
A074,A073,0,1,1,0,1,3
A074,A074,305,0,0,68,0,373
A074,A075,0,1,0,0,3,4
A074,A076,0,1,0,0,0,1
A074,A077,0,0,0,0,0,0
A074,A078,0,0,0,0,0,0
A074,A079,0,0,0,0,0,0
A074,A080,0,0,0,0,0,0
A074,A081,0,0,0,0,0,0
A074,A082,0,0,0,0,0,0
A074,A083,0,0,0,0,1,1
A074,A084,0,6,5,0,2,13
A074,A085,0,0,0,0,0,0
A074,A086,0,1,1,0,3,5
A074,A087,0,0,0,0,0,0
A074,A088,0,0,0,0,0,0
A074,A089,0,0,0,0,0,0
A074,A090,0,0,0,0,0,0
A074,A091,0,1,0,0,0,1
A074,A092,0,0,0,0,0,0
A074,A093,0,0,0,0,0,0
A074,A094,0,0,0,0,0,0
A074,A095,0,0,0,0,0,0
A074,A096,0,0,0,0,0,0
A074,A097,0,0,0,0,0,0
A074,A098,0,0,0,0,0,0
A074,A099,0,0,0,0,0,0
A074,A100,0,0,0,0,0,0
A074,A101,0,0,0,0,0,0
A074,A102,0,0,0,0,0,0
A074,A103,0,0,0,0,0,0
A074,A104,0,0,0,0,0,0
A074,A105,0,0,0,0,0,0
A074,A106,0,0,0,0,0,0
A074,A107,0,0,0,0,0,0
A074,A108,0,0,0,0,0,0
A074,A109,0,0,0,0,0,0
A074,A110,0,0,0,0,0,0
A074,A111,0,0,0,0,0,0
A074,A112,0,0,0,0,0,0
A074,A113,0,0,0,0,0,0
A074,A114,0,0,0,0,0,0
A074,A115,0,0,0,0,0,0
A074,A116,0,0,0,0,0,0
A074,A117,0,0,0,0,0,0
A074,A118,0,0,0,0,0,0
A074,A119,0,0,0,0,0,0
A074,A120,0,0,0,0,0,0
A075,A001,0,0,0,0,0,0
A075,A002,0,0,0,0,1,1
A075,A003,0,0,0,0,0,0
A075,A004,0,0,0,0,0,0
A075,A005,0,0,0,0,0,0
A075,A006,0,0,0,0,0,0
A075,A007,0,0,0,0,0,0
A075,A008,0,0,0,0,0,0
A075,A009,0,0,0,0,0,0
A075,A010,0,0,0,0,1,1
A075,A011,0,0,0,0,1,1
A075,A012,0,0,1,0,1,2
A075,A013,0,0,0,0,0,0
A075,A014,0,0,0,0,0,0
A075,A015,0,0,0,0,0,0
A075,A016,0,0,0,0,0,0
A075,A017,0,0,0,0,0,0
A075,A018,0,0,0,0,0,0
A075,A019,0,0,0,0,0,0
A075,A020,0,0,0,0,0,0
A075,A021,0,0,0,0,0,0
A075,A022,0,0,0,0,1,1
A075,A023,0,0,0,0,0,0
A075,A024,0,0,0,0,0,0
A075,A025,0,0,0,0,0,0
A075,A026,0,0,0,0,0,0
A075,A027,0,0,0,0,0,0
A075,A028,0,0,0,0,1,1
A075,A029,0,2,1,0,1,4
A075,A030,0,0,1,0,1,2
A075,A031,0,0,0,0,0,0
A075,A032,0,1,0,0,0,1
A075,A033,0,1,0,0,1,2
A075,A034,0,0,0,0,0,0
A075,A035,0,0,0,0,0,0
A075,A036,0,0,0,0,0,0
A075,A037,0,0,0,0,0,0
A075,A038,0,0,0,0,0,0
A075,A039,0,0,0,0,0,0
A075,A040,0,0,0,0,0,0
A075,A041,0,0,0,0,0,0
A075,A042,0,0,0,0,0,0
A075,A043,0,0,0,0,0,0
A075,A044,0,0,0,0,0,0
A075,A045,0,0,0,0,1,1
A075,A046,0,0,0,0,0,0
A075,A047,0,0,0,0,0,0
A075,A048,0,0,0,0,0,0
A075,A049,0,0,0,0,0,0
A075,A050,0,0,0,0,0,0
A075,A051,0,0,0,0,0,0
A075,A052,0,0,0,0,0,0
A075,A053,0,0,0,0,0,0
A075,A054,0,0,0,0,0,0
A075,A055,0,0,0,0,0,0
A075,A056,0,0,0,0,0,0
A075,A057,0,0,0,0,0,0
A075,A058,0,0,0,0,0,0
A075,A059,0,0,0,0,0,0
A075,A060,0,0,0,0,0,0
A075,A061,0,0,0,0,0,0
A075,A062,0,0,0,0,0,0
A075,A063,0,0,0,0,0,0
A075,A064,0,0,0,0,0,0
A075,A065,0,0,0,0,0,0
A075,A066,0,0,0,0,0,0
A075,A067,0,0,0,0,0,0
A075,A068,0,0,0,0,0,0
A075,A069,0,0,0,0,0,0
A075,A070,0,0,0,0,1,1
A075,A071,0,0,0,0,0,0
A075,A072,0,0,0,0,0,0
A075,A073,0,3,6,0,5,14
A075,A074,0,1,3,0,3,7
A075,A075,344,0,0,131,0,475
A075,A076,0,2,2,0,3,7
A075,A077,0,0,0,0,1,1
A075,A078,0,0,0,0,2,2
A075,A079,0,1,0,0,0,1
A075,A080,0,0,0,0,0,0
A075,A081,0,0,0,0,0,0
A075,A082,0,1,0,0,1,2
A075,A083,0,0,0,0,0,0
A075,A084,0,0,1,0,2,3
A075,A085,0,0,0,0,0,0
A075,A086,0,0,0,0,0,0
A075,A087,0,0,0,0,0,0
A075,A088,0,0,0,0,0,0
A075,A089,0,0,0,0,0,0
A075,A090,0,0,0,0,0,0
A075,A091,0,0,0,0,0,0
A075,A092,0,0,0,0,0,0
A075,A093,0,0,0,0,0,0
A075,A094,0,0,0,0,0,0
A075,A095,0,0,0,0,0,0
A075,A096,0,0,0,0,0,0
A075,A097,0,0,0,0,0,0
A075,A098,0,0,0,0,0,0
A075,A099,0,0,0,0,0,0
A075,A100,0,0,0,0,0,0
A075,A101,0,0,0,0,0,0
A075,A102,0,0,0,0,0,0
A075,A103,0,0,0,0,0,0
A075,A104,0,0,0,0,0,0
A075,A105,0,0,0,0,0,0
A075,A106,0,0,0,0,0,0
A075,A107,0,0,0,0,0,0
A075,A108,0,0,0,0,0,0
A075,A109,0,0,0,0,0,0
A075,A110,0,0,0,0,1,1
A075,A111,0,0,0,0,0,0
A075,A112,0,0,0,0,0,0
A075,A113,0,0,0,0,0,0
A075,A114,0,0,0,0,0,0
A075,A115,0,0,0,0,0,0
A075,A116,0,0,0,0,0,0
A075,A117,0,0,0,0,0,0
A075,A118,0,0,0,0,0,0
A075,A119,0,0,0,0,1,1
A075,A120,0,0,0,0,0,0
A076,A001,0,0,0,0,0,0
A076,A002,0,0,0,0,0,0
A076,A003,0,0,0,0,0,0
A076,A004,0,0,0,0,0,0
A076,A005,0,0,0,0,0,0
A076,A006,0,0,0,0,0,0
A076,A007,0,0,0,0,0,0
A076,A008,0,0,0,0,0,0
A076,A009,0,0,0,0,0,0
A076,A010,0,0,0,0,0,0
A076,A011,0,2,4,0,0,6
A076,A012,0,0,1,0,2,3
A076,A013,0,0,0,0,0,0
A076,A014,0,0,0,0,0,0
A076,A015,0,0,0,0,0,0
A076,A016,0,0,0,0,0,0
A076,A017,0,0,0,0,0,0
A076,A018,0,0,0,0,0,0
A076,A019,0,0,0,0,0,0
A076,A020,0,0,0,0,0,0
A076,A021,0,0,0,0,0,0
A076,A022,0,0,0,0,2,2
A076,A023,0,0,0,0,0,0
A076,A024,0,0,0,0,0,0
A076,A025,0,0,0,0,0,0
A076,A026,0,0,0,0,0,0
A076,A027,0,0,0,0,0,0
A076,A028,0,0,0,0,0,0
A076,A029,0,0,0,0,1,1
A076,A030,0,2,3,0,3,8
A076,A031,0,0,0,0,0,0
A076,A032,0,0,0,0,0,0
A076,A033,0,0,0,0,1,1
A076,A034,0,0,0,0,1,1
A076,A035,0,0,0,0,0,0
A076,A036,0,0,0,0,0,0
A076,A037,0,0,0,0,0,0
A076,A038,0,0,0,0,0,0
A076,A039,0,0,0,0,0,0
A076,A040,0,0,0,0,0,0
A076,A041,0,0,0,0,0,0
A076,A042,0,0,0,0,0,0
A076,A043,0,0,0,0,0,0
A076,A044,0,0,0,0,0,0
A076,A045,0,0,0,0,0,0
A076,A046,0,0,0,0,0,0
A076,A047,0,0,0,0,0,0
A076,A048,0,0,0,0,0,0
A076,A049,0,0,0,0,0,0
A076,A050,0,0,0,0,0,0
A076,A051,0,0,0,0,0,0
A076,A052,0,0,0,0,0,0
A076,A053,0,0,0,0,0,0
A076,A054,0,0,0,0,0,0
A076,A055,0,0,0,0,0,0
A076,A056,0,0,0,0,0,0
A076,A057,0,0,0,0,0,0
A076,A058,0,0,0,0,0,0
A076,A059,0,0,0,0,0,0
A076,A060,0,0,0,0,0,0
A076,A061,0,0,0,0,0,0
A076,A062,0,0,0,0,0,0
A076,A063,0,0,0,0,0,0
A076,A064,0,0,0,0,0,0
A076,A065,0,0,0,0,0,0
A076,A066,0,0,0,0,0,0
A076,A067,0,0,0,0,0,0
A076,A068,0,0,0,0,0,0
A076,A069,0,0,0,0,0,0
A076,A070,0,1,0,0,0,1
A076,A071,0,0,0,0,0,0
A076,A072,0,0,0,0,0,0
A076,A073,0,4,6,0,2,12
A076,A074,0,0,1,0,0,1
A076,A075,0,1,3,0,1,5
A076,A076,243,0,0,110,0,353
A076,A077,0,0,0,0,1,1
A076,A078,0,0,0,0,0,0
A076,A079,0,0,0,0,1,1
A076,A080,0,0,0,0,0,0
A076,A081,0,0,0,0,0,0
A076,A082,0,1,0,0,0,1
A076,A083,0,0,0,0,0,0
A076,A084,0,0,0,0,0,0
A076,A085,0,0,0,0,0,0
A076,A086,0,0,0,0,0,0
A076,A087,0,0,0,0,0,0
A076,A088,0,0,0,0,0,0
A076,A089,0,0,0,0,0,0
A076,A090,0,0,0,0,0,0
A076,A091,0,1,0,0,0,1
A076,A092,0,0,0,0,0,0
A076,A093,0,0,0,0,0,0
A076,A094,0,0,0,0,0,0
A076,A095,0,0,0,0,0,0
A076,A096,0,0,0,0,0,0
A076,A097,0,0,0,0,0,0
A076,A098,0,0,0,0,0,0
A076,A099,0,0,0,0,0,0
A076,A100,0,0,0,0,0,0
A076,A101,0,0,0,0,0,0
A076,A102,0,0,0,0,0,0
A076,A103,0,0,0,0,0,0
A076,A104,0,0,0,0,0,0
A076,A105,0,0,0,0,0,0
A076,A106,0,0,0,0,0,0
A076,A107,0,0,0,0,0,0
A076,A108,0,0,0,0,0,0
A076,A109,0,0,0,0,0,0
A076,A110,0,0,0,0,0,0
A076,A111,0,0,0,0,0,0
A076,A112,0,0,0,0,0,0
A076,A113,0,0,0,0,0,0
A076,A114,0,0,0,0,0,0
A076,A115,0,0,0,0,0,0
A076,A116,0,0,0,0,0,0
A076,A117,0,0,0,0,0,0
A076,A118,0,0,0,0,0,0
A076,A119,0,0,0,0,0,0
A076,A120,0,0,0,0,0,0
A077,A001,0,0,0,0,0,0
A077,A002,0,0,0,0,0,0
A077,A003,0,0,0,0,0,0
A077,A004,0,0,0,0,0,0
A077,A005,0,0,0,0,0,0
A077,A006,0,0,0,0,0,0
A077,A007,0,0,0,0,0,0
A077,A008,0,0,0,0,0,0
A077,A009,0,0,0,0,0,0
A077,A010,0,0,0,0,0,0
A077,A011,0,0,0,0,0,0
A077,A012,0,0,0,0,0,0
A077,A013,0,0,0,0,0,0
A077,A014,0,0,0,0,0,0
A077,A015,0,0,0,0,0,0
A077,A016,0,0,0,0,0,0
A077,A017,0,0,0,0,0,0
A077,A018,0,0,0,0,0,0
A077,A019,0,0,0,0,0,0
A077,A020,0,0,0,0,0,0
A077,A021,0,0,0,0,0,0
A077,A022,0,0,0,0,0,0
A077,A023,0,0,0,0,0,0
A077,A024,0,0,0,0,0,0
A077,A025,0,0,0,0,0,0
A077,A026,0,0,0,0,0,0
A077,A027,0,0,0,0,0,0
A077,A028,0,0,0,0,0,0
A077,A029,0,1,0,0,0,1
A077,A030,0,0,0,0,0,0
A077,A031,0,1,0,0,0,1
A077,A032,0,0,0,0,0,0
A077,A033,0,0,0,0,0,0
A077,A034,0,0,0,0,0,0
A077,A035,0,0,0,0,0,0
A077,A036,0,0,0,0,0,0
A077,A037,0,0,0,0,0,0
A077,A038,0,0,0,0,0,0
A077,A039,0,0,0,0,0,0
A077,A040,0,0,0,0,0,0
A077,A041,0,0,0,0,0,0
A077,A042,0,0,0,0,0,0
A077,A043,0,0,0,0,0,0
A077,A044,0,0,0,0,0,0
A077,A045,0,0,0,0,0,0
A077,A046,0,0,0,0,0,0
A077,A047,0,0,0,0,0,0
A077,A048,0,0,0,0,0,0
A077,A049,0,0,0,0,0,0
A077,A050,0,0,0,0,0,0
A077,A051,0,0,0,0,0,0
A077,A052,0,0,0,0,0,0
A077,A053,0,0,0,0,0,0
A077,A054,0,0,0,0,0,0
A077,A055,0,0,0,0,0,0
A077,A056,0,0,0,0,0,0
A077,A057,0,0,0,0,0,0
A077,A058,0,0,0,0,0,0
A077,A059,0,0,0,0,0,0
A077,A060,0,0,0,0,0,0
A077,A061,0,0,0,0,0,0
A077,A062,0,0,0,0,0,0
A077,A063,0,0,0,0,2,2
A077,A064,0,0,0,0,1,1
A077,A065,0,0,0,0,0,0
A077,A066,0,0,0,0,0,0
A077,A067,0,0,0,0,0,0
A077,A068,0,0,0,0,0,0
A077,A069,0,1,2,0,1,4
A077,A070,0,1,0,0,1,2
A077,A071,0,1,1,0,0,2
A077,A072,0,3,1,0,0,4
A077,A073,0,0,0,0,0,0
A077,A074,0,0,0,0,0,0
A077,A075,0,0,0,0,0,0
A077,A076,0,0,0,0,0,0
A077,A077,364,0,0,41,0,405
A077,A078,0,0,0,0,0,0
A077,A079,0,0,0,0,0,0
A077,A080,0,0,0,0,0,0
A077,A081,0,1,0,0,0,1
A077,A082,0,0,0,0,0,0
A077,A083,0,1,0,0,0,1
A077,A084,0,0,0,0,0,0
A077,A085,0,0,0,0,0,0
A077,A086,0,0,0,0,0,0
A077,A087,0,0,0,0,0,0
A077,A088,0,0,0,0,0,0
A077,A089,0,0,0,0,0,0
A077,A090,0,0,0,0,0,0
A077,A091,0,0,0,0,0,0
A077,A092,0,0,0,0,0,0
A077,A093,0,0,0,0,0,0
A077,A094,0,0,0,0,0,0
A077,A095,0,0,0,0,1,1
A077,A096,0,0,0,0,0,0
A077,A097,0,0,0,0,0,0
A077,A098,0,0,0,0,0,0
A077,A099,0,0,0,0,0,0
A077,A100,0,0,0,0,0,0
A077,A101,0,0,0,0,0,0
A077,A102,0,0,0,0,0,0
A077,A103,0,0,0,0,0,0
A077,A104,0,0,0,0,0,0
A077,A105,0,0,0,0,0,0
A077,A106,0,0,0,0,0,0
A077,A107,0,0,0,0,0,0
A077,A108,0,0,0,0,0,0
A077,A109,0,0,0,0,0,0
A077,A110,0,0,0,0,0,0
A077,A111,0,0,0,0,0,0
A077,A112,0,0,0,0,0,0
A077,A113,0,0,0,0,0,0
A077,A114,0,0,0,0,0,0
A077,A115,0,0,0,0,0,0
A077,A116,0,0,0,0,0,0
A077,A117,0,0,0,0,0,0
A077,A118,0,0,0,0,0,0
A077,A119,0,0,0,0,0,0
A077,A120,0,0,0,0,0,0
A078,A001,0,0,0,0,0,0
A078,A002,0,0,0,0,0,0
A078,A003,0,0,0,0,0,0
A078,A004,0,0,0,0,0,0
A078,A005,0,0,0,0,0,0
A078,A006,0,0,0,0,0,0
A078,A007,0,0,0,0,0,0
A078,A008,0,0,0,0,0,0
A078,A009,0,0,0,0,0,0
A078,A010,0,0,1,0,0,1
A078,A011,0,0,0,0,0,0
A078,A012,0,0,0,0,0,0
A078,A013,0,1,0,0,1,2
A078,A014,0,0,0,0,0,0
A078,A015,0,0,0,0,0,0
A078,A016,0,0,0,0,0,0
A078,A017,0,0,0,0,0,0
A078,A018,0,0,0,0,0,0
A078,A019,0,0,0,0,0,0
A078,A020,0,0,0,0,0,0
A078,A021,0,0,0,0,0,0
A078,A022,0,0,0,0,0,0
A078,A023,0,0,0,0,0,0
A078,A024,0,0,0,0,0,0
A078,A025,0,0,0,0,0,0
A078,A026,0,0,0,0,0,0
A078,A027,0,0,0,0,0,0
A078,A028,0,0,0,0,0,0
A078,A029,0,0,0,0,0,0
A078,A030,0,0,0,0,0,0
A078,A031,0,0,0,0,0,0
A078,A032,0,0,0,0,0,0
A078,A033,0,2,0,0,0,2
A078,A034,0,0,0,0,0,0
A078,A035,0,0,0,0,0,0
A078,A036,0,0,0,0,0,0
A078,A037,0,0,0,0,0,0
A078,A038,0,0,0,0,0,0
A078,A039,0,0,0,0,0,0
A078,A040,0,0,0,0,0,0
A078,A041,0,0,0,0,0,0
A078,A042,0,0,0,0,0,0
A078,A043,0,0,0,0,0,0
A078,A044,0,0,0,0,0,0
A078,A045,0,0,0,0,0,0
A078,A046,0,0,0,0,0,0
A078,A047,0,0,0,0,0,0
A078,A048,0,0,0,0,0,0
A078,A049,0,0,0,0,0,0
A078,A050,0,0,0,0,0,0
A078,A051,0,0,0,0,0,0
A078,A052,0,0,0,0,0,0
A078,A053,0,0,0,0,0,0
A078,A054,0,0,0,0,0,0
A078,A055,0,0,0,0,0,0
A078,A056,0,0,0,0,0,0
A078,A057,0,0,0,0,0,0
A078,A058,0,0,0,0,0,0
A078,A059,0,0,0,0,0,0
A078,A060,0,0,0,0,0,0
A078,A061,0,0,0,0,0,0
A078,A062,0,0,0,0,1,1
A078,A063,0,0,0,0,0,0
A078,A064,0,0,0,0,0,0
A078,A065,0,0,0,0,0,0
A078,A066,0,0,0,0,0,0
A078,A067,0,0,0,0,0,0
A078,A068,0,0,0,0,0,0
A078,A069,0,0,0,0,0,0
A078,A070,0,0,0,0,0,0
A078,A071,0,0,0,0,0,0
A078,A072,0,0,0,0,0,0
A078,A073,0,0,0,0,0,0
A078,A074,0,0,2,0,0,2
A078,A075,0,0,1,0,0,1
A078,A076,0,0,0,0,0,0
A078,A077,0,0,0,0,0,0
A078,A078,348,0,0,50,0,398
A078,A079,0,1,0,0,0,1
A078,A080,0,0,0,0,0,0
A078,A081,0,0,0,0,0,0
A078,A082,0,0,0,0,2,2
A078,A083,0,0,0,0,0,0
A078,A084,0,1,2,0,0,3
A078,A085,0,0,0,0,0,0
A078,A086,0,1,0,0,1,2
A078,A087,0,0,0,0,0,0
A078,A088,0,0,0,0,0,0
A078,A089,0,0,0,0,1,1
A078,A090,0,0,0,0,0,0
A078,A091,0,0,1,0,2,3
A078,A092,0,0,0,0,0,0
A078,A093,0,0,0,0,0,0
A078,A094,0,0,0,0,0,0
A078,A095,0,0,0,0,0,0
A078,A096,0,0,0,0,0,0
A078,A097,0,0,0,0,0,0
A078,A098,0,0,0,0,0,0
A078,A099,0,0,0,0,0,0
A078,A100,0,0,0,0,0,0
A078,A101,0,0,0,0,0,0
A078,A102,0,0,0,0,0,0
A078,A103,0,0,0,0,0,0
A078,A104,0,0,0,0,0,0
A078,A105,0,0,0,0,0,0
A078,A106,0,0,0,0,0,0
A078,A107,0,0,0,0,0,0
A078,A108,0,0,0,0,0,0
A078,A109,0,0,0,0,0,0
A078,A110,0,0,0,0,1,1
A078,A111,0,0,0,0,0,0
A078,A112,0,0,0,0,0,0
A078,A113,0,0,0,0,0,0
A078,A114,0,0,0,0,0,0
A078,A115,0,0,0,0,0,0
A078,A116,0,0,0,0,0,0
A078,A117,0,0,0,0,0,0
A078,A118,0,0,0,0,0,0
A078,A119,0,0,0,0,0,0
A078,A120,0,0,0,0,0,0
A079,A001,0,0,0,0,0,0
A079,A002,0,0,0,0,0,0
A079,A003,0,0,0,0,0,0
A079,A004,0,0,0,0,0,0
A079,A005,0,0,2,0,0,2
A079,A006,0,0,0,0,0,0
A079,A007,0,0,0,0,0,0
A079,A008,0,0,0,0,0,0
A079,A009,0,0,0,0,0,0
A079,A010,0,0,0,0,0,0
A079,A011,0,0,0,0,0,0
A079,A012,0,0,0,0,0,0
A079,A013,0,0,0,0,0,0
A079,A014,0,0,0,0,0,0
A079,A015,0,0,0,0,0,0
A079,A016,0,0,0,0,0,0
A079,A017,0,0,0,0,0,0
A079,A018,0,0,0,0,0,0
A079,A019,0,0,0,0,0,0
A079,A020,0,0,0,0,0,0
A079,A021,0,0,0,0,0,0
A079,A022,0,0,0,0,0,0
A079,A023,0,0,0,0,0,0
A079,A024,0,0,0,0,0,0
A079,A025,0,0,0,0,0,0
A079,A026,0,0,0,0,0,0
A079,A027,0,0,0,0,0,0
A079,A028,0,1,0,0,0,1
A079,A029,0,0,0,0,0,0
A079,A030,0,0,0,0,0,0
A079,A031,0,0,0,0,1,1
A079,A032,0,0,0,0,0,0
A079,A033,0,0,0,0,1,1
A079,A034,0,0,0,0,0,0
A079,A035,0,0,0,0,0,0
A079,A036,0,0,0,0,2,2
A079,A037,0,0,0,0,0,0
A079,A038,0,0,0,0,0,0
A079,A039,0,0,0,0,1,1
A079,A040,0,0,0,0,0,0
A079,A041,0,0,0,0,0,0
A079,A042,0,0,0,0,0,0
A079,A043,0,0,0,0,0,0
A079,A044,0,0,0,0,0,0
A079,A045,0,0,0,0,0,0
A079,A046,0,0,0,0,0,0
A079,A047,0,0,0,0,0,0
A079,A048,0,0,0,0,0,0
A079,A049,0,0,0,0,0,0
A079,A050,0,0,0,0,0,0
A079,A051,0,0,0,0,0,0
A079,A052,0,0,0,0,0,0
A079,A053,0,0,0,0,0,0
A079,A054,0,0,0,0,0,0
A079,A055,0,0,0,0,0,0
A079,A056,0,0,0,0,0,0
A079,A057,0,0,0,0,0,0
A079,A058,0,0,0,0,0,0
A079,A059,0,0,0,0,0,0
A079,A060,0,0,0,0,0,0
A079,A061,0,0,0,0,0,0
A079,A062,0,0,0,0,0,0
A079,A063,0,0,0,0,0,0
A079,A064,0,0,0,0,0,0
A079,A065,0,0,0,0,0,0
A079,A066,0,0,0,0,0,0
A079,A067,0,1,1,0,0,2
A079,A068,0,0,0,0,0,0
A079,A069,0,0,0,0,0,0
A079,A070,0,1,0,0,1,2
A079,A071,0,1,0,0,1,2
A079,A072,0,1,1,0,2,4
A079,A073,0,1,0,0,0,1
A079,A074,0,0,0,0,0,0
A079,A075,0,0,0,0,0,0
A079,A076,0,0,0,0,0,0
A079,A077,0,0,0,0,1,1
A079,A078,0,0,0,0,0,0
A079,A079,417,0,0,105,0,522
A079,A080,0,0,0,0,0,0
A079,A081,0,0,0,0,0,0
A079,A082,0,0,0,0,0,0
A079,A083,0,0,0,0,0,0
A079,A084,0,0,0,0,0,0
A079,A085,0,0,0,0,0,0
A079,A086,0,0,0,0,0,0
A079,A087,0,0,0,0,0,0
A079,A088,0,0,0,0,0,0
A079,A089,0,0,0,0,0,0
A079,A090,0,0,0,0,0,0
A079,A091,0,0,1,0,1,2
A079,A092,0,0,0,0,0,0
A079,A093,0,0,0,0,0,0
A079,A094,0,0,0,0,0,0
A079,A095,0,0,0,0,0,0
A079,A096,0,0,0,0,0,0
A079,A097,0,0,0,0,0,0
A079,A098,0,0,0,0,0,0
A079,A099,0,0,0,0,0,0
A079,A100,0,0,0,0,0,0
A079,A101,0,0,0,0,0,0
A079,A102,0,0,0,0,0,0
A079,A103,0,0,0,0,0,0
A079,A104,0,0,0,0,0,0
A079,A105,0,0,0,0,0,0
A079,A106,0,0,0,0,1,1
A079,A107,0,0,0,0,0,0
A079,A108,0,0,0,0,0,0
A079,A109,0,0,0,0,0,0
A079,A110,0,0,0,0,1,1
A079,A111,0,0,0,0,0,0
A079,A112,0,0,0,0,0,0
A079,A113,0,0,0,0,0,0
A079,A114,0,0,0,0,0,0
A079,A115,0,0,1,0,1,2
A079,A116,0,0,0,0,0,0
A079,A117,0,0,0,0,1,1
A079,A118,0,0,0,0,0,0
A079,A119,0,0,0,0,0,0
A079,A120,0,0,0,0,0,0
A080,A001,0,0,0,0,0,0
A080,A002,0,0,0,0,0,0
A080,A003,0,0,0,0,0,0
A080,A004,0,0,0,0,0,0
A080,A005,0,0,0,0,0,0
A080,A006,0,0,0,0,0,0
A080,A007,0,0,0,0,0,0
A080,A008,0,1,0,0,0,1
A080,A009,0,0,0,0,0,0
A080,A010,0,0,0,0,0,0
A080,A011,0,0,0,0,0,0
A080,A012,0,0,0,0,0,0
A080,A013,0,0,0,0,0,0
A080,A014,0,0,0,0,0,0
A080,A015,0,0,0,0,0,0
A080,A016,0,0,0,0,0,0
A080,A017,0,0,0,0,0,0
A080,A018,0,0,0,0,0,0
A080,A019,0,0,0,0,0,0
A080,A020,0,0,0,0,0,0
A080,A021,0,0,0,0,0,0
A080,A022,0,0,0,0,0,0
A080,A023,0,0,0,0,0,0
A080,A024,0,0,0,0,0,0
A080,A025,0,0,0,0,0,0
A080,A026,0,0,0,0,0,0
A080,A027,0,0,0,0,0,0
A080,A028,0,0,0,0,0,0
A080,A029,0,0,0,0,0,0
A080,A030,0,0,0,0,0,0
A080,A031,0,0,0,0,0,0
A080,A032,0,0,0,0,0,0
A080,A033,0,0,0,0,0,0
A080,A034,0,0,0,0,0,0
A080,A035,0,0,0,0,0,0
A080,A036,0,0,0,0,0,0
A080,A037,0,0,0,0,0,0
A080,A038,0,0,0,0,0,0
A080,A039,0,0,0,0,0,0
A080,A040,0,0,0,0,0,0
A080,A041,0,0,0,0,0,0
A080,A042,0,0,0,0,0,0
A080,A043,0,0,2,0,0,2
A080,A044,0,0,0,0,0,0
A080,A045,0,0,0,0,0,0
A080,A046,0,0,0,0,0,0
A080,A047,0,0,0,0,0,0
A080,A048,0,0,0,0,0,0
A080,A049,0,0,0,0,0,0
A080,A050,0,0,0,0,0,0
A080,A051,0,0,0,0,0,0
A080,A052,0,0,0,0,0,0
A080,A053,0,0,0,0,0,0
A080,A054,0,0,0,0,0,0
A080,A055,0,0,0,0,0,0
A080,A056,0,0,0,0,0,0
A080,A057,0,0,0,0,0,0
A080,A058,0,0,0,0,0,0
A080,A059,0,0,0,0,0,0
A080,A060,0,0,0,0,0,0
A080,A061,0,0,0,0,0,0
A080,A062,0,0,0,0,1,1
A080,A063,0,0,0,0,0,0
A080,A064,0,0,0,0,0,0
A080,A065,0,0,0,0,0,0
A080,A066,0,0,0,0,0,0
A080,A067,0,0,0,0,0,0
A080,A068,0,0,0,0,0,0
A080,A069,0,0,0,0,0,0
A080,A070,0,0,0,0,0,0
A080,A071,0,0,0,0,0,0
A080,A072,0,0,0,0,0,0
A080,A073,0,0,0,0,0,0
A080,A074,0,0,0,0,0,0
A080,A075,0,0,0,0,0,0
A080,A076,0,0,0,0,0,0
A080,A077,0,0,0,0,0,0
A080,A078,0,0,0,0,0,0
A080,A079,0,0,0,0,0,0
A080,A080,482,0,0,22,0,504
A080,A081,0,0,0,0,0,0
A080,A082,0,0,0,0,0,0
A080,A083,0,0,0,0,0,0
A080,A084,0,0,0,0,0,0
A080,A085,0,0,0,0,0,0
A080,A086,0,0,0,0,0,0
A080,A087,0,0,0,0,0,0
A080,A088,0,0,0,0,0,0
A080,A089,0,0,0,0,0,0
A080,A090,0,0,0,0,0,0
A080,A091,0,0,0,0,0,0
A080,A092,0,0,0,0,0,0
A080,A093,0,0,0,0,0,0
A080,A094,0,0,0,0,0,0
A080,A095,0,0,0,0,0,0
A080,A096,0,0,0,0,0,0
A080,A097,0,0,0,0,0,0
A080,A098,0,0,0,0,0,0
A080,A099,0,0,0,0,0,0
A080,A100,0,0,0,0,0,0
A080,A101,0,0,0,0,0,0
A080,A102,0,0,1,0,0,1
A080,A103,0,0,0,0,0,0
A080,A104,0,0,0,0,0,0
A080,A105,0,0,0,0,0,0
A080,A106,0,0,0,0,0,0
A080,A107,0,0,0,0,0,0
A080,A108,0,0,0,0,0,0
A080,A109,0,0,0,0,0,0
A080,A110,0,0,0,0,0,0
A080,A111,0,0,0,0,0,0
A080,A112,0,0,0,0,0,0
A080,A113,0,0,0,0,0,0
A080,A114,0,0,0,0,0,0
A080,A115,0,0,0,0,0,0
A080,A116,0,0,0,0,0,0
A080,A117,0,0,0,0,0,0
A080,A118,0,0,0,0,0,0
A080,A119,0,0,0,0,0,0
A080,A120,0,0,0,0,0,0
A081,A001,0,0,0,0,0,0
A081,A002,0,0,0,0,0,0
A081,A003,0,0,0,0,0,0
A081,A004,0,0,0,0,0,0
A081,A005,0,0,0,0,0,0
A081,A006,0,0,0,0,0,0
A081,A007,0,0,0,0,0,0
A081,A008,0,0,0,0,0,0
A081,A009,0,0,0,0,0,0
A081,A010,0,0,0,0,0,0
A081,A011,0,0,0,0,0,0
A081,A012,0,0,0,0,0,0
A081,A013,0,0,0,0,0,0
A081,A014,0,0,0,0,0,0
A081,A015,0,0,0,0,0,0
A081,A016,0,0,0,0,0,0
A081,A017,0,0,0,0,0,0
A081,A018,0,0,0,0,0,0
A081,A019,0,0,0,0,0,0
A081,A020,0,0,0,0,0,0
A081,A021,0,0,0,0,0,0
A081,A022,0,0,0,0,0,0
A081,A023,0,0,0,0,0,0
A081,A024,0,0,0,0,0,0
A081,A025,0,0,0,0,0,0
A081,A026,0,0,0,0,0,0
A081,A027,0,0,0,0,0,0
A081,A028,0,0,0,0,0,0
A081,A029,0,0,0,0,0,0
A081,A030,0,0,0,0,0,0
A081,A031,0,0,0,0,0,0
A081,A032,0,0,0,0,0,0
A081,A033,0,0,0,0,0,0
A081,A034,0,0,0,0,0,0
A081,A035,0,0,0,0,0,0
A081,A036,0,0,0,0,0,0
A081,A037,0,0,0,0,0,0
A081,A038,0,0,0,0,0,0
A081,A039,0,0,0,0,0,0
A081,A040,0,0,0,0,0,0
A081,A041,0,0,0,0,0,0
A081,A042,0,0,0,0,0,0
A081,A043,0,0,0,0,0,0
A081,A044,0,0,0,0,0,0
A081,A045,0,0,0,0,0,0
A081,A046,0,0,0,0,0,0
A081,A047,0,0,0,0,0,0
A081,A048,0,0,0,0,0,0
A081,A049,0,0,0,0,0,0
A081,A050,0,0,0,0,0,0
A081,A051,0,0,0,0,0,0
A081,A052,0,0,0,0,0,0
A081,A053,0,0,0,0,0,0
A081,A054,0,0,0,0,0,0
A081,A055,0,0,0,0,0,0
A081,A056,0,0,0,0,0,0
A081,A057,0,0,0,0,0,0
A081,A058,0,0,0,0,0,0
A081,A059,0,0,0,0,0,0
A081,A060,0,0,0,0,0,0
A081,A061,0,0,0,0,0,0
A081,A062,0,0,0,0,0,0
A081,A063,0,0,0,0,0,0
A081,A064,0,0,0,0,0,0
A081,A065,0,0,0,0,0,0
A081,A066,0,1,0,0,0,1
A081,A067,0,0,0,0,0,0
A081,A068,0,0,0,0,0,0
A081,A069,0,1,0,0,1,2
A081,A070,0,0,0,0,0,0
A081,A071,0,0,0,0,0,0
A081,A072,0,0,0,0,0,0
A081,A073,0,0,0,0,0,0
A081,A074,0,0,0,0,0,0
A081,A075,0,0,0,0,0,0
A081,A076,0,0,0,0,0,0
A081,A077,0,0,0,0,0,0
A081,A078,0,0,0,0,0,0
A081,A079,0,0,0,0,0,0
A081,A080,0,0,0,0,0,0
A081,A081,444,0,0,29,0,473
A081,A082,0,0,0,0,0,0
A081,A083,0,0,0,0,0,0
A081,A084,0,0,0,0,0,0
A081,A085,0,0,0,0,0,0
A081,A086,0,0,0,0,0,0
A081,A087,0,0,0,0,0,0
A081,A088,0,0,0,0,0,0
A081,A089,0,0,0,0,0,0
A081,A090,0,0,1,0,0,1
A081,A091,0,0,0,0,0,0
A081,A092,0,0,0,0,0,0
A081,A093,0,0,0,0,0,0
A081,A094,0,0,2,0,0,2
A081,A095,0,0,0,0,0,0
A081,A096,0,0,0,0,0,0
A081,A097,0,0,0,0,0,0
A081,A098,0,0,0,0,0,0
A081,A099,0,0,0,0,0,0
A081,A100,0,0,0,0,0,0
A081,A101,0,0,0,0,0,0
A081,A102,0,0,0,0,0,0
A081,A103,0,0,0,0,0,0
A081,A104,0,0,0,0,0,0
A081,A105,0,0,0,0,0,0
A081,A106,0,0,0,0,0,0
A081,A107,0,0,0,0,0,0
A081,A108,0,0,0,0,0,0
A081,A109,0,0,0,0,0,0
A081,A110,0,0,0,0,0,0
A081,A111,0,0,0,0,0,0
A081,A112,0,0,0,0,0,0
A081,A113,0,0,0,0,0,0
A081,A114,0,0,0,0,0,0
A081,A115,0,0,0,0,0,0
A081,A116,0,0,0,0,0,0
A081,A117,0,0,0,0,0,0
A081,A118,0,0,0,0,0,0
A081,A119,0,0,0,0,0,0
A081,A120,0,0,0,0,0,0
A082,A001,0,0,0,0,0,0
A082,A002,0,0,0,0,1,1
A082,A003,0,0,0,0,0,0
A082,A004,0,0,0,0,0,0
A082,A005,0,0,0,0,0,0
A082,A006,0,0,0,0,0,0
A082,A007,0,0,0,0,0,0
A082,A008,0,0,0,0,0,0
A082,A009,0,0,0,0,0,0
A082,A010,0,0,0,0,0,0
A082,A011,0,3,2,0,1,6
A082,A012,0,0,0,0,1,1
A082,A013,0,0,0,0,0,0
A082,A014,0,0,0,0,0,0
A082,A015,0,0,0,0,0,0
A082,A016,0,0,0,0,0,0
A082,A017,0,0,0,0,0,0
A082,A018,0,0,0,0,0,0
A082,A019,0,0,0,0,0,0
A082,A020,0,0,0,0,0,0
A082,A021,0,0,0,0,0,0
A082,A022,0,0,0,0,0,0
A082,A023,0,0,0,0,0,0
A082,A024,0,0,0,0,0,0
A082,A025,0,0,0,0,0,0
A082,A026,0,0,0,0,0,0
A082,A027,0,0,0,0,0,0
A082,A028,0,0,0,0,0,0
A082,A029,0,0,0,0,1,1
A082,A030,0,3,0,0,1,4
A082,A031,0,0,0,0,0,0
A082,A032,0,0,0,0,0,0
A082,A033,0,0,0,0,0,0
A082,A034,0,1,0,0,0,1
A082,A035,0,0,0,0,0,0
A082,A036,0,0,0,0,0,0
A082,A037,0,0,0,0,0,0
A082,A038,0,0,0,0,0,0
A082,A039,0,0,0,0,0,0
A082,A040,0,0,0,0,0,0
A082,A041,0,0,0,0,0,0
A082,A042,0,0,0,0,0,0
A082,A043,0,0,0,0,0,0
A082,A044,0,0,0,0,0,0
A082,A045,0,0,0,0,0,0
A082,A046,0,0,0,0,0,0
A082,A047,0,0,0,0,0,0
A082,A048,0,0,0,0,0,0
A082,A049,0,1,0,0,0,1
A082,A050,0,0,0,0,0,0
A082,A051,0,0,0,0,0,0
A082,A052,0,0,0,0,0,0
A082,A053,0,0,0,0,0,0
A082,A054,0,0,0,0,0,0
A082,A055,0,0,0,0,0,0
A082,A056,0,0,0,0,0,0
A082,A057,0,0,0,0,0,0
A082,A058,0,0,0,0,0,0
A082,A059,0,0,0,0,0,0
A082,A060,0,0,0,0,0,0
A082,A061,0,0,0,0,0,0
A082,A062,0,0,0,0,0,0
A082,A063,0,0,0,0,0,0
A082,A064,0,0,0,0,0,0
A082,A065,0,0,0,0,0,0
A082,A066,0,0,0,0,0,0
A082,A067,0,0,0,0,0,0
A082,A068,0,0,0,0,0,0
A082,A069,0,0,0,0,0,0
A082,A070,0,0,0,0,0,0
A082,A071,0,0,0,0,0,0
A082,A072,0,0,0,0,0,0
A082,A073,0,0,0,0,0,0
A082,A074,0,1,2,0,0,3
A082,A075,0,0,0,0,0,0
A082,A076,0,1,0,0,1,2
A082,A077,0,0,0,0,0,0
A082,A078,0,0,1,0,0,1
A082,A079,0,0,0,0,0,0
A082,A080,0,0,0,0,0,0
A082,A081,0,0,0,0,0,0
A082,A082,390,0,0,86,0,476
A082,A083,0,1,3,0,0,4
A082,A084,0,0,0,0,0,0
A082,A085,0,0,0,0,0,0
A082,A086,0,0,0,0,0,0
A082,A087,0,0,0,0,0,0
A082,A088,0,0,0,0,0,0
A082,A089,0,0,0,0,0,0
A082,A090,0,0,0,0,0,0
A082,A091,0,1,1,0,0,2
A082,A092,0,0,0,0,0,0
A082,A093,0,0,0,0,0,0
A082,A094,0,0,0,0,0,0
A082,A095,0,0,0,0,0,0
A082,A096,0,0,0,0,0,0
A082,A097,0,0,0,0,0,0
A082,A098,0,0,0,0,0,0
A082,A099,0,0,0,0,0,0
A082,A100,0,0,0,0,0,0
A082,A101,0,0,0,0,0,0
A082,A102,0,0,0,0,0,0
A082,A103,0,0,0,0,0,0
A082,A104,0,0,0,0,0,0
A082,A105,0,0,0,0,0,0
A082,A106,0,0,0,0,0,0
A082,A107,0,0,0,0,0,0
A082,A108,0,0,0,0,0,0
A082,A109,0,0,0,0,0,0
A082,A110,0,0,0,0,0,0
A082,A111,0,0,0,0,0,0
A082,A112,0,0,0,0,0,0
A082,A113,0,0,0,0,0,0
A082,A114,0,0,0,0,0,0
A082,A115,0,0,0,0,0,0
A082,A116,0,0,0,0,0,0
A082,A117,0,0,0,0,0,0
A082,A118,0,0,0,0,0,0
A082,A119,0,0,0,0,0,0
A082,A120,0,0,0,0,0,0
A083,A001,0,0,0,0,0,0
A083,A002,0,0,0,0,0,0
A083,A003,0,0,0,0,0,0
A083,A004,0,0,0,0,0,0
A083,A005,0,0,0,0,0,0
A083,A006,0,0,0,0,0,0
A083,A007,0,0,0,0,0,0
A083,A008,0,0,0,0,0,0
A083,A009,0,0,0,0,0,0
A083,A010,0,1,0,0,0,1
A083,A011,0,1,0,0,0,1
A083,A012,0,0,0,0,0,0
A083,A013,0,0,0,0,1,1
A083,A014,0,0,0,0,0,0
A083,A015,0,0,0,0,0,0
A083,A016,0,0,0,0,0,0
A083,A017,0,0,0,0,0,0
A083,A018,0,0,0,0,0,0
A083,A019,0,0,0,0,0,0
A083,A020,0,0,0,0,0,0
A083,A021,0,0,0,0,0,0
A083,A022,0,0,0,0,0,0
A083,A023,0,0,0,0,0,0
A083,A024,0,0,0,0,0,0
A083,A025,0,0,0,0,0,0
A083,A026,0,0,0,0,0,0
A083,A027,0,0,0,0,0,0
A083,A028,0,0,0,0,0,0
A083,A029,0,0,0,0,1,1
A083,A030,0,0,0,0,0,0
A083,A031,0,0,0,0,0,0
A083,A032,0,0,0,0,0,0
A083,A033,0,0,0,0,0,0
A083,A034,0,1,2,0,0,3
A083,A035,0,0,0,0,0,0
A083,A036,0,0,0,0,0,0
A083,A037,0,0,0,0,0,0
A083,A038,0,0,0,0,0,0
A083,A039,0,0,0,0,0,0
A083,A040,0,0,0,0,0,0
A083,A041,0,0,0,0,0,0
A083,A042,0,0,0,0,0,0
A083,A043,0,0,0,0,0,0
A083,A044,0,0,0,0,0,0
A083,A045,0,0,0,0,0,0
A083,A046,0,0,0,0,0,0
A083,A047,0,0,0,0,0,0
A083,A048,0,0,0,0,0,0
A083,A049,0,0,0,0,0,0
A083,A050,0,0,0,0,0,0
A083,A051,0,0,0,0,0,0
A083,A052,0,0,0,0,0,0
A083,A053,0,0,0,0,0,0
A083,A054,0,0,0,0,0,0
A083,A055,0,0,0,0,0,0
A083,A056,0,0,0,0,0,0
A083,A057,0,0,0,0,0,0
A083,A058,0,0,0,0,0,0
A083,A059,0,0,0,0,0,0
A083,A060,0,0,0,0,0,0
A083,A061,0,0,0,0,0,0
A083,A062,0,0,0,0,0,0
A083,A063,0,0,0,0,0,0
A083,A064,0,0,0,0,0,0
A083,A065,0,0,0,0,0,0
A083,A066,0,0,0,0,0,0
A083,A067,0,0,0,0,0,0
A083,A068,0,0,0,0,0,0
A083,A069,0,0,0,0,0,0
A083,A070,0,0,0,0,0,0
A083,A071,0,0,0,0,0,0
A083,A072,0,1,0,0,0,1
A083,A073,0,0,0,0,0,0
A083,A074,0,0,1,0,2,3
A083,A075,0,0,0,0,0,0
A083,A076,0,0,0,0,0,0
A083,A077,0,0,0,0,0,0
A083,A078,0,0,1,0,0,1
A083,A079,0,0,0,0,0,0
A083,A080,0,0,0,0,0,0
A083,A081,0,0,0,0,0,0
A083,A082,0,2,0,0,1,3
A083,A083,394,0,0,32,0,426
A083,A084,0,1,2,0,0,3
A083,A085,0,0,0,0,0,0
A083,A086,0,1,1,0,1,3
A083,A087,0,0,0,0,0,0
A083,A088,0,0,0,0,0,0
A083,A089,0,0,0,0,0,0
A083,A090,0,0,0,0,0,0
A083,A091,0,0,1,0,0,1
A083,A092,0,0,0,0,0,0
A083,A093,0,0,0,0,0,0
A083,A094,0,0,0,0,0,0
A083,A095,0,0,0,0,0,0
A083,A096,0,0,0,0,1,1
A083,A097,0,0,0,0,0,0
A083,A098,0,0,0,0,0,0
A083,A099,0,0,0,0,0,0
A083,A100,0,0,0,0,0,0
A083,A101,0,0,0,0,0,0
A083,A102,0,0,0,0,0,0
A083,A103,0,0,0,0,0,0
A083,A104,0,0,0,0,0,0
A083,A105,0,0,0,0,0,0
A083,A106,0,0,0,0,0,0
A083,A107,0,0,0,0,0,0
A083,A108,0,0,0,0,0,0
A083,A109,0,0,0,0,0,0
A083,A110,0,0,0,0,0,0
A083,A111,0,0,0,0,0,0
A083,A112,0,0,0,0,0,0
A083,A113,0,0,0,0,0,0
A083,A114,0,0,0,0,0,0
A083,A115,0,0,0,0,0,0
A083,A116,0,0,0,0,0,0
A083,A117,0,0,0,0,0,0
A083,A118,0,0,0,0,0,0
A083,A119,0,0,0,0,0,0
A083,A120,0,0,0,0,0,0
A084,A001,0,0,0,0,0,0
A084,A002,0,0,0,0,0,0
A084,A003,0,0,0,0,0,0
A084,A004,0,0,0,0,0,0
A084,A005,0,0,0,0,0,0
A084,A006,0,0,0,0,0,0
A084,A007,0,0,0,0,0,0
A084,A008,0,0,0,0,0,0
A084,A009,0,0,0,0,0,0
A084,A010,0,0,0,0,0,0
A084,A011,0,0,0,0,0,0
A084,A012,0,0,0,0,0,0
A084,A013,0,0,0,0,0,0
A084,A014,0,0,0,0,0,0
A084,A015,0,0,0,0,0,0
A084,A016,0,0,0,0,0,0
A084,A017,0,0,0,0,0,0
A084,A018,0,0,0,0,0,0
A084,A019,0,0,0,0,0,0
A084,A020,0,0,0,0,0,0
A084,A021,0,0,0,0,0,0
A084,A022,0,0,0,0,0,0
A084,A023,0,0,0,0,0,0
A084,A024,0,0,0,0,0,0
A084,A025,0,0,0,0,0,0
A084,A026,0,0,0,0,0,0
A084,A027,0,0,0,0,0,0
A084,A028,0,0,0,0,0,0
A084,A029,0,2,1,0,1,4
A084,A030,0,0,0,0,1,1
A084,A031,0,0,0,0,0,0
A084,A032,0,0,0,0,0,0
A084,A033,0,0,0,0,0,0
A084,A034,0,0,0,0,0,0
A084,A035,0,0,0,0,0,0
A084,A036,0,0,0,0,0,0
A084,A037,0,0,0,0,0,0
A084,A038,0,0,0,0,0,0
A084,A039,0,0,0,0,0,0
A084,A040,0,0,0,0,0,0
A084,A041,0,0,0,0,0,0
A084,A042,0,0,0,0,0,0
A084,A043,0,0,0,0,0,0
A084,A044,0,0,0,0,0,0
A084,A045,0,0,0,0,0,0
A084,A046,0,0,0,0,0,0
A084,A047,0,0,0,0,0,0
A084,A048,0,0,0,0,0,0
A084,A049,0,0,0,0,0,0
A084,A050,0,0,0,0,0,0
A084,A051,0,0,0,0,0,0
A084,A052,0,0,0,0,0,0
A084,A053,0,0,0,0,0,0
A084,A054,0,0,0,0,0,0
A084,A055,0,0,0,0,0,0
A084,A056,0,0,0,0,0,0
A084,A057,0,0,0,0,0,0
A084,A058,0,0,0,0,0,0
A084,A059,0,0,0,0,0,0
A084,A060,0,0,0,0,0,0
A084,A061,0,0,0,0,0,0
A084,A062,0,0,0,0,0,0
A084,A063,0,0,0,0,0,0
A084,A064,0,0,0,0,0,0
A084,A065,0,0,0,0,0,0
A084,A066,0,0,0,0,0,0
A084,A067,0,0,0,0,0,0
A084,A068,0,0,0,0,0,0
A084,A069,0,0,0,0,0,0
A084,A070,0,0,0,0,0,0
A084,A071,0,0,0,0,0,0
A084,A072,0,0,0,0,0,0
A084,A073,0,2,0,0,0,2
A084,A074,0,3,5,0,1,9
A084,A075,0,1,0,0,1,2
A084,A076,0,0,0,0,0,0
A084,A077,0,0,0,0,0,0
A084,A078,0,2,0,0,1,3
A084,A079,0,0,0,0,0,0
A084,A080,0,0,0,0,0,0
A084,A081,0,0,0,0,0,0
A084,A082,0,1,3,0,2,6
A084,A083,0,0,0,0,1,1
A084,A084,327,0,0,83,0,410
A084,A085,0,0,0,0,0,0
A084,A086,0,0,1,0,0,1
A084,A087,0,0,0,0,0,0
A084,A088,0,0,0,0,0,0
A084,A089,0,0,0,0,0,0
A084,A090,0,0,0,0,0,0
A084,A091,0,0,0,0,2,2
A084,A092,0,0,0,0,0,0
A084,A093,0,0,0,0,0,0
A084,A094,0,0,0,0,0,0
A084,A095,0,0,0,0,0,0
A084,A096,0,0,0,0,0,0
A084,A097,0,0,0,0,0,0
A084,A098,0,0,0,0,0,0
A084,A099,0,0,0,0,0,0
A084,A100,0,0,0,0,0,0
A084,A101,0,0,0,0,0,0
A084,A102,0,0,0,0,0,0
A084,A103,0,0,0,0,0,0
A084,A104,0,0,0,0,0,0
A084,A105,0,0,0,0,0,0
A084,A106,0,0,0,0,0,0
A084,A107,0,0,0,0,0,0
A084,A108,0,0,0,0,0,0
A084,A109,0,0,0,0,0,0
A084,A110,0,0,0,0,0,0
A084,A111,0,0,0,0,0,0
A084,A112,0,0,0,0,0,0
A084,A113,0,0,0,0,0,0
A084,A114,0,0,0,0,0,0
A084,A115,0,0,0,0,0,0
A084,A116,0,0,0,0,0,0
A084,A117,0,0,0,0,0,0
A084,A118,0,0,0,0,0,0
A084,A119,0,0,0,0,0,0
A084,A120,0,0,0,0,0,0
A085,A001,0,0,1,0,0,1
A085,A002,0,0,0,0,2,2
A085,A003,0,0,0,0,0,0
A085,A004,0,0,0,0,0,0
A085,A005,0,0,0,0,0,0
A085,A006,0,0,0,0,0,0
A085,A007,0,0,0,0,0,0
A085,A008,0,0,0,0,0,0
A085,A009,0,0,0,0,0,0
A085,A010,0,0,0,0,1,1
A085,A011,0,0,0,0,1,1
A085,A012,0,0,0,0,0,0
A085,A013,0,0,0,0,0,0
A085,A014,0,0,0,0,0,0
A085,A015,0,0,0,0,0,0
A085,A016,0,0,0,0,0,0
A085,A017,0,0,0,0,0,0
A085,A018,0,0,0,0,0,0
A085,A019,0,0,0,0,0,0
A085,A020,0,0,0,0,0,0
A085,A021,0,0,0,0,0,0
A085,A022,0,0,0,0,0,0
A085,A023,0,0,0,0,0,0
A085,A024,0,0,0,0,0,0
A085,A025,0,0,0,0,0,0
A085,A026,0,0,0,0,0,0
A085,A027,0,0,0,0,0,0
A085,A028,0,0,0,0,0,0
A085,A029,0,0,0,0,0,0
A085,A030,0,0,0,0,0,0
A085,A031,0,0,0,0,0,0
A085,A032,0,0,0,0,0,0
A085,A033,0,0,0,0,0,0
A085,A034,0,0,0,0,0,0
A085,A035,0,0,0,0,0,0
A085,A036,0,0,0,0,0,0
A085,A037,0,3,2,0,0,5
A085,A038,0,0,0,0,0,0
A085,A039,0,0,0,0,0,0
A085,A040,0,0,0,0,0,0
A085,A041,0,0,0,0,0,0
A085,A042,0,0,0,0,0,0
A085,A043,0,0,0,0,0,0
A085,A044,0,0,0,0,0,0
A085,A045,0,0,0,0,0,0
A085,A046,0,0,0,0,0,0
A085,A047,0,0,0,0,0,0
A085,A048,0,0,0,0,0,0
A085,A049,0,0,0,0,0,0
A085,A050,0,0,0,0,0,0
A085,A051,0,0,0,0,0,0
A085,A052,0,0,0,0,0,0
A085,A053,0,0,0,0,0,0
A085,A054,0,0,0,0,0,0
A085,A055,0,0,0,0,0,0
A085,A056,0,0,0,0,0,0
A085,A057,0,0,0,0,0,0
A085,A058,0,0,0,0,0,0
A085,A059,0,0,0,0,0,0
A085,A060,0,0,0,0,0,0
A085,A061,0,2,0,0,0,2
A085,A062,0,0,0,0,0,0
A085,A063,0,0,0,0,0,0
A085,A064,0,0,0,0,0,0
A085,A065,0,0,0,0,0,0
A085,A066,0,0,0,0,1,1
A085,A067,0,0,0,0,0,0
A085,A068,0,0,0,0,0,0
A085,A069,0,0,0,0,0,0
A085,A070,0,0,0,0,0,0
A085,A071,0,0,0,0,0,0
A085,A072,0,0,0,0,0,0
A085,A073,0,0,0,0,0,0
A085,A074,0,0,0,0,0,0
A085,A075,0,0,0,0,0,0
A085,A076,0,0,0,0,0,0
A085,A077,0,0,0,0,0,0
A085,A078,0,0,0,0,0,0
A085,A079,0,0,0,0,1,1
A085,A080,0,0,0,0,0,0
A085,A081,0,0,0,0,0,0
A085,A082,0,0,0,0,0,0
A085,A083,0,0,0,0,0,0
A085,A084,0,0,0,0,0,0
A085,A085,433,0,0,47,0,480
A085,A086,0,1,1,0,0,2
A085,A087,0,0,0,0,0,0
A085,A088,0,0,0,0,0,0
A085,A089,0,0,0,0,0,0
A085,A090,0,0,0,0,0,0
A085,A091,0,0,0,0,0,0
A085,A092,0,0,0,0,0,0
A085,A093,0,0,0,0,0,0
A085,A094,0,0,0,0,0,0
A085,A095,0,0,0,0,0,0
A085,A096,0,0,0,0,0,0
A085,A097,0,0,0,0,0,0
A085,A098,0,0,0,0,0,0
A085,A099,0,0,0,0,0,0
A085,A100,0,0,0,0,0,0
A085,A101,0,0,0,0,0,0
A085,A102,0,0,0,0,0,0
A085,A103,0,0,0,0,0,0
A085,A104,0,0,0,0,0,0
A085,A105,0,0,0,0,0,0
A085,A106,0,0,0,0,0,0
A085,A107,0,0,0,0,0,0
A085,A108,0,0,0,0,0,0
A085,A109,0,0,0,0,0,0
A085,A110,0,0,0,0,0,0
A085,A111,0,0,0,0,0,0
A085,A112,0,0,0,0,0,0
A085,A113,0,0,0,0,0,0
A085,A114,0,0,0,0,0,0
A085,A115,0,0,0,0,0,0
A085,A116,0,0,0,0,0,0
A085,A117,0,0,0,0,0,0
A085,A118,0,0,0,0,0,0
A085,A119,0,0,0,0,0,0
A085,A120,0,0,0,0,0,0
A086,A001,0,0,0,0,0,0
A086,A002,0,0,0,0,0,0
A086,A003,0,0,0,0,0,0
A086,A004,0,0,0,0,0,0
A086,A005,0,0,0,0,0,0
A086,A006,0,0,0,0,0,0
A086,A007,0,0,0,0,0,0
A086,A008,0,0,0,0,0,0
A086,A009,0,0,0,0,0,0
A086,A010,0,0,0,0,0,0
A086,A011,0,0,1,0,0,1
A086,A012,0,0,0,0,0,0
A086,A013,0,0,0,0,1,1
A086,A014,0,0,0,0,0,0
A086,A015,0,0,0,0,0,0
A086,A016,0,0,0,0,0,0
A086,A017,0,0,0,0,0,0
A086,A018,0,0,0,0,0,0
A086,A019,0,0,0,0,0,0
A086,A020,0,0,0,0,0,0
A086,A021,0,0,0,0,0,0
A086,A022,0,0,0,0,0,0
A086,A023,0,0,0,0,0,0
A086,A024,0,0,0,0,0,0
A086,A025,0,0,0,0,0,0
A086,A026,0,0,0,0,0,0
A086,A027,0,0,0,0,0,0
A086,A028,0,0,0,0,0,0
A086,A029,0,1,0,0,2,3
A086,A030,0,0,0,0,0,0
A086,A031,0,0,0,0,0,0
A086,A032,0,0,0,0,0,0
A086,A033,0,1,0,0,1,2
A086,A034,0,3,4,0,1,8
A086,A035,0,0,0,0,0,0
A086,A036,0,0,0,0,0,0
A086,A037,0,0,0,0,0,0
A086,A038,0,0,0,0,0,0
A086,A039,0,0,0,0,0,0
A086,A040,0,0,0,0,0,0
A086,A041,0,0,0,0,0,0
A086,A042,0,0,0,0,0,0
A086,A043,0,0,0,0,0,0
A086,A044,0,0,0,0,0,0
A086,A045,0,0,0,0,0,0
A086,A046,0,0,0,0,0,0
A086,A047,0,0,0,0,0,0
A086,A048,0,0,0,0,0,0
A086,A049,0,0,0,0,0,0
A086,A050,0,0,0,0,0,0
A086,A051,0,0,0,0,0,0
A086,A052,0,0,0,0,0,0
A086,A053,0,0,0,0,0,0
A086,A054,0,0,0,0,0,0
A086,A055,0,0,0,0,0,0
A086,A056,0,0,0,0,0,0
A086,A057,0,0,0,0,0,0
A086,A058,0,0,0,0,0,0
A086,A059,0,0,0,0,0,0
A086,A060,0,0,0,0,0,0
A086,A061,0,0,0,0,0,0
A086,A062,0,0,0,0,0,0
A086,A063,0,0,0,0,0,0
A086,A064,0,0,0,0,0,0
A086,A065,0,0,0,0,0,0
A086,A066,0,0,0,0,0,0
A086,A067,0,0,0,0,0,0
A086,A068,0,0,0,0,0,0
A086,A069,0,0,0,0,0,0
A086,A070,0,0,0,0,0,0
A086,A071,0,0,0,0,0,0
A086,A072,0,0,0,0,0,0
A086,A073,0,0,0,0,1,1
A086,A074,0,0,1,0,0,1
A086,A075,0,0,0,0,0,0
A086,A076,0,0,0,0,0,0
A086,A077,0,0,0,0,0,0
A086,A078,0,0,1,0,0,1
A086,A079,0,0,0,0,0,0
A086,A080,0,0,0,0,0,0
A086,A081,0,0,0,0,0,0
A086,A082,0,0,2,0,1,3
A086,A083,0,1,0,0,0,1
A086,A084,0,0,0,0,0,0
A086,A085,0,0,0,0,0,0
A086,A086,421,0,0,63,0,484
A086,A087,0,0,0,0,0,0
A086,A088,0,0,0,0,0,0
A086,A089,0,0,0,0,0,0
A086,A090,0,0,0,0,0,0
A086,A091,0,1,0,0,1,2
A086,A092,0,0,0,0,0,0
A086,A093,0,0,0,0,0,0
A086,A094,0,0,0,0,0,0
A086,A095,0,0,0,0,0,0
A086,A096,0,0,0,0,0,0
A086,A097,0,0,0,0,0,0
A086,A098,0,0,0,0,0,0
A086,A099,0,0,0,0,0,0
A086,A100,0,0,0,0,0,0
A086,A101,0,0,0,0,0,0
A086,A102,0,0,0,0,0,0
A086,A103,0,0,0,0,0,0
A086,A104,0,0,0,0,0,0
A086,A105,0,0,0,0,0,0
A086,A106,0,0,0,0,0,0
A086,A107,0,0,0,0,0,0
A086,A108,0,0,0,0,0,0
A086,A109,0,0,0,0,0,0
A086,A110,0,0,0,0,0,0
A086,A111,0,0,0,0,0,0
A086,A112,0,0,0,0,0,0
A086,A113,0,0,0,0,0,0
A086,A114,0,0,0,0,0,0
A086,A115,0,0,0,0,0,0
A086,A116,0,0,0,0,0,0
A086,A117,0,0,0,0,0,0
A086,A118,0,0,0,0,0,0
A086,A119,0,0,0,0,0,0
A086,A120,0,0,0,0,0,0
A087,A001,0,0,0,0,0,0
A087,A002,0,0,0,0,0,0
A087,A003,0,0,0,0,0,0
A087,A004,0,0,0,0,1,1
A087,A005,0,0,0,0,0,0
A087,A006,0,0,0,0,0,0
A087,A007,0,0,0,0,0,0
A087,A008,0,0,0,0,0,0
A087,A009,0,0,0,0,0,0
A087,A010,0,0,0,0,0,0
A087,A011,0,0,0,0,0,0
A087,A012,0,0,0,0,0,0
A087,A013,0,1,0,0,1,2
A087,A014,0,1,0,0,1,2
A087,A015,0,0,1,0,0,1
A087,A016,0,0,0,0,0,0
A087,A017,0,0,0,0,0,0
A087,A018,0,0,0,0,0,0
A087,A019,0,0,0,0,0,0
A087,A020,0,0,0,0,0,0
A087,A021,0,0,0,0,0,0
A087,A022,0,0,0,0,0,0
A087,A023,0,0,0,0,0,0
A087,A024,0,0,0,0,0,0
A087,A025,0,0,0,0,0,0
A087,A026,0,0,0,0,0,0
A087,A027,0,0,0,0,0,0
A087,A028,0,0,0,0,0,0
A087,A029,0,0,0,0,0,0
A087,A030,0,0,0,0,0,0
A087,A031,0,0,0,0,0,0
A087,A032,0,0,0,0,0,0
A087,A033,0,0,0,0,0,0
A087,A034,0,0,0,0,0,0
A087,A035,0,0,0,0,0,0
A087,A036,0,0,0,0,0,0
A087,A037,0,0,0,0,0,0
A087,A038,0,0,0,0,0,0
A087,A039,0,0,0,0,0,0
A087,A040,0,0,0,0,0,0
A087,A041,0,0,0,0,0,0
A087,A042,0,0,0,0,0,0
A087,A043,0,0,0,0,0,0
A087,A044,0,0,0,0,0,0
A087,A045,0,0,0,0,0,0
A087,A046,0,0,0,0,0,0
A087,A047,0,0,0,0,0,0
A087,A048,0,0,0,0,0,0
A087,A049,0,0,0,0,0,0
A087,A050,0,0,0,0,0,0
A087,A051,0,0,0,0,0,0
A087,A052,0,0,0,0,0,0
A087,A053,0,0,0,0,0,0
A087,A054,0,0,0,0,0,0
A087,A055,0,0,0,0,0,0
A087,A056,0,0,0,0,0,0
A087,A057,0,0,0,0,0,0
A087,A058,0,0,0,0,0,0
A087,A059,0,0,0,0,0,0
A087,A060,0,0,0,0,0,0
A087,A061,0,0,0,0,0,0
A087,A062,0,0,0,0,0,0
A087,A063,0,0,0,0,0,0
A087,A064,0,0,0,0,0,0
A087,A065,0,0,0,0,0,0
A087,A066,0,0,0,0,0,0
A087,A067,0,0,0,0,0,0
A087,A068,0,0,0,0,0,0
A087,A069,0,0,0,0,0,0
A087,A070,0,0,0,0,0,0
A087,A071,0,0,0,0,0,0
A087,A072,0,0,0,0,0,0
A087,A073,0,0,0,0,0,0
A087,A074,0,0,0,0,0,0
A087,A075,0,0,0,0,0,0
A087,A076,0,0,0,0,0,0
A087,A077,0,0,0,0,0,0
A087,A078,0,0,0,0,0,0
A087,A079,0,0,0,0,0,0
A087,A080,0,0,0,0,0,0
A087,A081,0,0,0,0,0,0
A087,A082,0,0,0,0,0,0
A087,A083,0,0,0,0,0,0
A087,A084,0,0,0,0,0,0
A087,A085,0,1,0,0,0,1
A087,A086,0,0,0,0,0,0
A087,A087,461,0,0,8,0,469
A087,A088,0,0,0,0,1,1
A087,A089,0,0,0,0,0,0
A087,A090,0,0,1,0,0,1
A087,A091,0,0,0,0,0,0
A087,A092,0,0,0,0,0,0
A087,A093,0,0,0,0,0,0
A087,A094,0,0,0,0,0,0
A087,A095,0,0,0,0,0,0
A087,A096,0,0,0,0,0,0
A087,A097,0,0,0,0,0,0
A087,A098,0,0,0,0,0,0
A087,A099,0,0,0,0,0,0
A087,A100,0,0,0,0,0,0
A087,A101,0,0,0,0,0,0
A087,A102,0,0,0,0,0,0
A087,A103,0,0,0,0,0,0
A087,A104,0,0,0,0,0,0
A087,A105,0,0,0,0,0,0
A087,A106,0,0,0,0,0,0
A087,A107,0,0,0,0,0,0
A087,A108,0,0,0,0,0,0
A087,A109,0,0,0,0,0,0
A087,A110,0,0,0,0,0,0
A087,A111,0,0,0,0,0,0
A087,A112,0,0,0,0,0,0
A087,A113,0,0,0,0,0,0
A087,A114,0,0,0,0,0,0
A087,A115,0,0,0,0,0,0
A087,A116,0,0,0,0,0,0
A087,A117,0,0,0,0,0,0
A087,A118,0,0,0,0,0,0
A087,A119,0,0,0,0,0,0
A087,A120,0,0,0,0,0,0
A088,A001,0,0,0,0,0,0
A088,A002,0,0,0,0,0,0
A088,A003,0,0,0,0,0,0
A088,A004,0,0,0,0,0,0
A088,A005,0,0,0,0,0,0
A088,A006,0,0,0,0,0,0
A088,A007,0,0,0,0,0,0
A088,A008,0,0,0,0,0,0
A088,A009,0,0,0,0,0,0
A088,A010,0,0,0,0,0,0
A088,A011,0,0,0,0,0,0
A088,A012,0,0,0,0,0,0
A088,A013,0,0,0,0,0,0
A088,A014,0,0,0,0,0,0
A088,A015,0,1,2,0,0,3
A088,A016,0,0,0,0,0,0
A088,A017,0,0,0,0,0,0
A088,A018,0,0,0,0,0,0
A088,A019,0,0,0,0,0,0
A088,A020,0,0,0,0,0,0
A088,A021,0,0,0,0,0,0
A088,A022,0,0,0,0,0,0
A088,A023,0,0,0,0,0,0
A088,A024,0,0,0,0,0,0
A088,A025,0,0,0,0,0,0
A088,A026,0,0,0,0,0,0
A088,A027,0,0,0,0,0,0
A088,A028,0,0,0,0,0,0
A088,A029,0,0,0,0,0,0
A088,A030,0,0,0,0,0,0
A088,A031,0,0,0,0,0,0
A088,A032,0,0,0,0,0,0
A088,A033,0,0,0,0,0,0
A088,A034,0,0,0,0,0,0
A088,A035,0,0,0,0,0,0
A088,A036,0,0,0,0,0,0
A088,A037,0,0,0,0,0,0
A088,A038,0,0,0,0,0,0
A088,A039,0,0,0,0,0,0
A088,A040,0,0,0,0,0,0
A088,A041,0,0,0,0,0,0
A088,A042,0,0,0,0,0,0
A088,A043,0,0,0,0,0,0
A088,A044,0,0,0,0,0,0
A088,A045,0,0,0,0,0,0
A088,A046,0,0,0,0,0,0
A088,A047,0,0,0,0,0,0
A088,A048,0,0,0,0,0,0
A088,A049,0,0,0,0,0,0
A088,A050,0,0,0,0,0,0
A088,A051,0,0,0,0,0,0
A088,A052,0,0,1,0,0,1
A088,A053,0,0,0,0,0,0
A088,A054,0,0,0,0,0,0
A088,A055,0,0,0,0,0,0
A088,A056,0,0,0,0,0,0
A088,A057,0,0,0,0,0,0
A088,A058,0,0,0,0,0,0
A088,A059,0,0,0,0,0,0
A088,A060,0,0,0,0,0,0
A088,A061,0,0,0,0,0,0
A088,A062,0,0,0,0,0,0
A088,A063,0,0,0,0,0,0
A088,A064,0,0,0,0,0,0
A088,A065,0,1,0,0,0,1
A088,A066,0,0,0,0,0,0
A088,A067,0,0,0,0,0,0
A088,A068,0,0,0,0,0,0
A088,A069,0,0,0,0,0,0
A088,A070,0,0,0,0,0,0
A088,A071,0,0,0,0,0,0
A088,A072,0,0,0,0,0,0
A088,A073,0,0,0,0,0,0
A088,A074,0,0,0,0,0,0
A088,A075,0,0,0,0,0,0
A088,A076,0,0,0,0,0,0
A088,A077,0,0,0,0,0,0
A088,A078,0,0,0,0,0,0
A088,A079,0,0,0,0,0,0
A088,A080,0,0,0,0,0,0
A088,A081,0,0,0,0,0,0
A088,A082,0,0,0,0,0,0
A088,A083,0,0,0,0,0,0
A088,A084,0,0,0,0,0,0
A088,A085,0,0,0,0,0,0
A088,A086,0,0,0,0,0,0
A088,A087,0,0,1,0,0,1
A088,A088,473,0,0,15,0,488
A088,A089,0,0,0,0,0,0
A088,A090,0,0,0,0,1,1
A088,A091,0,0,0,0,0,0
A088,A092,0,0,0,0,0,0
A088,A093,0,0,0,0,0,0
A088,A094,0,0,0,0,0,0
A088,A095,0,0,0,0,0,0
A088,A096,0,0,0,0,0,0
A088,A097,0,0,0,0,0,0
A088,A098,0,0,0,0,0,0
A088,A099,0,0,0,0,0,0
A088,A100,0,0,0,0,0,0
A088,A101,0,0,0,0,0,0
A088,A102,0,0,0,0,0,0
A088,A103,0,0,0,0,0,0
A088,A104,0,0,0,0,0,0
A088,A105,0,0,0,0,0,0
A088,A106,0,0,0,0,0,0
A088,A107,0,0,0,0,0,0
A088,A108,0,0,0,0,0,0
A088,A109,0,0,0,0,0,0
A088,A110,0,0,0,0,0,0
A088,A111,0,0,0,0,0,0
A088,A112,0,0,0,0,1,1
A088,A113,0,0,0,0,0,0
A088,A114,0,0,0,0,0,0
A088,A115,0,0,0,0,0,0
A088,A116,0,0,0,0,0,0
A088,A117,0,0,0,0,0,0
A088,A118,0,0,0,0,0,0
A088,A119,0,0,0,0,0,0
A088,A120,0,0,0,0,0,0
A089,A001,0,0,0,0,0,0
A089,A002,0,1,0,0,0,1
A089,A003,0,0,0,0,0,0
A089,A004,0,0,0,0,0,0
A089,A005,0,0,0,0,0,0
A089,A006,0,0,0,0,0,0
A089,A007,0,0,0,0,0,0
A089,A008,0,0,0,0,0,0
A089,A009,0,0,0,0,0,0
A089,A010,0,0,0,0,0,0
A089,A011,0,1,0,0,0,1
A089,A012,0,0,0,0,0,0
A089,A013,0,1,0,0,0,1
A089,A014,0,0,0,0,0,0
A089,A015,0,0,0,0,0,0
A089,A016,0,0,0,0,0,0
A089,A017,0,0,0,0,0,0
A089,A018,0,0,0,0,0,0
A089,A019,0,0,0,0,0,0
A089,A020,0,0,0,0,0,0
A089,A021,0,0,0,0,0,0
A089,A022,0,0,0,0,0,0
A089,A023,0,0,0,0,0,0
A089,A024,0,0,0,0,0,0
A089,A025,0,0,0,0,0,0
A089,A026,0,0,0,0,0,0
A089,A027,0,0,0,0,0,0
A089,A028,0,0,0,0,0,0
A089,A029,0,0,0,0,0,0
A089,A030,0,0,0,0,0,0
A089,A031,0,0,0,0,0,0
A089,A032,0,0,0,0,0,0
A089,A033,0,0,0,0,0,0
A089,A034,0,0,0,0,0,0
A089,A035,0,0,0,0,0,0
A089,A036,0,0,0,0,0,0
A089,A037,0,0,0,0,0,0
A089,A038,0,0,0,0,0,0
A089,A039,0,0,0,0,0,0
A089,A040,0,0,0,0,0,0
A089,A041,0,0,0,0,0,0
A089,A042,0,0,0,0,0,0
A089,A043,0,0,0,0,0,0
A089,A044,0,0,0,0,0,0
A089,A045,0,0,0,0,0,0
A089,A046,0,0,0,0,0,0
A089,A047,0,0,0,0,0,0
A089,A048,0,0,0,0,0,0
A089,A049,0,0,0,0,0,0
A089,A050,0,0,0,0,0,0
A089,A051,0,0,0,0,0,0
A089,A052,0,0,0,0,0,0
A089,A053,0,0,0,0,0,0
A089,A054,0,0,0,0,0,0
A089,A055,0,0,0,0,0,0
A089,A056,0,0,0,0,0,0
A089,A057,0,0,0,0,0,0
A089,A058,0,0,0,0,0,0
A089,A059,0,0,0,0,0,0
A089,A060,0,0,0,0,0,0
A089,A061,0,0,0,0,0,0
A089,A062,0,0,0,0,0,0
A089,A063,0,0,0,0,0,0
A089,A064,0,0,0,0,0,0
A089,A065,0,0,0,0,0,0
A089,A066,0,0,0,0,0,0
A089,A067,0,0,0,0,0,0
A089,A068,0,0,0,0,0,0
A089,A069,0,0,0,0,0,0
A089,A070,0,0,0,0,0,0
A089,A071,0,0,0,0,0,0
A089,A072,0,0,0,0,0,0
A089,A073,0,0,0,0,0,0
A089,A074,0,0,0,0,0,0
A089,A075,0,0,0,0,0,0
A089,A076,0,0,0,0,0,0
A089,A077,0,0,0,0,0,0
A089,A078,0,0,0,0,0,0
A089,A079,0,0,0,0,0,0
A089,A080,0,0,0,0,0,0
A089,A081,0,0,0,0,0,0
A089,A082,0,0,0,0,0,0
A089,A083,0,0,0,0,0,0
A089,A084,0,0,0,0,0,0
A089,A085,0,0,0,0,0,0
A089,A086,0,0,0,0,0,0
A089,A087,0,1,0,0,0,1
A089,A088,0,0,0,0,0,0
A089,A089,402,0,0,36,0,438
A089,A090,0,9,1,0,0,10
A089,A091,0,0,1,0,0,1
A089,A092,0,0,0,0,0,0
A089,A093,0,0,0,0,0,0
A089,A094,0,0,0,0,0,0
A089,A095,0,0,0,0,0,0
A089,A096,0,0,0,0,0,0
A089,A097,0,0,0,0,0,0
A089,A098,0,0,0,0,0,0
A089,A099,0,0,0,0,0,0
A089,A100,0,0,0,0,0,0
A089,A101,0,0,0,0,0,0
A089,A102,0,0,0,0,0,0
A089,A103,0,0,0,0,0,0
A089,A104,0,0,0,0,0,0
A089,A105,0,0,0,0,0,0
A089,A106,0,0,0,0,0,0
A089,A107,0,0,0,0,0,0
A089,A108,0,0,0,0,0,0
A089,A109,0,0,0,0,0,0
A089,A110,0,0,0,0,0,0
A089,A111,0,0,0,0,0,0
A089,A112,0,0,0,0,0,0
A089,A113,0,0,0,0,0,0
A089,A114,0,0,0,0,0,0
A089,A115,0,0,0,0,0,0
A089,A116,0,0,0,0,0,0
A089,A117,0,0,0,0,0,0
A089,A118,0,0,0,0,0,0
A089,A119,0,0,0,0,0,0
A089,A120,0,0,0,0,0,0
A090,A001,0,0,0,0,0,0
A090,A002,0,0,0,0,0,0
A090,A003,0,0,0,0,0,0
A090,A004,0,0,0,0,0,0
A090,A005,0,0,0,0,0,0
A090,A006,0,0,0,0,0,0
A090,A007,0,0,0,0,0,0
A090,A008,0,0,0,0,0,0
A090,A009,0,0,0,0,0,0
A090,A010,0,0,0,0,0,0
A090,A011,0,0,0,0,0,0
A090,A012,0,0,0,0,0,0
A090,A013,0,0,0,0,0,0
A090,A014,0,0,0,0,0,0
A090,A015,0,0,0,0,0,0
A090,A016,0,1,0,0,0,1
A090,A017,0,0,0,0,1,1
A090,A018,0,0,0,0,0,0
A090,A019,0,0,0,0,0,0
A090,A020,0,0,0,0,0,0
A090,A021,0,0,0,0,0,0
A090,A022,0,0,0,0,0,0
A090,A023,0,0,0,0,0,0
A090,A024,0,0,0,0,0,0
A090,A025,0,0,0,0,1,1
A090,A026,0,0,0,0,0,0
A090,A027,0,0,0,0,0,0
A090,A028,0,0,0,0,0,0
A090,A029,0,0,0,0,0,0
A090,A030,0,0,0,0,0,0
A090,A031,0,0,0,0,0,0
A090,A032,0,0,0,0,0,0
A090,A033,0,0,0,0,0,0
A090,A034,0,0,0,0,0,0
A090,A035,0,0,0,0,0,0
A090,A036,0,0,0,0,0,0
A090,A037,0,0,0,0,0,0
A090,A038,0,0,0,0,0,0
A090,A039,0,0,0,0,0,0
A090,A040,0,0,0,0,0,0
A090,A041,0,0,0,0,0,0
A090,A042,0,0,0,0,0,0
A090,A043,0,0,0,0,0,0
A090,A044,0,0,0,0,0,0
A090,A045,0,0,0,0,0,0
A090,A046,0,0,0,0,0,0
A090,A047,0,0,0,0,0,0
A090,A048,0,0,0,0,0,0
A090,A049,0,0,0,0,0,0
A090,A050,0,0,1,0,0,1
A090,A051,0,0,0,0,0,0
A090,A052,0,0,0,0,0,0
A090,A053,0,0,0,0,0,0
A090,A054,0,0,0,0,0,0
A090,A055,0,0,0,0,0,0
A090,A056,0,0,0,0,0,0
A090,A057,0,0,0,0,0,0
A090,A058,0,0,0,0,0,0
A090,A059,0,0,0,0,0,0
A090,A060,0,0,0,0,0,0
A090,A061,0,0,0,0,0,0
A090,A062,0,0,0,0,0,0
A090,A063,0,0,0,0,0,0
A090,A064,0,0,0,0,0,0
A090,A065,0,0,0,0,0,0
A090,A066,0,0,0,0,0,0
A090,A067,0,0,0,0,0,0
A090,A068,0,0,0,0,0,0
A090,A069,0,0,0,0,0,0
A090,A070,0,0,0,0,0,0
A090,A071,0,0,0,0,0,0
A090,A072,0,0,0,0,0,0
A090,A073,0,0,0,0,0,0
A090,A074,0,0,0,0,0,0
A090,A075,0,0,0,0,0,0
A090,A076,0,0,0,0,0,0
A090,A077,0,0,0,0,0,0
A090,A078,0,0,0,0,0,0
A090,A079,0,0,0,0,0,0
A090,A080,0,0,0,0,0,0
A090,A081,0,0,0,0,0,0
A090,A082,0,0,0,0,0,0
A090,A083,0,0,0,0,0,0
A090,A084,0,0,0,0,0,0
A090,A085,0,0,0,0,0,0
A090,A086,0,0,0,0,0,0
A090,A087,0,0,0,0,0,0
A090,A088,0,0,0,0,0,0
A090,A089,0,3,3,0,0,6
A090,A090,455,0,0,50,0,505
A090,A091,0,0,2,0,0,2
A090,A092,0,0,0,0,0,0
A090,A093,0,0,0,0,0,0
A090,A094,0,0,0,0,0,0
A090,A095,0,0,0,0,0,0
A090,A096,0,0,0,0,0,0
A090,A097,0,0,0,0,0,0
A090,A098,0,0,0,0,0,0
A090,A099,0,0,0,0,0,0
A090,A100,0,0,0,0,0,0
A090,A101,0,0,0,0,0,0
A090,A102,0,0,0,0,1,1
A090,A103,0,0,0,0,0,0
A090,A104,0,0,0,0,0,0
A090,A105,0,0,0,0,0,0
A090,A106,0,0,0,0,0,0
A090,A107,0,0,0,0,0,0
A090,A108,0,0,0,0,0,0
A090,A109,0,0,0,0,0,0
A090,A110,0,0,0,0,0,0
A090,A111,0,0,0,0,0,0
A090,A112,0,0,0,0,0,0
A090,A113,0,0,0,0,0,0
A090,A114,0,0,0,0,0,0
A090,A115,0,0,0,0,0,0
A090,A116,0,0,0,0,0,0
A090,A117,0,0,0,0,0,0
A090,A118,0,0,0,0,0,0
A090,A119,0,0,0,0,0,0
A090,A120,0,0,0,0,0,0
A091,A001,0,0,0,0,0,0
A091,A002,0,0,0,0,0,0
A091,A003,0,0,0,0,0,0
A091,A004,0,0,0,0,0,0
A091,A005,0,0,0,0,0,0
A091,A006,0,0,0,0,0,0
A091,A007,0,0,0,0,0,0
A091,A008,0,0,0,0,0,0
A091,A009,0,0,0,0,0,0
A091,A010,0,0,0,0,0,0
A091,A011,0,2,0,0,0,2
A091,A012,0,0,0,0,1,1
A091,A013,0,0,1,0,1,2
A091,A014,0,0,0,0,0,0
A091,A015,0,0,0,0,0,0
A091,A016,0,0,0,0,0,0
A091,A017,0,0,0,0,1,1
A091,A018,0,0,0,0,0,0
A091,A019,0,0,0,0,0,0
A091,A020,0,0,0,0,0,0
A091,A021,0,0,0,0,0,0
A091,A022,0,0,0,0,0,0
A091,A023,0,0,0,0,0,0
A091,A024,0,0,0,0,0,0
A091,A025,0,0,0,0,2,2
A091,A026,0,0,0,0,0,0
A091,A027,0,0,0,0,0,0
A091,A028,0,0,0,0,0,0
A091,A029,0,1,0,0,0,1
A091,A030,0,2,0,0,2,4
A091,A031,0,0,0,0,0,0
A091,A032,0,0,0,0,0,0
A091,A033,0,0,0,0,0,0
A091,A034,0,0,0,0,0,0
A091,A035,0,0,0,0,0,0
A091,A036,0,0,0,0,0,0
A091,A037,0,0,0,0,0,0
A091,A038,0,0,0,0,0,0
A091,A039,0,0,0,0,0,0
A091,A040,0,0,0,0,0,0
A091,A041,0,0,0,0,0,0
A091,A042,0,0,0,0,0,0
A091,A043,0,0,0,0,0,0
A091,A044,0,0,0,0,0,0
A091,A045,0,0,0,0,0,0
A091,A046,0,0,0,0,0,0
A091,A047,0,0,0,0,0,0
A091,A048,0,0,0,0,0,0
A091,A049,0,0,0,0,0,0
A091,A050,0,0,0,0,0,0
A091,A051,0,0,0,0,0,0
A091,A052,0,0,0,0,0,0
A091,A053,0,0,0,0,0,0
A091,A054,0,0,0,0,0,0
A091,A055,0,0,0,0,0,0
A091,A056,0,0,0,0,0,0
A091,A057,0,0,0,0,0,0
A091,A058,0,0,0,0,0,0
A091,A059,0,0,0,0,0,0
A091,A060,0,0,0,0,0,0
A091,A061,0,0,0,0,0,0
A091,A062,0,0,0,0,0,0
A091,A063,0,0,0,0,0,0
A091,A064,0,0,0,0,0,0
A091,A065,0,3,0,0,0,3
A091,A066,0,0,0,0,0,0
A091,A067,0,0,0,0,0,0
A091,A068,0,0,0,0,0,0
A091,A069,0,0,0,0,0,0
A091,A070,0,0,0,0,0,0
A091,A071,0,0,0,0,0,0
A091,A072,0,0,0,0,0,0
A091,A073,0,0,0,0,0,0
A091,A074,0,0,0,0,0,0
A091,A075,0,0,0,0,0,0
A091,A076,0,0,0,0,0,0
A091,A077,0,0,0,0,0,0
A091,A078,0,1,1,0,0,2
A091,A079,0,0,0,0,1,1
A091,A080,0,0,0,0,0,0
A091,A081,0,0,0,0,0,0
A091,A082,0,1,2,0,1,4
A091,A083,0,0,1,0,0,1
A091,A084,0,0,0,0,0,0
A091,A085,0,0,0,0,0,0
A091,A086,0,3,0,0,0,3
A091,A087,0,0,0,0,0,0
A091,A088,0,1,0,0,0,1
A091,A089,0,0,1,0,0,1
A091,A090,0,0,0,0,1,1
A091,A091,390,0,0,67,0,457
A091,A092,0,0,0,0,0,0
A091,A093,0,0,0,0,0,0
A091,A094,0,0,0,0,0,0
A091,A095,0,0,0,0,0,0
A091,A096,0,1,0,0,0,1
A091,A097,0,0,0,0,0,0
A091,A098,0,0,0,0,0,0
A091,A099,0,0,0,0,0,0
A091,A100,0,0,0,0,0,0
A091,A101,0,0,0,0,0,0
A091,A102,0,0,0,0,0,0
A091,A103,0,0,0,0,0,0
A091,A104,0,0,0,0,0,0
A091,A105,0,0,0,0,0,0
A091,A106,0,0,0,0,0,0
A091,A107,0,0,0,0,0,0
A091,A108,0,0,0,0,0,0
A091,A109,0,0,0,0,0,0
A091,A110,0,0,0,0,0,0
A091,A111,0,0,0,0,0,0
A091,A112,0,0,0,0,0,0
A091,A113,0,0,0,0,0,0
A091,A114,0,0,0,0,0,0
A091,A115,0,0,0,0,0,0
A091,A116,0,0,0,0,0,0
A091,A117,0,0,0,0,0,0
A091,A118,0,0,0,0,0,0
A091,A119,0,0,0,0,0,0
A091,A120,0,0,0,0,1,1
A092,A001,0,0,0,0,0,0
A092,A002,0,0,0,0,0,0
A092,A003,0,0,0,0,0,0
A092,A004,0,0,0,0,0,0
A092,A005,0,0,0,0,0,0
A092,A006,0,0,0,0,0,0
A092,A007,0,0,0,0,0,0
A092,A008,0,0,0,0,0,0
A092,A009,0,0,0,0,0,0
A092,A010,0,0,0,0,0,0
A092,A011,0,0,0,0,0,0
A092,A012,0,0,0,0,0,0
A092,A013,0,0,0,0,0,0
A092,A014,0,0,0,0,0,0
A092,A015,0,0,0,0,0,0
A092,A016,0,0,0,0,1,1
A092,A017,0,0,0,0,0,0
A092,A018,0,0,0,0,0,0
A092,A019,0,0,0,0,0,0
A092,A020,0,0,0,0,0,0
A092,A021,0,0,0,0,0,0
A092,A022,0,0,0,0,0,0
A092,A023,0,0,0,0,0,0
A092,A024,0,0,0,0,0,0
A092,A025,0,0,0,0,0,0
A092,A026,0,0,0,0,0,0
A092,A027,0,0,0,0,0,0
A092,A028,0,0,0,0,0,0
A092,A029,0,0,0,0,0,0
A092,A030,0,0,0,0,0,0
A092,A031,0,0,0,0,0,0
A092,A032,0,0,0,0,0,0
A092,A033,0,0,0,0,0,0
A092,A034,0,0,0,0,0,0
A092,A035,0,0,0,0,0,0
A092,A036,0,0,0,0,0,0
A092,A037,0,0,0,0,0,0
A092,A038,0,0,0,0,0,0
A092,A039,0,0,0,0,0,0
A092,A040,0,0,0,0,0,0
A092,A041,0,0,0,0,0,0
A092,A042,0,1,0,0,1,2
A092,A043,0,0,0,0,0,0
A092,A044,0,0,0,0,0,0
A092,A045,0,0,0,0,0,0
A092,A046,0,0,0,0,0,0
A092,A047,0,0,0,0,0,0
A092,A048,0,1,0,0,0,1
A092,A049,0,0,0,0,0,0
A092,A050,0,0,0,0,0,0
A092,A051,0,0,0,0,0,0
A092,A052,0,0,0,0,0,0
A092,A053,0,0,0,0,0,0
A092,A054,0,0,0,0,0,0
A092,A055,0,0,0,0,0,0
A092,A056,0,0,0,0,0,0
A092,A057,0,0,0,0,0,0
A092,A058,0,0,0,0,0,0
A092,A059,0,0,0,0,0,0
A092,A060,0,0,0,0,0,0
A092,A061,0,0,0,0,0,0
A092,A062,0,0,0,0,0,0
A092,A063,0,0,0,0,0,0
A092,A064,0,0,0,0,0,0
A092,A065,0,0,0,0,0,0
A092,A066,0,0,0,0,0,0
A092,A067,0,0,0,0,0,0
A092,A068,0,0,0,0,0,0
A092,A069,0,0,0,0,0,0
A092,A070,0,0,0,0,0,0
A092,A071,0,0,0,0,0,0
A092,A072,0,0,0,0,0,0
A092,A073,0,0,0,0,0,0
A092,A074,0,0,0,0,0,0
A092,A075,0,0,0,0,0,0
A092,A076,0,0,0,0,0,0
A092,A077,0,0,0,0,0,0
A092,A078,0,0,0,0,0,0
A092,A079,0,0,0,0,0,0
A092,A080,0,0,0,0,0,0
A092,A081,0,0,0,0,0,0
A092,A082,0,0,0,0,0,0
A092,A083,0,0,0,0,0,0
A092,A084,0,0,0,0,0,0
A092,A085,0,0,0,0,0,0
A092,A086,0,0,0,0,0,0
A092,A087,0,0,0,0,0,0
A092,A088,0,0,0,0,0,0
A092,A089,0,0,0,0,0,0
A092,A090,0,0,0,0,0,0
A092,A091,0,0,0,0,0,0
A092,A092,453,0,0,24,0,477
A092,A093,0,0,0,0,0,0
A092,A094,0,0,0,0,0,0
A092,A095,0,0,0,0,0,0
A092,A096,0,0,0,0,0,0
A092,A097,0,0,0,0,0,0
A092,A098,0,0,0,0,0,0
A092,A099,0,0,0,0,0,0
A092,A100,0,0,0,0,0,0
A092,A101,0,0,0,0,0,0
A092,A102,0,0,0,0,0,0
A092,A103,0,0,0,0,0,0
A092,A104,0,0,0,0,0,0
A092,A105,0,0,0,0,0,0
A092,A106,0,0,0,0,0,0
A092,A107,0,0,0,0,0,0
A092,A108,0,0,0,0,0,0
A092,A109,0,0,0,0,0,0
A092,A110,0,0,0,0,0,0
A092,A111,0,0,0,0,0,0
A092,A112,0,0,0,0,0,0
A092,A113,0,0,0,0,0,0
A092,A114,0,3,1,0,0,4
A092,A115,0,0,0,0,0,0
A092,A116,0,0,0,0,0,0
A092,A117,0,0,0,0,0,0
A092,A118,0,0,0,0,0,0
A092,A119,0,0,0,0,0,0
A092,A120,0,0,0,0,0,0
A093,A001,0,0,0,0,0,0
A093,A002,0,0,0,0,0,0
A093,A003,0,0,1,0,0,1
A093,A004,0,0,0,0,1,1
A093,A005,0,0,0,0,0,0
A093,A006,0,0,0,0,0,0
A093,A007,0,0,0,0,0,0
A093,A008,0,0,0,0,0,0
A093,A009,0,0,0,0,0,0
A093,A010,0,0,0,0,0,0
A093,A011,0,0,0,0,0,0
A093,A012,0,0,0,0,0,0
A093,A013,0,0,0,0,0,0
A093,A014,0,0,0,0,0,0
A093,A015,0,0,0,0,0,0
A093,A016,0,0,0,0,0,0
A093,A017,0,0,0,0,0,0
A093,A018,0,0,0,0,0,0
A093,A019,0,0,0,0,0,0
A093,A020,0,0,0,0,0,0
A093,A021,0,0,0,0,0,0
A093,A022,0,1,0,0,0,1
A093,A023,0,2,1,0,2,5
A093,A024,0,0,0,0,0,0
A093,A025,0,0,0,0,2,2
A093,A026,0,0,0,0,0,0
A093,A027,0,0,0,0,0,0
A093,A028,0,0,0,0,0,0
A093,A029,0,0,0,0,0,0
A093,A030,0,0,0,0,0,0
A093,A031,0,0,0,0,1,1
A093,A032,0,0,0,0,0,0
A093,A033,0,0,0,0,0,0
A093,A034,0,0,0,0,0,0
A093,A035,0,0,0,0,0,0
A093,A036,0,0,0,0,0,0
A093,A037,0,0,0,0,0,0
A093,A038,0,0,0,0,1,1
A093,A039,0,0,0,0,0,0
A093,A040,0,0,0,0,0,0
A093,A041,0,0,0,0,0,0
A093,A042,0,0,0,0,0,0
A093,A043,0,0,0,0,0,0
A093,A044,0,0,0,0,0,0
A093,A045,0,0,0,0,0,0
A093,A046,0,0,0,0,0,0
A093,A047,0,0,0,0,0,0
A093,A048,0,0,0,0,0,0
A093,A049,0,1,0,0,0,1
A093,A050,0,0,0,0,0,0
A093,A051,0,0,0,0,0,0
A093,A052,0,0,0,0,0,0
A093,A053,0,0,0,0,0,0
A093,A054,0,0,0,0,0,0
A093,A055,0,0,0,0,0,0
A093,A056,0,0,0,0,0,0
A093,A057,0,0,0,0,0,0
A093,A058,0,0,0,0,0,0
A093,A059,0,0,0,0,0,0
A093,A060,0,0,0,0,0,0
A093,A061,0,0,0,0,0,0
A093,A062,0,0,0,0,0,0
A093,A063,0,0,0,0,2,2
A093,A064,0,0,0,0,0,0
A093,A065,0,0,0,0,0,0
A093,A066,0,0,0,0,0,0
A093,A067,0,0,0,0,1,1
A093,A068,0,0,0,0,0,0
A093,A069,0,0,0,0,0,0
A093,A070,0,0,0,0,0,0
A093,A071,0,0,0,0,1,1
A093,A072,0,0,0,0,0,0
A093,A073,0,0,0,0,0,0
A093,A074,0,0,0,0,0,0
A093,A075,0,0,0,0,0,0
A093,A076,0,0,0,0,0,0
A093,A077,0,0,2,0,4,6
A093,A078,0,0,0,0,0,0
A093,A079,0,0,0,0,0,0
A093,A080,0,0,0,0,0,0
A093,A081,0,0,0,0,0,0
A093,A082,0,0,0,0,0,0
A093,A083,0,0,0,0,0,0
A093,A084,0,0,0,0,0,0
A093,A085,0,0,0,0,0,0
A093,A086,0,0,0,0,0,0
A093,A087,0,0,0,0,0,0
A093,A088,0,0,0,0,0,0
A093,A089,0,0,0,0,0,0
A093,A090,0,0,0,0,0,0
A093,A091,0,0,0,0,0,0
A093,A092,0,0,0,0,0,0
A093,A093,421,0,0,48,0,469
A093,A094,0,0,0,0,0,0
A093,A095,0,1,0,0,0,1
A093,A096,0,0,0,0,0,0
A093,A097,0,0,0,0,0,0
A093,A098,0,0,0,0,0,0
A093,A099,0,0,0,0,0,0
A093,A100,0,0,0,0,0,0
A093,A101,0,0,0,0,0,0
A093,A102,0,0,0,0,0,0
A093,A103,0,0,0,0,0,0
A093,A104,0,0,0,0,0,0
A093,A105,0,0,0,0,0,0
A093,A106,0,0,0,0,0,0
A093,A107,0,0,0,0,0,0
A093,A108,0,0,0,0,0,0
A093,A109,0,0,0,0,0,0
A093,A110,0,0,0,0,0,0
A093,A111,0,0,0,0,0,0
A093,A112,0,0,0,0,0,0
A093,A113,0,0,0,0,0,0
A093,A114,0,0,0,0,0,0
A093,A115,0,0,0,0,0,0
A093,A116,0,0,0,0,0,0
A093,A117,0,0,0,0,0,0
A093,A118,0,0,0,0,0,0
A093,A119,0,0,0,0,0,0
A093,A120,0,0,0,0,1,1
A094,A001,0,0,0,0,0,0
A094,A002,0,0,0,0,0,0
A094,A003,0,0,0,0,0,0
A094,A004,0,0,0,0,0,0
A094,A005,0,0,0,0,0,0
A094,A006,0,0,0,0,0,0
A094,A007,0,0,0,0,0,0
A094,A008,0,0,0,0,0,0
A094,A009,0,0,0,0,0,0
A094,A010,0,0,0,0,0,0
A094,A011,0,0,0,0,0,0
A094,A012,0,0,0,0,0,0
A094,A013,0,0,0,0,0,0
A094,A014,0,0,0,0,0,0
A094,A015,0,0,0,0,0,0
A094,A016,0,0,0,0,0,0
A094,A017,0,0,0,0,0,0
A094,A018,0,0,0,0,0,0
A094,A019,0,0,0,0,0,0
A094,A020,0,0,0,0,0,0
A094,A021,0,1,0,0,1,2
A094,A022,0,0,0,0,0,0
A094,A023,0,0,0,0,0,0
A094,A024,0,0,0,0,0,0
A094,A025,0,0,0,0,0,0
A094,A026,0,0,0,0,0,0
A094,A027,0,0,0,0,0,0
A094,A028,0,0,0,0,0,0
A094,A029,0,0,0,0,0,0
A094,A030,0,0,0,0,0,0
A094,A031,0,0,0,0,0,0
A094,A032,0,0,0,0,0,0
A094,A033,0,0,0,0,0,0
A094,A034,0,0,0,0,0,0
A094,A035,0,0,0,0,0,0
A094,A036,0,0,0,0,0,0
A094,A037,0,0,0,0,0,0
A094,A038,0,0,0,0,0,0
A094,A039,0,0,0,0,0,0
A094,A040,0,0,0,0,0,0
A094,A041,0,0,0,0,0,0
A094,A042,0,0,0,0,0,0
A094,A043,0,0,0,0,0,0
A094,A044,0,0,0,0,0,0
A094,A045,0,0,0,0,0,0
A094,A046,0,0,0,0,0,0
A094,A047,0,0,0,0,0,0
A094,A048,0,0,0,0,0,0
A094,A049,0,0,0,0,1,1
A094,A050,0,0,0,0,0,0
A094,A051,0,0,0,0,0,0
A094,A052,0,0,0,0,0,0
A094,A053,0,0,0,0,0,0
A094,A054,0,0,0,0,0,0
A094,A055,0,0,0,0,0,0
A094,A056,0,0,0,0,0,0
A094,A057,0,0,0,0,0,0
A094,A058,0,0,0,0,0,0
A094,A059,0,0,0,0,0,0
A094,A060,0,0,0,0,0,0
A094,A061,0,0,0,0,0,0
A094,A062,0,0,0,0,0,0
A094,A063,0,4,0,0,1,5
A094,A064,0,0,0,0,0,0
A094,A065,0,2,0,0,0,2
A094,A066,0,0,0,0,0,0
A094,A067,0,0,0,0,0,0
A094,A068,0,0,0,0,0,0
A094,A069,0,0,0,0,0,0
A094,A070,0,1,0,0,0,1
A094,A071,0,0,0,0,0,0
A094,A072,0,0,0,0,0,0
A094,A073,0,0,0,0,0,0
A094,A074,0,0,0,0,0,0
A094,A075,0,0,0,0,0,0
A094,A076,0,0,0,0,0,0
A094,A077,0,0,0,0,0,0
A094,A078,0,0,0,0,0,0
A094,A079,0,0,0,0,0,0
A094,A080,0,0,0,0,0,0
A094,A081,0,0,0,0,0,0
A094,A082,0,0,0,0,0,0
A094,A083,0,0,0,0,0,0
A094,A084,0,0,0,0,0,0
A094,A085,0,0,0,0,0,0
A094,A086,0,0,0,0,0,0
A094,A087,0,0,0,0,0,0
A094,A088,0,0,0,0,0,0
A094,A089,0,0,0,0,0,0
A094,A090,0,0,0,0,0,0
A094,A091,0,0,0,0,0,0
A094,A092,0,0,0,0,0,0
A094,A093,0,0,0,0,1,1
A094,A094,420,0,0,34,0,454
A094,A095,0,1,1,0,0,2
A094,A096,0,0,0,0,0,0
A094,A097,0,0,0,0,0,0
A094,A098,0,0,0,0,0,0
A094,A099,0,0,0,0,0,0
A094,A100,0,0,0,0,0,0
A094,A101,0,0,0,0,0,0
A094,A102,0,0,1,0,1,2
A094,A103,0,0,0,0,0,0
A094,A104,0,0,0,0,1,1
A094,A105,0,0,0,0,1,1
A094,A106,0,0,0,0,0,0
A094,A107,0,0,0,0,0,0
A094,A108,0,0,0,0,0,0
A094,A109,0,0,0,0,0,0
A094,A110,0,1,0,0,0,1
A094,A111,0,0,0,0,0,0
A094,A112,0,0,0,0,1,1
A094,A113,0,0,0,0,0,0
A094,A114,0,0,0,0,0,0
A094,A115,0,0,0,0,1,1
A094,A116,0,0,0,0,0,0
A094,A117,0,0,0,0,0,0
A094,A118,0,0,0,0,0,0
A094,A119,0,0,0,0,0,0
A094,A120,0,0,0,0,0,0
A095,A001,0,0,0,0,0,0
A095,A002,0,0,0,0,0,0
A095,A003,0,0,0,0,0,0
A095,A004,0,0,0,0,0,0
A095,A005,0,0,0,0,0,0
A095,A006,0,0,0,0,0,0
A095,A007,0,0,0,0,0,0
A095,A008,0,0,0,0,0,0
A095,A009,0,0,0,0,0,0
A095,A010,0,0,0,0,0,0
A095,A011,0,0,0,0,0,0
A095,A012,0,0,0,0,0,0
A095,A013,0,0,0,0,0,0
A095,A014,0,0,0,0,0,0
A095,A015,0,0,0,0,0,0
A095,A016,0,0,0,0,0,0
A095,A017,0,0,0,0,0,0
A095,A018,0,0,0,0,0,0
A095,A019,0,0,0,0,0,0
A095,A020,0,0,0,0,0,0
A095,A021,0,0,0,0,0,0
A095,A022,0,0,0,0,1,1
A095,A023,0,0,0,0,0,0
A095,A024,0,0,0,0,0,0
A095,A025,0,0,0,0,0,0
A095,A026,0,0,0,0,0,0
A095,A027,0,0,0,0,0,0
A095,A028,0,0,0,0,0,0
A095,A029,0,0,0,0,0,0
A095,A030,0,0,0,0,0,0
A095,A031,0,0,0,0,0,0
A095,A032,0,0,0,0,0,0
A095,A033,0,0,0,0,0,0
A095,A034,0,0,0,0,0,0
A095,A035,0,0,0,0,0,0
A095,A036,0,0,0,0,0,0
A095,A037,0,0,0,0,0,0
A095,A038,0,0,0,0,0,0
A095,A039,0,0,0,0,0,0
A095,A040,0,0,0,0,0,0
A095,A041,0,0,0,0,0,0
A095,A042,0,0,0,0,0,0
A095,A043,0,0,0,0,0,0
A095,A044,0,1,0,0,0,1
A095,A045,0,0,0,0,0,0
A095,A046,0,0,0,0,0,0
A095,A047,0,0,0,0,0,0
A095,A048,0,0,0,0,0,0
A095,A049,0,0,0,0,0,0
A095,A050,0,0,0,0,0,0
A095,A051,0,0,0,0,0,0
A095,A052,0,0,0,0,0,0
A095,A053,0,0,0,0,0,0
A095,A054,0,0,0,0,0,0
A095,A055,0,1,0,0,0,1
A095,A056,0,0,0,0,0,0
A095,A057,0,0,0,0,0,0
A095,A058,0,0,0,0,0,0
A095,A059,0,0,0,0,0,0
A095,A060,0,0,0,0,0,0
A095,A061,0,0,1,0,0,1
A095,A062,0,0,0,0,0,0
A095,A063,0,1,1,0,2,4
A095,A064,0,0,0,0,0,0
A095,A065,0,0,0,0,0,0
A095,A066,0,0,0,0,0,0
A095,A067,0,0,0,0,1,1
A095,A068,0,0,0,0,0,0
A095,A069,0,0,0,0,0,0
A095,A070,0,0,0,0,0,0
A095,A071,0,0,0,0,0,0
A095,A072,0,1,0,0,0,1
A095,A073,0,0,0,0,0,0
A095,A074,0,0,0,0,0,0
A095,A075,0,0,0,0,0,0
A095,A076,0,0,0,0,0,0
A095,A077,0,0,0,0,0,0
A095,A078,0,0,0,0,0,0
A095,A079,0,0,0,0,0,0
A095,A080,0,0,0,0,0,0
A095,A081,0,0,0,0,0,0
A095,A082,0,0,0,0,0,0
A095,A083,0,0,0,0,0,0
A095,A084,0,0,0,0,0,0
A095,A085,0,0,0,0,0,0
A095,A086,0,0,0,0,0,0
A095,A087,0,0,0,0,0,0
A095,A088,0,0,0,0,0,0
A095,A089,0,0,0,0,0,0
A095,A090,0,0,0,0,0,0
A095,A091,0,0,0,0,0,0
A095,A092,0,0,0,0,0,0
A095,A093,0,1,0,0,0,1
A095,A094,0,0,1,0,2,3
A095,A095,470,0,0,55,0,525
A095,A096,0,0,0,0,0,0
A095,A097,0,0,0,0,0,0
A095,A098,0,0,0,0,0,0
A095,A099,0,0,0,0,0,0
A095,A100,0,0,0,0,0,0
A095,A101,0,0,0,0,0,0
A095,A102,0,0,0,0,0,0
A095,A103,0,0,0,0,0,0
A095,A104,0,0,0,0,0,0
A095,A105,0,0,0,0,0,0
A095,A106,0,0,0,0,0,0
A095,A107,0,0,0,0,0,0
A095,A108,0,0,0,0,0,0
A095,A109,0,0,0,0,0,0
A095,A110,0,0,1,0,0,1
A095,A111,0,0,0,0,0,0
A095,A112,0,0,0,0,0,0
A095,A113,0,0,0,0,0,0
A095,A114,0,0,0,0,0,0
A095,A115,0,0,0,0,0,0
A095,A116,0,0,0,0,0,0
A095,A117,0,0,0,0,0,0
A095,A118,0,0,0,0,0,0
A095,A119,0,0,0,0,0,0
A095,A120,0,0,0,0,0,0
A096,A001,0,0,0,0,0,0
A096,A002,0,0,0,0,0,0
A096,A003,0,0,0,0,0,0
A096,A004,0,0,0,0,0,0
A096,A005,0,0,0,0,0,0
A096,A006,0,0,0,0,0,0
A096,A007,0,0,0,0,0,0
A096,A008,0,0,0,0,0,0
A096,A009,0,0,0,0,0,0
A096,A010,0,0,0,0,0,0
A096,A011,0,0,0,0,0,0
A096,A012,0,0,0,0,0,0
A096,A013,0,0,0,0,0,0
A096,A014,0,0,0,0,0,0
A096,A015,0,0,0,0,0,0
A096,A016,0,0,0,0,0,0
A096,A017,0,0,0,0,0,0
A096,A018,0,0,0,0,0,0
A096,A019,0,0,0,0,1,1
A096,A020,0,0,0,0,0,0
A096,A021,0,0,0,0,0,0
A096,A022,0,0,0,0,0,0
A096,A023,0,0,0,0,0,0
A096,A024,0,0,0,0,0,0
A096,A025,0,0,0,0,0,0
A096,A026,0,0,0,0,0,0
A096,A027,0,0,0,0,0,0
A096,A028,0,0,0,0,0,0
A096,A029,0,0,0,0,0,0
A096,A030,0,0,0,0,0,0
A096,A031,0,0,0,0,0,0
A096,A032,0,0,0,0,0,0
A096,A033,0,0,0,0,0,0
A096,A034,0,0,0,0,0,0
A096,A035,0,0,0,0,0,0
A096,A036,0,0,0,0,0,0
A096,A037,0,0,0,0,0,0
A096,A038,0,0,0,0,0,0
A096,A039,0,0,1,0,0,1
A096,A040,0,1,0,0,0,1
A096,A041,0,0,0,0,0,0
A096,A042,0,0,0,0,0,0
A096,A043,0,0,0,0,0,0
A096,A044,0,0,0,0,0,0
A096,A045,0,0,0,0,0,0
A096,A046,0,0,0,0,0,0
A096,A047,0,0,0,0,0,0
A096,A048,0,0,0,0,0,0
A096,A049,0,0,0,0,0,0
A096,A050,0,0,0,0,0,0
A096,A051,0,0,0,0,0,0
A096,A052,0,0,0,0,0,0
A096,A053,0,0,0,0,0,0
A096,A054,0,0,0,0,0,0
A096,A055,0,0,0,0,0,0
A096,A056,0,0,0,0,0,0
A096,A057,0,0,0,0,0,0
A096,A058,0,0,0,0,0,0
A096,A059,0,0,0,0,0,0
A096,A060,0,0,0,0,0,0
A096,A061,0,0,0,0,0,0
A096,A062,0,0,0,0,0,0
A096,A063,0,0,0,0,0,0
A096,A064,0,0,0,0,0,0
A096,A065,0,0,0,0,0,0
A096,A066,0,0,0,0,0,0
A096,A067,0,0,1,0,0,1
A096,A068,0,0,0,0,0,0
A096,A069,0,0,0,0,0,0
A096,A070,0,0,0,0,0,0
A096,A071,0,0,0,0,0,0
A096,A072,0,0,0,0,0,0
A096,A073,0,0,0,0,0,0
A096,A074,0,0,0,0,0,0
A096,A075,0,0,0,0,0,0
A096,A076,0,0,0,0,0,0
A096,A077,0,0,0,0,0,0
A096,A078,0,0,0,0,0,0
A096,A079,0,0,0,0,0,0
A096,A080,0,0,0,0,0,0
A096,A081,0,0,1,0,0,1
A096,A082,0,0,0,0,0,0
A096,A083,0,0,0,0,0,0
A096,A084,0,0,0,0,0,0
A096,A085,0,0,0,0,0,0
A096,A086,0,0,0,0,0,0
A096,A087,0,0,0,0,0,0
A096,A088,0,0,0,0,0,0
A096,A089,0,0,0,0,0,0
A096,A090,0,0,0,0,0,0
A096,A091,0,0,0,0,0,0
A096,A092,0,0,0,0,0,0
A096,A093,0,0,0,0,0,0
A096,A094,0,0,0,0,0,0
A096,A095,0,0,0,0,0,0
A096,A096,469,0,0,20,0,489
A096,A097,0,0,0,0,0,0
A096,A098,0,0,0,0,0,0
A096,A099,0,0,0,0,0,0
A096,A100,0,0,0,0,0,0
A096,A101,0,0,0,0,0,0
A096,A102,0,0,0,0,0,0
A096,A103,0,0,0,0,0,0
A096,A104,0,0,0,0,0,0
A096,A105,0,0,0,0,0,0
A096,A106,0,0,0,0,0,0
A096,A107,0,0,0,0,0,0
A096,A108,0,0,0,0,0,0
A096,A109,0,0,0,0,0,0
A096,A110,0,0,0,0,0,0
A096,A111,0,0,0,0,0,0
A096,A112,0,0,0,0,0,0
A096,A113,0,0,0,0,0,0
A096,A114,0,0,0,0,0,0
A096,A115,0,0,0,0,0,0
A096,A116,0,0,0,0,0,0
A096,A117,0,0,0,0,0,0
A096,A118,0,0,0,0,0,0
A096,A119,0,0,0,0,0,0
A096,A120,0,0,0,0,0,0
A097,A001,0,0,0,0,0,0
A097,A002,0,0,0,0,0,0
A097,A003,0,0,0,0,0,0
A097,A004,0,0,0,0,0,0
A097,A005,0,0,0,0,0,0
A097,A006,0,0,0,0,0,0
A097,A007,0,0,0,0,0,0
A097,A008,0,0,0,0,0,0
A097,A009,0,0,0,0,0,0
A097,A010,0,0,0,0,0,0
A097,A011,0,0,0,0,0,0
A097,A012,0,0,0,0,0,0
A097,A013,0,0,0,0,0,0
A097,A014,0,0,0,0,0,0
A097,A015,0,0,0,0,0,0
A097,A016,0,0,0,0,0,0
A097,A017,0,0,0,0,0,0
A097,A018,0,0,0,0,0,0
A097,A019,0,0,0,0,0,0
A097,A020,0,0,0,0,0,0
A097,A021,0,0,0,0,0,0
A097,A022,0,1,0,0,0,1
A097,A023,0,0,0,0,0,0
A097,A024,0,0,0,0,0,0
A097,A025,0,0,0,0,0,0
A097,A026,0,0,0,0,0,0
A097,A027,0,0,0,0,0,0
A097,A028,0,0,0,0,0,0
A097,A029,0,0,0,0,0,0
A097,A030,0,0,0,0,0,0
A097,A031,0,0,0,0,0,0
A097,A032,0,0,0,0,0,0
A097,A033,0,0,0,0,0,0
A097,A034,0,0,0,0,0,0
A097,A035,0,0,0,0,0,0
A097,A036,0,0,0,0,0,0
A097,A037,0,0,0,0,0,0
A097,A038,0,0,0,0,0,0
A097,A039,0,0,0,0,0,0
A097,A040,0,0,0,0,0,0
A097,A041,0,0,0,0,0,0
A097,A042,0,0,0,0,0,0
A097,A043,0,0,0,0,0,0
A097,A044,0,0,0,0,0,0
A097,A045,0,0,0,0,0,0
A097,A046,0,0,0,0,0,0
A097,A047,0,0,0,0,0,0
A097,A048,0,0,0,0,0,0
A097,A049,0,0,0,0,0,0
A097,A050,0,0,0,0,0,0
A097,A051,0,0,0,0,0,0
A097,A052,0,0,0,0,0,0
A097,A053,0,0,0,0,0,0
A097,A054,0,0,0,0,0,0
A097,A055,0,0,0,0,0,0
A097,A056,0,0,0,0,0,0
A097,A057,0,0,0,0,0,0
A097,A058,0,0,0,0,0,0
A097,A059,0,0,0,0,0,0
A097,A060,0,0,0,0,0,0
A097,A061,0,0,0,0,0,0
A097,A062,0,0,0,0,0,0
A097,A063,0,0,0,0,0,0
A097,A064,0,0,0,0,0,0
A097,A065,0,0,0,0,0,0
A097,A066,0,0,0,0,0,0
A097,A067,0,0,0,0,0,0
A097,A068,0,0,0,0,0,0
A097,A069,0,0,0,0,0,0
A097,A070,0,0,0,0,0,0
A097,A071,0,0,0,0,0,0
A097,A072,0,0,0,0,0,0
A097,A073,0,0,0,0,0,0
A097,A074,0,0,0,0,0,0
A097,A075,0,0,0,0,0,0
A097,A076,0,0,0,0,0,0
A097,A077,0,0,0,0,0,0
A097,A078,0,0,0,0,0,0
A097,A079,0,0,0,0,0,0
A097,A080,0,0,0,0,0,0
A097,A081,0,0,0,0,0,0
A097,A082,0,0,0,0,0,0
A097,A083,0,0,0,0,0,0
A097,A084,0,0,0,0,0,0
A097,A085,0,0,0,0,0,0
A097,A086,0,0,0,0,0,0
A097,A087,0,0,0,0,0,0
A097,A088,0,0,0,0,0,0
A097,A089,0,0,0,0,0,0
A097,A090,0,0,0,0,0,0
A097,A091,0,0,0,0,0,0
A097,A092,0,0,0,0,0,0
A097,A093,0,0,0,0,0,0
A097,A094,0,0,0,0,0,0
A097,A095,0,0,0,0,0,0
A097,A096,0,0,0,0,0,0
A097,A097,482,0,0,1,0,483
A097,A098,0,0,0,0,0,0
A097,A099,0,0,0,0,0,0
A097,A100,0,0,0,0,0,0
A097,A101,0,0,0,0,0,0
A097,A102,0,0,0,0,0,0
A097,A103,0,0,0,0,0,0
A097,A104,0,0,0,0,0,0
A097,A105,0,0,0,0,0,0
A097,A106,0,0,0,0,0,0
A097,A107,0,0,0,0,0,0
A097,A108,0,0,0,0,0,0
A097,A109,0,0,0,0,0,0
A097,A110,0,0,0,0,0,0
A097,A111,0,0,0,0,0,0
A097,A112,0,0,0,0,0,0
A097,A113,0,0,0,0,0,0
A097,A114,0,0,0,0,0,0
A097,A115,0,0,0,0,0,0
A097,A116,0,0,0,0,0,0
A097,A117,0,0,0,0,0,0
A097,A118,0,0,0,0,0,0
A097,A119,0,0,0,0,0,0
A097,A120,0,0,0,0,0,0
A098,A001,0,0,0,0,0,0
A098,A002,0,0,0,0,0,0
A098,A003,0,0,0,0,0,0
A098,A004,0,0,0,0,0,0
A098,A005,0,0,0,0,0,0
A098,A006,0,0,0,0,0,0
A098,A007,0,0,0,0,0,0
A098,A008,0,0,0,0,0,0
A098,A009,0,0,0,0,0,0
A098,A010,0,0,1,0,0,1
A098,A011,0,0,0,0,0,0
A098,A012,0,0,0,0,0,0
A098,A013,0,0,0,0,0,0
A098,A014,0,0,0,0,0,0
A098,A015,0,0,0,0,0,0
A098,A016,0,0,0,0,0,0
A098,A017,0,0,0,0,0,0
A098,A018,0,0,0,0,0,0
A098,A019,0,0,0,0,0,0
A098,A020,0,0,0,0,0,0
A098,A021,0,0,0,0,0,0
A098,A022,0,0,0,0,0,0
A098,A023,0,0,0,0,0,0
A098,A024,0,0,0,0,0,0
A098,A025,0,0,0,0,0,0
A098,A026,0,0,0,0,0,0
A098,A027,0,0,0,0,0,0
A098,A028,0,0,0,0,0,0
A098,A029,0,0,0,0,0,0
A098,A030,0,0,0,0,0,0
A098,A031,0,0,0,0,0,0
A098,A032,0,0,0,0,0,0
A098,A033,0,0,0,0,0,0
A098,A034,0,0,0,0,0,0
A098,A035,0,0,0,0,0,0
A098,A036,0,0,0,0,0,0
A098,A037,0,0,0,0,0,0
A098,A038,0,0,0,0,0,0
A098,A039,0,0,0,0,0,0
A098,A040,0,0,0,0,0,0
A098,A041,0,0,0,0,0,0
A098,A042,0,0,0,0,0,0
A098,A043,0,0,0,0,0,0
A098,A044,0,0,0,0,0,0
A098,A045,0,0,0,0,0,0
A098,A046,0,0,0,0,0,0
A098,A047,0,0,0,0,0,0
A098,A048,0,0,0,0,0,0
A098,A049,0,0,0,0,0,0
A098,A050,0,0,0,0,0,0
A098,A051,0,0,0,0,0,0
A098,A052,0,0,0,0,0,0
A098,A053,0,0,0,0,0,0
A098,A054,0,0,0,0,0,0
A098,A055,0,0,0,0,0,0
A098,A056,0,0,0,0,0,0
A098,A057,0,0,0,0,0,0
A098,A058,0,0,0,0,0,0
A098,A059,0,0,0,0,0,0
A098,A060,0,0,0,0,0,0
A098,A061,0,0,0,0,0,0
A098,A062,0,0,0,0,0,0
A098,A063,0,0,0,0,0,0
A098,A064,0,0,0,0,0,0
A098,A065,0,0,0,0,0,0
A098,A066,0,0,0,0,0,0
A098,A067,0,0,0,0,0,0
A098,A068,0,0,0,0,0,0
A098,A069,0,0,0,0,0,0
A098,A070,0,0,0,0,0,0
A098,A071,0,0,0,0,0,0
A098,A072,0,0,0,0,0,0
A098,A073,0,0,0,0,0,0
A098,A074,0,0,0,0,0,0
A098,A075,0,0,0,0,0,0
A098,A076,0,0,0,0,0,0
A098,A077,0,0,0,0,0,0
A098,A078,0,0,0,0,0,0
A098,A079,0,0,0,0,0,0
A098,A080,0,0,0,0,0,0
A098,A081,0,0,0,0,0,0
A098,A082,0,0,0,0,0,0
A098,A083,0,0,0,0,0,0
A098,A084,0,0,0,0,0,0
A098,A085,0,0,0,0,0,0
A098,A086,0,0,0,0,0,0
A098,A087,0,0,0,0,0,0
A098,A088,0,0,0,0,0,0
A098,A089,0,0,0,0,0,0
A098,A090,0,0,0,0,0,0
A098,A091,0,0,0,0,0,0
A098,A092,0,0,0,0,0,0
A098,A093,0,0,0,0,0,0
A098,A094,0,0,0,0,0,0
A098,A095,0,0,0,0,0,0
A098,A096,0,0,0,0,0,0
A098,A097,0,0,0,0,0,0
A098,A098,484,0,0,9,0,493
A098,A099,0,0,0,0,0,0
A098,A100,0,0,0,0,0,0
A098,A101,0,0,0,0,0,0
A098,A102,0,0,0,0,0,0
A098,A103,0,0,0,0,0,0
A098,A104,0,0,0,0,0,0
A098,A105,0,0,0,0,0,0
A098,A106,0,0,0,0,0,0
A098,A107,0,0,0,0,0,0
A098,A108,0,0,0,0,0,0
A098,A109,0,0,0,0,0,0
A098,A110,0,0,0,0,0,0
A098,A111,0,0,0,0,0,0
A098,A112,0,0,0,0,0,0
A098,A113,0,0,0,0,0,0
A098,A114,0,0,0,0,0,0
A098,A115,0,0,0,0,0,0
A098,A116,0,0,0,0,0,0
A098,A117,0,0,0,0,0,0
A098,A118,0,0,0,0,0,0
A098,A119,0,0,0,0,0,0
A098,A120,0,0,0,0,0,0
A099,A001,0,0,0,0,0,0
A099,A002,0,0,0,0,0,0
A099,A003,0,0,0,0,0,0
A099,A004,0,0,0,0,0,0
A099,A005,0,0,0,0,0,0
A099,A006,0,0,0,0,0,0
A099,A007,0,0,0,0,0,0
A099,A008,0,0,0,0,0,0
A099,A009,0,0,0,0,0,0
A099,A010,0,0,0,0,0,0
A099,A011,0,0,0,0,0,0
A099,A012,0,0,0,0,0,0
A099,A013,0,0,0,0,0,0
A099,A014,0,0,0,0,0,0
A099,A015,0,0,0,0,0,0
A099,A016,0,0,0,0,0,0
A099,A017,0,0,0,0,0,0
A099,A018,0,0,0,0,0,0
A099,A019,0,0,0,0,0,0
A099,A020,0,0,0,0,0,0
A099,A021,0,0,0,0,0,0
A099,A022,0,0,0,0,0,0
A099,A023,0,0,0,0,0,0
A099,A024,0,0,0,0,0,0
A099,A025,0,0,0,0,0,0
A099,A026,0,0,0,0,0,0
A099,A027,0,0,0,0,0,0
A099,A028,0,0,0,0,0,0
A099,A029,0,0,0,0,0,0
A099,A030,0,0,0,0,0,0
A099,A031,0,0,0,0,0,0
A099,A032,0,0,0,0,0,0
A099,A033,0,0,0,0,0,0
A099,A034,0,0,0,0,0,0
A099,A035,0,0,0,0,0,0
A099,A036,0,0,0,0,0,0
A099,A037,0,0,0,0,0,0
A099,A038,0,0,0,0,0,0
A099,A039,0,0,0,0,0,0
A099,A040,0,0,0,0,0,0
A099,A041,0,0,0,0,0,0
A099,A042,0,0,0,0,0,0
A099,A043,0,0,0,0,0,0
A099,A044,0,0,0,0,0,0
A099,A045,0,0,0,0,0,0
A099,A046,0,0,0,0,0,0
A099,A047,0,0,0,0,0,0
A099,A048,0,0,0,0,0,0
A099,A049,0,0,0,0,0,0
A099,A050,0,0,0,0,0,0
A099,A051,0,0,0,0,0,0
A099,A052,0,0,0,0,0,0
A099,A053,0,0,0,0,0,0
A099,A054,0,0,0,0,0,0
A099,A055,0,0,0,0,0,0
A099,A056,0,0,0,0,0,0
A099,A057,0,0,0,0,0,0
A099,A058,0,0,0,0,0,0
A099,A059,0,0,0,0,0,0
A099,A060,0,0,0,0,0,0
A099,A061,0,0,0,0,0,0
A099,A062,0,0,0,0,0,0
A099,A063,0,0,0,0,0,0
A099,A064,0,0,0,0,0,0
A099,A065,0,0,0,0,0,0
A099,A066,0,0,0,0,0,0
A099,A067,0,0,0,0,0,0
A099,A068,0,0,0,0,0,0
A099,A069,0,0,0,0,0,0
A099,A070,0,0,0,0,0,0
A099,A071,0,0,0,0,0,0
A099,A072,0,0,0,0,0,0
A099,A073,0,0,0,0,0,0
A099,A074,0,0,0,0,0,0
A099,A075,0,0,0,0,0,0
A099,A076,0,0,0,0,0,0
A099,A077,0,0,0,0,0,0
A099,A078,0,0,0,0,0,0
A099,A079,0,0,0,0,0,0
A099,A080,0,0,0,0,0,0
A099,A081,0,0,0,0,0,0
A099,A082,0,0,0,0,0,0
A099,A083,0,0,0,0,0,0
A099,A084,0,0,0,0,0,0
A099,A085,0,0,0,0,0,0
A099,A086,0,0,0,0,0,0
A099,A087,0,0,0,0,0,0
A099,A088,0,0,0,0,0,0
A099,A089,0,0,0,0,0,0
A099,A090,0,0,0,0,0,0
A099,A091,0,0,0,0,0,0
A099,A092,0,0,0,0,0,0
A099,A093,0,0,0,0,0,0
A099,A094,0,0,0,0,0,0
A099,A095,0,0,0,0,0,0
A099,A096,0,0,0,0,0,0
A099,A097,0,0,0,0,0,0
A099,A098,0,0,0,0,0,0
A099,A099,472,0,0,0,0,472
A099,A100,0,0,0,0,0,0
A099,A101,0,0,0,0,0,0
A099,A102,0,0,0,0,0,0
A099,A103,0,0,0,0,0,0
A099,A104,0,0,0,0,0,0
A099,A105,0,0,0,0,0,0
A099,A106,0,0,0,0,0,0
A099,A107,0,0,0,0,0,0
A099,A108,0,0,0,0,0,0
A099,A109,0,0,0,0,0,0
A099,A110,0,0,0,0,0,0
A099,A111,0,0,0,0,0,0
A099,A112,0,0,0,0,0,0
A099,A113,0,0,0,0,0,0
A099,A114,0,0,0,0,0,0
A099,A115,0,0,0,0,0,0
A099,A116,0,0,0,0,0,0
A099,A117,0,0,0,0,0,0
A099,A118,0,0,0,0,0,0
A099,A119,0,0,0,0,0,0
A099,A120,0,0,0,0,0,0
A100,A001,0,0,0,0,0,0
A100,A002,0,0,0,0,0,0
A100,A003,0,0,0,0,0,0
A100,A004,0,0,0,0,0,0
A100,A005,0,0,0,0,0,0
A100,A006,0,0,0,0,0,0
A100,A007,0,0,0,0,0,0
A100,A008,0,0,0,0,0,0
A100,A009,0,0,0,0,0,0
A100,A010,0,0,0,0,0,0
A100,A011,0,0,0,0,0,0
A100,A012,0,0,0,0,0,0
A100,A013,0,0,0,0,0,0
A100,A014,0,0,0,0,0,0
A100,A015,0,0,0,0,0,0
A100,A016,0,0,0,0,0,0
A100,A017,0,0,0,0,0,0
A100,A018,0,0,0,0,0,0
A100,A019,0,0,0,0,0,0
A100,A020,0,0,0,0,0,0
A100,A021,0,0,0,0,0,0
A100,A022,0,0,0,0,0,0
A100,A023,0,0,0,0,0,0
A100,A024,0,0,1,0,0,1
A100,A025,0,0,0,0,0,0
A100,A026,0,0,0,0,0,0
A100,A027,0,0,0,0,0,0
A100,A028,0,0,0,0,0,0
A100,A029,0,0,0,0,0,0
A100,A030,0,0,0,0,0,0
A100,A031,0,0,0,0,0,0
A100,A032,0,0,0,0,0,0
A100,A033,0,0,0,0,0,0
A100,A034,0,0,0,0,0,0
A100,A035,0,0,0,0,0,0
A100,A036,0,0,0,0,0,0
A100,A037,0,0,0,0,0,0
A100,A038,0,0,0,0,0,0
A100,A039,0,0,0,0,0,0
A100,A040,0,0,0,0,0,0
A100,A041,0,0,0,0,0,0
A100,A042,0,0,0,0,0,0
A100,A043,0,0,0,0,0,0
A100,A044,0,0,0,0,0,0
A100,A045,0,0,0,0,0,0
A100,A046,0,0,0,0,0,0
A100,A047,0,0,0,0,0,0
A100,A048,0,0,0,0,0,0
A100,A049,0,0,0,0,0,0
A100,A050,0,0,0,0,0,0
A100,A051,0,0,0,0,0,0
A100,A052,0,0,0,0,0,0
A100,A053,0,0,0,0,0,0
A100,A054,0,0,0,0,0,0
A100,A055,0,0,0,0,0,0
A100,A056,0,0,0,0,0,0
A100,A057,0,0,0,0,0,0
A100,A058,0,0,0,0,0,0
A100,A059,0,0,0,0,0,0
A100,A060,0,0,0,0,0,0
A100,A061,0,0,0,0,0,0
A100,A062,0,0,0,0,0,0
A100,A063,0,0,0,0,0,0
A100,A064,0,0,0,0,0,0
A100,A065,0,0,0,0,0,0
A100,A066,0,0,0,0,0,0
A100,A067,0,0,0,0,0,0
A100,A068,0,0,0,0,0,0
A100,A069,0,0,0,0,0,0
A100,A070,0,0,0,0,0,0
A100,A071,0,0,0,0,0,0
A100,A072,0,0,0,0,0,0
A100,A073,0,0,0,0,0,0
A100,A074,0,0,0,0,0,0
A100,A075,0,0,0,0,0,0
A100,A076,0,0,0,0,0,0
A100,A077,0,0,0,0,0,0
A100,A078,0,0,0,0,0,0
A100,A079,0,0,0,0,0,0
A100,A080,0,0,0,0,0,0
A100,A081,0,0,0,0,0,0
A100,A082,0,0,0,0,0,0
A100,A083,0,0,0,0,0,0
A100,A084,0,0,0,0,0,0
A100,A085,0,0,0,0,0,0
A100,A086,0,0,0,0,0,0
A100,A087,0,0,0,0,0,0
A100,A088,0,0,0,0,0,0
A100,A089,0,0,0,0,0,0
A100,A090,0,0,0,0,0,0
A100,A091,0,0,0,0,0,0
A100,A092,0,0,0,0,0,0
A100,A093,0,0,0,0,0,0
A100,A094,0,0,0,0,0,0
A100,A095,0,0,0,0,0,0
A100,A096,0,0,0,0,0,0
A100,A097,0,0,0,0,0,0
A100,A098,0,0,0,0,0,0
A100,A099,0,0,0,0,0,0
A100,A100,483,0,0,7,0,490
A100,A101,0,0,0,0,0,0
A100,A102,0,0,0,0,0,0
A100,A103,0,0,0,0,0,0
A100,A104,0,0,0,0,0,0
A100,A105,0,0,0,0,0,0
A100,A106,0,0,0,0,0,0
A100,A107,0,0,0,0,0,0
A100,A108,0,0,0,0,0,0
A100,A109,0,0,0,0,0,0
A100,A110,0,0,0,0,0,0
A100,A111,0,0,0,0,0,0
A100,A112,0,0,0,0,0,0
A100,A113,0,0,0,0,0,0
A100,A114,0,0,0,0,0,0
A100,A115,0,0,0,0,0,0
A100,A116,0,0,0,0,0,0
A100,A117,0,0,0,0,0,0
A100,A118,0,0,0,0,0,0
A100,A119,0,0,0,0,0,0
A100,A120,0,0,0,0,0,0
A101,A001,0,0,0,0,0,0
A101,A002,0,0,0,0,0,0
A101,A003,0,0,0,0,0,0
A101,A004,0,0,0,0,0,0
A101,A005,0,0,0,0,0,0
A101,A006,0,0,0,0,0,0
A101,A007,0,0,0,0,0,0
A101,A008,0,0,0,0,0,0
A101,A009,0,0,0,0,0,0
A101,A010,0,0,0,0,0,0
A101,A011,0,0,0,0,0,0
A101,A012,0,0,0,0,0,0
A101,A013,0,0,0,0,0,0
A101,A014,0,0,0,0,4,4
A101,A015,0,0,0,0,0,0
A101,A016,0,0,0,0,0,0
A101,A017,0,0,0,0,0,0
A101,A018,0,0,0,0,0,0
A101,A019,0,0,0,0,0,0
A101,A020,0,0,0,0,0,0
A101,A021,0,0,0,0,0,0
A101,A022,0,0,0,0,0,0
A101,A023,0,0,0,0,0,0
A101,A024,0,0,0,0,0,0
A101,A025,0,0,0,0,0,0
A101,A026,0,0,0,0,0,0
A101,A027,0,0,0,0,0,0
A101,A028,0,0,0,0,0,0
A101,A029,0,0,0,0,0,0
A101,A030,0,0,0,0,0,0
A101,A031,0,0,0,0,0,0
A101,A032,0,0,0,0,0,0
A101,A033,0,0,0,0,0,0
A101,A034,0,0,0,0,0,0
A101,A035,0,0,0,0,0,0
A101,A036,0,0,0,0,0,0
A101,A037,0,0,0,0,0,0
A101,A038,0,0,0,0,0,0
A101,A039,0,0,0,0,0,0
A101,A040,0,0,0,0,0,0
A101,A041,0,0,0,0,0,0
A101,A042,0,0,1,0,0,1
A101,A043,0,0,0,0,0,0
A101,A044,0,0,0,0,0,0
A101,A045,0,0,0,0,0,0
A101,A046,0,0,0,0,0,0
A101,A047,0,0,0,0,0,0
A101,A048,0,0,0,0,0,0
A101,A049,0,0,0,0,0,0
A101,A050,0,0,0,0,0,0
A101,A051,0,0,0,0,0,0
A101,A052,0,0,0,0,0,0
A101,A053,0,0,0,0,0,0
A101,A054,0,0,0,0,0,0
A101,A055,0,0,0,0,0,0
A101,A056,0,0,0,0,0,0
A101,A057,0,0,0,0,0,0
A101,A058,0,0,0,0,0,0
A101,A059,0,0,0,0,0,0
A101,A060,0,0,0,0,0,0
A101,A061,0,0,0,0,0,0
A101,A062,0,0,0,0,0,0
A101,A063,0,0,0,0,0,0
A101,A064,0,0,0,0,0,0
A101,A065,0,0,0,0,0,0
A101,A066,0,0,0,0,0,0
A101,A067,0,0,0,0,0,0
A101,A068,0,0,0,0,0,0
A101,A069,0,0,0,0,0,0
A101,A070,0,0,0,0,0,0
A101,A071,0,0,0,0,0,0
A101,A072,0,0,0,0,0,0
A101,A073,0,0,0,0,0,0
A101,A074,0,0,0,0,0,0
A101,A075,0,0,0,0,0,0
A101,A076,0,0,0,0,0,0
A101,A077,0,0,0,0,0,0
A101,A078,0,0,0,0,0,0
A101,A079,0,0,0,0,0,0
A101,A080,0,0,0,0,0,0
A101,A081,0,0,0,0,0,0
A101,A082,0,0,0,0,0,0
A101,A083,0,0,0,0,0,0
A101,A084,0,0,0,0,0,0
A101,A085,0,0,0,0,0,0
A101,A086,0,0,0,0,0,0
A101,A087,0,0,0,0,0,0
A101,A088,0,0,0,0,0,0
A101,A089,0,0,0,0,0,0
A101,A090,0,0,0,0,0,0
A101,A091,0,0,0,0,0,0
A101,A092,0,0,0,0,0,0
A101,A093,0,0,0,0,0,0
A101,A094,0,0,0,0,0,0
A101,A095,0,0,0,0,0,0
A101,A096,0,0,0,0,0,0
A101,A097,0,0,0,0,0,0
A101,A098,0,0,0,0,0,0
A101,A099,0,0,0,0,0,0
A101,A100,0,0,0,0,0,0
A101,A101,489,0,0,14,0,503
A101,A102,0,0,0,0,0,0
A101,A103,0,0,0,0,0,0
A101,A104,0,0,0,0,0,0
A101,A105,0,0,0,0,0,0
A101,A106,0,0,0,0,0,0
A101,A107,0,0,0,0,0,0
A101,A108,0,0,0,0,0,0
A101,A109,0,0,0,0,0,0
A101,A110,0,0,0,0,0,0
A101,A111,0,0,0,0,0,0
A101,A112,0,0,0,0,0,0
A101,A113,0,0,0,0,0,0
A101,A114,0,0,0,0,0,0
A101,A115,0,0,0,0,0,0
A101,A116,0,0,0,0,0,0
A101,A117,0,0,0,0,0,0
A101,A118,0,0,0,0,0,0
A101,A119,0,0,0,0,0,0
A101,A120,0,0,0,0,0,0
A102,A001,0,0,0,0,0,0
A102,A002,0,0,0,0,0,0
A102,A003,0,0,0,0,0,0
A102,A004,0,0,0,0,0,0
A102,A005,0,0,1,0,0,1
A102,A006,0,0,0,0,0,0
A102,A007,0,0,0,0,0,0
A102,A008,0,0,0,0,0,0
A102,A009,0,0,0,0,0,0
A102,A010,0,0,0,0,0,0
A102,A011,0,0,0,0,0,0
A102,A012,0,0,0,0,0,0
A102,A013,0,0,0,0,0,0
A102,A014,0,0,0,0,0,0
A102,A015,0,0,0,0,0,0
A102,A016,0,0,0,0,0,0
A102,A017,0,0,0,0,0,0
A102,A018,0,0,0,0,0,0
A102,A019,0,0,0,0,0,0
A102,A020,0,0,0,0,0,0
A102,A021,0,0,0,0,0,0
A102,A022,0,0,0,0,0,0
A102,A023,0,0,0,0,0,0
A102,A024,0,0,2,0,0,2
A102,A025,0,0,0,0,0,0
A102,A026,0,0,0,0,0,0
A102,A027,0,0,0,0,0,0
A102,A028,0,0,0,0,0,0
A102,A029,0,0,0,0,0,0
A102,A030,0,0,0,0,0,0
A102,A031,0,0,0,0,0,0
A102,A032,0,0,0,0,0,0
A102,A033,0,0,0,0,0,0
A102,A034,0,0,0,0,0,0
A102,A035,0,0,0,0,0,0
A102,A036,0,0,0,0,0,0
A102,A037,0,0,0,0,0,0
A102,A038,0,0,0,0,0,0
A102,A039,0,0,0,0,0,0
A102,A040,0,0,0,0,0,0
A102,A041,0,0,0,0,0,0
A102,A042,0,0,0,0,0,0
A102,A043,0,0,0,0,0,0
A102,A044,0,0,0,0,0,0
A102,A045,0,1,0,0,0,1
A102,A046,0,0,0,0,0,0
A102,A047,0,0,0,0,0,0
A102,A048,0,0,0,0,0,0
A102,A049,0,0,0,0,0,0
A102,A050,0,0,0,0,0,0
A102,A051,0,0,0,0,0,0
A102,A052,0,0,0,0,0,0
A102,A053,0,0,0,0,0,0
A102,A054,0,0,0,0,0,0
A102,A055,0,0,0,0,0,0
A102,A056,0,0,0,0,0,0
A102,A057,0,0,0,0,0,0
A102,A058,0,0,0,0,0,0
A102,A059,0,0,0,0,0,0
A102,A060,0,0,0,0,0,0
A102,A061,0,0,0,0,0,0
A102,A062,0,0,0,0,0,0
A102,A063,0,0,0,0,0,0
A102,A064,0,0,0,0,0,0
A102,A065,0,0,0,0,0,0
A102,A066,0,0,0,0,0,0
A102,A067,0,0,0,0,0,0
A102,A068,0,0,0,0,0,0
A102,A069,0,0,0,0,0,0
A102,A070,0,0,0,0,0,0
A102,A071,0,0,0,0,0,0
A102,A072,0,0,0,0,0,0
A102,A073,0,0,0,0,0,0
A102,A074,0,0,0,0,0,0
A102,A075,0,0,0,0,0,0
A102,A076,0,0,0,0,0,0
A102,A077,0,0,0,0,0,0
A102,A078,0,0,0,0,0,0
A102,A079,0,0,0,0,0,0
A102,A080,0,0,0,0,0,0
A102,A081,0,0,0,0,0,0
A102,A082,0,0,0,0,0,0
A102,A083,0,0,0,0,0,0
A102,A084,0,0,0,0,0,0
A102,A085,0,0,0,0,0,0
A102,A086,0,0,0,0,0,0
A102,A087,0,0,0,0,0,0
A102,A088,0,0,0,0,0,0
A102,A089,0,0,0,0,0,0
A102,A090,0,0,0,0,0,0
A102,A091,0,0,0,0,0,0
A102,A092,0,0,0,0,0,0
A102,A093,0,0,0,0,0,0
A102,A094,0,0,0,0,0,0
A102,A095,0,0,0,0,0,0
A102,A096,0,0,0,0,0,0
A102,A097,0,0,0,0,0,0
A102,A098,0,0,0,0,0,0
A102,A099,0,0,0,0,0,0
A102,A100,0,0,0,0,0,0
A102,A101,0,0,0,0,0,0
A102,A102,469,0,0,20,0,489
A102,A103,0,0,0,0,0,0
A102,A104,0,0,0,0,0,0
A102,A105,0,0,0,0,0,0
A102,A106,0,0,0,0,0,0
A102,A107,0,0,0,0,0,0
A102,A108,0,0,0,0,0,0
A102,A109,0,0,1,0,0,1
A102,A110,0,0,0,0,0,0
A102,A111,0,1,0,0,0,1
A102,A112,0,0,0,0,0,0
A102,A113,0,0,0,0,0,0
A102,A114,0,0,0,0,0,0
A102,A115,0,0,0,0,0,0
A102,A116,0,0,0,0,0,0
A102,A117,0,0,0,0,0,0
A102,A118,0,0,0,0,0,0
A102,A119,0,0,0,0,0,0
A102,A120,0,0,0,0,0,0
A103,A001,0,0,0,0,1,1
A103,A002,0,1,0,0,0,1
A103,A003,0,0,0,0,0,0
A103,A004,0,0,0,0,0,0
A103,A005,0,0,0,0,0,0
A103,A006,0,0,0,0,0,0
A103,A007,0,0,0,0,0,0
A103,A008,0,0,0,0,0,0
A103,A009,0,0,0,0,0,0
A103,A010,0,0,0,0,0,0
A103,A011,0,0,0,0,0,0
A103,A012,0,0,0,0,0,0
A103,A013,0,0,0,0,0,0
A103,A014,0,0,0,0,0,0
A103,A015,0,0,0,0,0,0
A103,A016,0,0,0,0,0,0
A103,A017,0,0,0,0,0,0
A103,A018,0,0,0,0,0,0
A103,A019,0,0,0,0,0,0
A103,A020,0,0,0,0,0,0
A103,A021,0,0,0,0,0,0
A103,A022,0,0,0,0,0,0
A103,A023,0,0,0,0,0,0
A103,A024,0,0,0,0,0,0
A103,A025,0,0,0,0,0,0
A103,A026,0,0,0,0,0,0
A103,A027,0,0,0,0,0,0
A103,A028,0,0,1,0,0,1
A103,A029,0,0,0,0,0,0
A103,A030,0,0,0,0,0,0
A103,A031,0,0,0,0,0,0
A103,A032,0,0,0,0,0,0
A103,A033,0,0,0,0,0,0
A103,A034,0,0,0,0,0,0
A103,A035,0,0,0,0,0,0
A103,A036,0,0,0,0,0,0
A103,A037,0,0,0,0,1,1
A103,A038,0,0,2,0,1,3
A103,A039,0,0,0,0,0,0
A103,A040,0,0,0,0,0,0
A103,A041,0,0,0,0,0,0
A103,A042,0,0,0,0,0,0
A103,A043,0,0,0,0,0,0
A103,A044,0,0,1,0,1,2
A103,A045,0,0,0,0,0,0
A103,A046,0,0,0,0,0,0
A103,A047,0,0,2,0,0,2
A103,A048,0,0,0,0,0,0
A103,A049,0,0,0,0,0,0
A103,A050,0,0,0,0,0,0
A103,A051,0,0,0,0,0,0
A103,A052,0,0,0,0,0,0
A103,A053,0,0,0,0,0,0
A103,A054,0,0,0,0,0,0
A103,A055,0,0,0,0,0,0
A103,A056,0,0,0,0,0,0
A103,A057,0,0,0,0,0,0
A103,A058,0,0,0,0,0,0
A103,A059,0,0,0,0,0,0
A103,A060,0,0,0,0,0,0
A103,A061,0,0,0,0,0,0
A103,A062,0,0,0,0,0,0
A103,A063,0,0,0,0,0,0
A103,A064,0,0,0,0,0,0
A103,A065,0,0,0,0,0,0
A103,A066,0,0,0,0,0,0
A103,A067,0,4,1,0,4,9
A103,A068,0,1,1,0,1,3
A103,A069,0,1,0,0,0,1
A103,A070,0,1,0,0,1,2
A103,A071,0,0,0,0,0,0
A103,A072,0,0,0,0,0,0
A103,A073,0,0,0,0,0,0
A103,A074,0,0,0,0,0,0
A103,A075,0,0,0,0,0,0
A103,A076,0,0,0,0,0,0
A103,A077,0,0,0,0,0,0
A103,A078,0,0,0,0,0,0
A103,A079,0,0,0,0,2,2
A103,A080,0,0,0,0,0,0
A103,A081,0,0,0,0,1,1
A103,A082,0,0,0,0,0,0
A103,A083,0,0,0,0,0,0
A103,A084,0,0,0,0,0,0
A103,A085,0,0,0,0,0,0
A103,A086,0,0,0,0,0,0
A103,A087,0,0,0,0,0,0
A103,A088,0,0,0,0,0,0
A103,A089,0,0,0,0,0,0
A103,A090,0,0,0,0,0,0
A103,A091,0,0,0,0,0,0
A103,A092,0,0,0,0,0,0
A103,A093,0,2,0,0,0,2
A103,A094,0,0,0,0,0,0
A103,A095,0,0,0,0,0,0
A103,A096,0,0,0,0,0,0
A103,A097,0,0,0,0,0,0
A103,A098,0,0,0,0,0,0
A103,A099,0,0,0,0,0,0
A103,A100,0,0,0,0,0,0
A103,A101,0,0,0,0,0,0
A103,A102,0,0,0,0,1,1
A103,A103,346,0,0,88,0,434
A103,A104,0,0,0,0,0,0
A103,A105,0,2,4,0,3,9
A103,A106,0,0,0,0,0,0
A103,A107,0,0,0,0,0,0
A103,A108,0,0,0,0,0,0
A103,A109,0,0,0,0,0,0
A103,A110,0,0,0,0,0,0
A103,A111,0,0,0,0,0,0
A103,A112,0,0,0,0,0,0
A103,A113,0,0,0,0,0,0
A103,A114,0,0,0,0,0,0
A103,A115,0,0,0,0,0,0
A103,A116,0,0,0,0,0,0
A103,A117,0,0,0,0,0,0
A103,A118,0,0,0,0,0,0
A103,A119,0,0,0,0,0,0
A103,A120,0,0,0,0,0,0
A104,A001,0,0,0,0,0,0
A104,A002,0,0,0,0,0,0
A104,A003,0,0,0,0,0,0
A104,A004,0,0,0,0,0,0
A104,A005,0,0,0,0,0,0
A104,A006,0,0,0,0,0,0
A104,A007,0,0,0,0,0,0
A104,A008,0,0,0,0,0,0
A104,A009,0,0,0,0,0,0
A104,A010,0,0,0,0,0,0
A104,A011,0,0,0,0,0,0
A104,A012,0,0,0,0,0,0
A104,A013,0,0,0,0,0,0
A104,A014,0,0,0,0,0,0
A104,A015,0,0,0,0,0,0
A104,A016,0,0,0,0,0,0
A104,A017,0,0,0,0,0,0
A104,A018,0,0,0,0,0,0
A104,A019,0,0,0,0,0,0
A104,A020,0,0,0,0,0,0
A104,A021,0,0,0,0,0,0
A104,A022,0,1,0,0,0,1
A104,A023,0,0,0,0,0,0
A104,A024,0,0,0,0,0,0
A104,A025,0,0,0,0,0,0
A104,A026,0,0,0,0,0,0
A104,A027,0,0,0,0,0,0
A104,A028,0,0,0,0,0,0
A104,A029,0,0,0,0,0,0
A104,A030,0,0,0,0,0,0
A104,A031,0,0,0,0,0,0
A104,A032,0,0,0,0,0,0
A104,A033,0,0,0,0,0,0
A104,A034,0,0,0,0,0,0
A104,A035,0,0,0,0,0,0
A104,A036,0,0,0,0,0,0
A104,A037,0,0,0,0,0,0
A104,A038,0,0,0,0,0,0
A104,A039,0,0,0,0,0,0
A104,A040,0,0,0,0,0,0
A104,A041,0,0,0,0,0,0
A104,A042,0,0,0,0,0,0
A104,A043,0,0,0,0,0,0
A104,A044,0,0,0,0,0,0
A104,A045,0,0,0,0,0,0
A104,A046,0,0,0,0,0,0
A104,A047,0,0,0,0,0,0
A104,A048,0,0,0,0,0,0
A104,A049,0,0,0,0,0,0
A104,A050,0,0,0,0,0,0
A104,A051,0,0,0,0,0,0
A104,A052,0,0,0,0,0,0
A104,A053,0,0,0,0,0,0
A104,A054,0,0,0,0,0,0
A104,A055,0,0,0,0,0,0
A104,A056,0,0,0,0,0,0
A104,A057,0,0,0,0,0,0
A104,A058,0,0,0,0,0,0
A104,A059,0,0,0,0,0,0
A104,A060,0,0,0,0,0,0
A104,A061,0,0,0,0,0,0
A104,A062,0,0,0,0,0,0
A104,A063,0,0,0,0,0,0
A104,A064,0,0,0,0,0,0
A104,A065,0,0,0,0,0,0
A104,A066,0,0,0,0,0,0
A104,A067,0,0,0,0,0,0
A104,A068,0,1,0,0,0,1
A104,A069,0,0,0,0,0,0
A104,A070,0,0,0,0,0,0
A104,A071,0,0,0,0,0,0
A104,A072,0,0,0,0,0,0
A104,A073,0,0,0,0,0,0
A104,A074,0,0,0,0,0,0
A104,A075,0,0,0,0,0,0
A104,A076,0,0,0,0,0,0
A104,A077,0,0,0,0,0,0
A104,A078,0,0,0,0,0,0
A104,A079,0,0,0,0,0,0
A104,A080,0,0,0,0,0,0
A104,A081,0,0,0,0,0,0
A104,A082,0,0,0,0,0,0
A104,A083,0,0,0,0,0,0
A104,A084,0,0,0,0,0,0
A104,A085,0,0,0,0,0,0
A104,A086,0,0,0,0,0,0
A104,A087,0,0,0,0,0,0
A104,A088,0,0,0,0,0,0
A104,A089,0,0,0,0,0,0
A104,A090,0,1,0,0,0,1
A104,A091,0,0,0,0,0,0
A104,A092,0,0,0,0,0,0
A104,A093,0,0,0,0,0,0
A104,A094,0,0,1,0,0,1
A104,A095,0,1,0,0,0,1
A104,A096,0,0,0,0,0,0
A104,A097,0,1,0,0,0,1
A104,A098,0,0,0,0,0,0
A104,A099,0,0,0,0,0,0
A104,A100,0,0,0,0,0,0
A104,A101,0,0,0,0,0,0
A104,A102,0,0,0,0,0,0
A104,A103,0,0,0,0,0,0
A104,A104,437,0,0,6,0,443
A104,A105,0,0,0,0,0,0
A104,A106,0,0,0,0,0,0
A104,A107,0,0,0,0,0,0
A104,A108,0,0,0,0,0,0
A104,A109,0,0,0,0,0,0
A104,A110,0,0,0,0,0,0
A104,A111,0,0,0,0,0,0
A104,A112,0,0,0,0,0,0
A104,A113,0,0,0,0,0,0
A104,A114,0,0,0,0,0,0
A104,A115,0,0,0,0,0,0
A104,A116,0,0,0,0,0,0
A104,A117,0,0,0,0,0,0
A104,A118,0,0,0,0,0,0
A104,A119,0,0,0,0,0,0
A104,A120,0,0,0,0,0,0
A105,A001,0,0,0,0,0,0
A105,A002,0,0,0,0,0,0
A105,A003,0,0,1,0,1,2
A105,A004,0,0,0,0,0,0
A105,A005,0,0,0,0,0,0
A105,A006,0,0,0,0,0,0
A105,A007,0,0,0,0,0,0
A105,A008,0,0,0,0,0,0
A105,A009,0,0,0,0,0,0
A105,A010,0,0,0,0,0,0
A105,A011,0,0,0,0,0,0
A105,A012,0,0,0,0,0,0
A105,A013,0,0,0,0,0,0
A105,A014,0,0,0,0,0,0
A105,A015,0,0,0,0,0,0
A105,A016,0,0,0,0,0,0
A105,A017,0,0,0,0,0,0
A105,A018,0,0,0,0,0,0
A105,A019,0,0,0,0,0,0
A105,A020,0,0,0,0,0,0
A105,A021,0,0,0,0,0,0
A105,A022,0,0,0,0,0,0
A105,A023,0,0,0,0,0,0
A105,A024,0,0,0,0,0,0
A105,A025,0,0,0,0,0,0
A105,A026,0,0,0,0,0,0
A105,A027,0,0,0,0,0,0
A105,A028,0,0,1,0,0,1
A105,A029,0,0,0,0,0,0
A105,A030,0,0,0,0,0,0
A105,A031,0,0,0,0,0,0
A105,A032,0,0,0,0,0,0
A105,A033,0,0,0,0,0,0
A105,A034,0,0,0,0,0,0
A105,A035,0,0,0,0,0,0
A105,A036,0,0,0,0,0,0
A105,A037,0,0,0,0,0,0
A105,A038,0,0,0,0,0,0
A105,A039,0,0,0,0,0,0
A105,A040,0,0,0,0,0,0
A105,A041,0,1,4,0,0,5
A105,A042,0,0,0,0,0,0
A105,A043,0,0,0,0,0,0
A105,A044,0,0,1,0,1,2
A105,A045,0,0,0,0,0,0
A105,A046,0,0,0,0,0,0
A105,A047,0,1,0,0,0,1
A105,A048,0,0,0,0,0,0
A105,A049,0,0,0,0,0,0
A105,A050,0,0,0,0,0,0
A105,A051,0,0,0,0,0,0
A105,A052,0,0,0,0,0,0
A105,A053,0,0,1,0,0,1
A105,A054,0,0,0,0,0,0
A105,A055,0,0,0,0,0,0
A105,A056,0,0,0,0,0,0
A105,A057,0,0,0,0,0,0
A105,A058,0,0,0,0,0,0
A105,A059,0,0,0,0,0,0
A105,A060,0,0,0,0,0,0
A105,A061,0,0,0,0,0,0
A105,A062,0,0,0,0,1,1
A105,A063,0,0,0,0,0,0
A105,A064,0,0,0,0,0,0
A105,A065,0,0,0,0,0,0
A105,A066,0,0,0,0,0,0
A105,A067,0,7,2,0,3,12
A105,A068,0,1,0,0,0,1
A105,A069,0,0,0,0,0,0
A105,A070,0,0,0,0,0,0
A105,A071,0,0,0,0,0,0
A105,A072,0,0,0,0,0,0
A105,A073,0,0,0,0,0,0
A105,A074,0,0,0,0,0,0
A105,A075,0,0,0,0,0,0
A105,A076,0,0,0,0,0,0
A105,A077,0,0,0,0,0,0
A105,A078,0,0,0,0,0,0
A105,A079,0,0,0,0,1,1
A105,A080,0,0,0,0,0,0
A105,A081,0,0,0,0,0,0
A105,A082,0,0,0,0,0,0
A105,A083,0,0,0,0,0,0
A105,A084,0,0,0,0,0,0
A105,A085,0,0,0,0,0,0
A105,A086,0,0,0,0,0,0
A105,A087,0,0,0,0,0,0
A105,A088,0,0,0,0,0,0
A105,A089,0,0,0,0,0,0
A105,A090,0,0,0,0,0,0
A105,A091,0,0,0,0,0,0
A105,A092,0,0,0,0,0,0
A105,A093,0,1,1,0,0,2
A105,A094,0,1,0,0,0,1
A105,A095,0,0,0,0,0,0
A105,A096,0,1,0,0,0,1
A105,A097,0,0,0,0,0,0
A105,A098,0,0,0,0,0,0
A105,A099,0,0,0,0,0,0
A105,A100,0,0,0,0,0,0
A105,A101,0,0,0,0,0,0
A105,A102,0,0,0,0,0,0
A105,A103,0,1,7,0,1,9
A105,A104,0,0,0,0,0,0
A105,A105,364,0,0,140,0,504
A105,A106,0,0,0,0,0,0
A105,A107,0,0,0,0,0,0
A105,A108,0,0,0,0,0,0
A105,A109,0,0,0,0,0,0
A105,A110,0,0,0,0,1,1
A105,A111,0,0,0,0,1,1
A105,A112,0,0,0,0,0,0
A105,A113,0,0,0,0,0,0
A105,A114,0,0,0,0,0,0
A105,A115,0,0,0,0,0,0
A105,A116,0,0,0,0,0,0
A105,A117,0,0,0,0,0,0
A105,A118,0,0,0,0,0,0
A105,A119,0,0,0,0,0,0
A105,A120,0,0,0,0,0,0
A106,A001,0,0,0,0,0,0
A106,A002,0,0,0,0,0,0
A106,A003,0,0,0,0,0,0
A106,A004,0,0,0,0,0,0
A106,A005,0,0,0,0,0,0
A106,A006,0,0,0,0,0,0
A106,A007,0,0,0,0,1,1
A106,A008,0,0,0,0,0,0
A106,A009,0,0,0,0,0,0
A106,A010,0,0,0,0,0,0
A106,A011,0,0,0,0,0,0
A106,A012,0,0,0,0,0,0
A106,A013,0,0,0,0,0,0
A106,A014,0,0,0,0,0,0
A106,A015,0,0,0,0,0,0
A106,A016,0,0,0,0,0,0
A106,A017,0,0,0,0,0,0
A106,A018,0,0,0,0,0,0
A106,A019,0,0,0,0,0,0
A106,A020,0,0,0,0,0,0
A106,A021,0,0,0,0,0,0
A106,A022,0,0,0,0,0,0
A106,A023,0,0,0,0,0,0
A106,A024,0,0,0,0,0,0
A106,A025,0,0,0,0,0,0
A106,A026,0,0,0,0,0,0
A106,A027,0,0,0,0,0,0
A106,A028,0,0,0,0,0,0
A106,A029,0,0,0,0,0,0
A106,A030,0,0,0,0,0,0
A106,A031,0,0,0,0,0,0
A106,A032,0,0,0,0,0,0
A106,A033,0,0,0,0,0,0
A106,A034,0,0,0,0,0,0
A106,A035,0,0,0,0,0,0
A106,A036,0,0,0,0,1,1
A106,A037,0,0,0,0,0,0
A106,A038,0,0,0,0,0,0
A106,A039,0,0,0,0,0,0
A106,A040,0,0,0,0,0,0
A106,A041,0,0,0,0,0,0
A106,A042,0,0,0,0,0,0
A106,A043,0,0,0,0,0,0
A106,A044,0,0,0,0,0,0
A106,A045,0,0,0,0,0,0
A106,A046,0,0,0,0,0,0
A106,A047,0,0,0,0,0,0
A106,A048,0,0,0,0,0,0
A106,A049,0,0,0,0,0,0
A106,A050,0,0,0,0,2,2
A106,A051,0,0,0,0,0,0
A106,A052,0,1,0,0,0,1
A106,A053,0,0,0,0,0,0
A106,A054,0,1,0,0,0,1
A106,A055,0,0,0,0,0,0
A106,A056,0,0,0,0,0,0
A106,A057,0,0,0,0,0,0
A106,A058,0,0,0,0,0,0
A106,A059,0,0,0,0,0,0
A106,A060,0,0,0,0,0,0
A106,A061,0,0,0,0,0,0
A106,A062,0,0,0,0,0,0
A106,A063,0,0,0,0,1,1
A106,A064,0,0,0,0,0,0
A106,A065,0,0,0,0,0,0
A106,A066,0,0,0,0,0,0
A106,A067,0,0,0,0,0,0
A106,A068,0,0,0,0,0,0
A106,A069,0,0,0,0,1,1
A106,A070,0,0,0,0,0,0
A106,A071,0,0,0,0,0,0
A106,A072,0,0,0,0,0,0
A106,A073,0,0,0,0,0,0
A106,A074,0,0,0,0,0,0
A106,A075,0,0,0,0,0,0
A106,A076,0,0,0,0,0,0
A106,A077,0,0,0,0,0,0
A106,A078,0,0,0,0,0,0
A106,A079,0,0,0,0,0,0
A106,A080,0,0,0,0,0,0
A106,A081,0,0,0,0,0,0
A106,A082,0,0,0,0,0,0
A106,A083,0,0,0,0,0,0
A106,A084,0,0,0,0,0,0
A106,A085,0,0,0,0,0,0
A106,A086,0,0,0,0,0,0
A106,A087,0,0,1,0,0,1
A106,A088,0,0,0,0,0,0
A106,A089,0,0,0,0,0,0
A106,A090,0,0,0,0,0,0
A106,A091,0,0,0,0,0,0
A106,A092,0,0,0,0,0,0
A106,A093,0,0,0,0,0,0
A106,A094,0,1,1,0,0,2
A106,A095,0,0,0,0,0,0
A106,A096,0,0,0,0,0,0
A106,A097,0,0,0,0,0,0
A106,A098,0,0,0,0,0,0
A106,A099,0,0,0,0,0,0
A106,A100,0,0,0,0,0,0
A106,A101,0,0,0,0,0,0
A106,A102,0,0,0,0,0,0
A106,A103,0,0,0,0,0,0
A106,A104,0,0,0,0,0,0
A106,A105,0,0,0,0,0,0
A106,A106,368,0,0,77,0,445
A106,A107,0,8,5,0,3,16
A106,A108,0,2,0,0,4,6
A106,A109,0,0,0,0,1,1
A106,A110,0,0,2,0,1,3
A106,A111,0,0,0,0,0,0
A106,A112,0,0,0,0,0,0
A106,A113,0,0,0,0,0,0
A106,A114,0,0,0,0,0,0
A106,A115,0,0,0,0,0,0
A106,A116,0,0,0,0,0,0
A106,A117,0,0,0,0,0,0
A106,A118,0,0,0,0,0,0
A106,A119,0,0,0,0,0,0
A106,A120,0,0,0,0,0,0
A107,A001,0,0,0,0,0,0
A107,A002,0,0,0,0,0,0
A107,A003,0,0,0,0,0,0
A107,A004,0,0,0,0,0,0
A107,A005,0,0,0,0,0,0
A107,A006,0,0,0,0,0,0
A107,A007,0,0,0,0,0,0
A107,A008,0,0,0,0,0,0
A107,A009,0,0,0,0,0,0
A107,A010,0,0,0,0,0,0
A107,A011,0,0,0,0,0,0
A107,A012,0,0,0,0,0,0
A107,A013,0,0,0,0,0,0
A107,A014,0,0,0,0,0,0
A107,A015,0,0,0,0,0,0
A107,A016,0,0,0,0,0,0
A107,A017,0,0,0,0,0,0
A107,A018,0,0,0,0,0,0
A107,A019,0,0,0,0,0,0
A107,A020,0,0,0,0,0,0
A107,A021,0,0,0,0,0,0
A107,A022,0,0,0,0,0,0
A107,A023,0,0,0,0,0,0
A107,A024,0,0,0,0,0,0
A107,A025,0,0,0,0,0,0
A107,A026,0,0,0,0,0,0
A107,A027,0,0,0,0,0,0
A107,A028,0,0,0,0,0,0
A107,A029,0,0,0,0,0,0
A107,A030,0,0,0,0,0,0
A107,A031,0,0,0,0,0,0
A107,A032,0,0,0,0,0,0
A107,A033,0,0,0,0,0,0
A107,A034,0,0,0,0,0,0
A107,A035,0,0,0,0,0,0
A107,A036,0,0,0,0,0,0
A107,A037,0,0,0,0,0,0
A107,A038,0,0,0,0,0,0
A107,A039,0,0,0,0,0,0
A107,A040,0,0,0,0,0,0
A107,A041,0,0,0,0,0,0
A107,A042,0,0,0,0,0,0
A107,A043,0,0,0,0,0,0
A107,A044,0,0,0,0,0,0
A107,A045,0,0,0,0,0,0
A107,A046,0,0,0,0,0,0
A107,A047,0,0,0,0,0,0
A107,A048,0,0,0,0,0,0
A107,A049,0,0,0,0,0,0
A107,A050,0,0,5,0,0,5
A107,A051,0,0,0,0,0,0
A107,A052,0,0,1,0,0,1
A107,A053,0,0,0,0,0,0
A107,A054,0,0,0,0,0,0
A107,A055,0,0,0,0,0,0
A107,A056,0,0,0,0,0,0
A107,A057,0,0,0,0,0,0
A107,A058,0,0,0,0,0,0
A107,A059,0,0,0,0,0,0
A107,A060,0,0,0,0,0,0
A107,A061,0,0,0,0,0,0
A107,A062,0,0,0,0,0,0
A107,A063,0,0,0,0,0,0
A107,A064,0,0,0,0,0,0
A107,A065,0,0,0,0,0,0
A107,A066,0,0,0,0,0,0
A107,A067,0,0,0,0,0,0
A107,A068,0,0,0,0,0,0
A107,A069,0,0,0,0,0,0
A107,A070,0,0,0,0,0,0
A107,A071,0,0,0,0,0,0
A107,A072,0,0,0,0,0,0
A107,A073,0,0,0,0,0,0
A107,A074,0,0,0,0,0,0
A107,A075,0,0,0,0,0,0
A107,A076,0,0,0,0,0,0
A107,A077,0,0,0,0,0,0
A107,A078,0,0,0,0,0,0
A107,A079,0,0,0,0,0,0
A107,A080,0,0,0,0,0,0
A107,A081,0,0,0,0,0,0
A107,A082,0,0,0,0,0,0
A107,A083,0,0,0,0,0,0
A107,A084,0,0,0,0,0,0
A107,A085,0,0,0,0,0,0
A107,A086,0,0,0,0,0,0
A107,A087,0,0,0,0,0,0
A107,A088,0,0,0,0,0,0
A107,A089,0,0,0,0,0,0
A107,A090,0,0,0,0,0,0
A107,A091,0,0,0,0,0,0
A107,A092,0,0,0,0,0,0
A107,A093,0,0,0,0,0,0
A107,A094,0,0,0,0,0,0
A107,A095,0,0,0,0,0,0
A107,A096,0,0,0,0,0,0
A107,A097,0,0,0,0,0,0
A107,A098,0,0,0,0,0,0
A107,A099,0,0,1,0,0,1
A107,A100,0,0,0,0,0,0
A107,A101,0,0,0,0,0,0
A107,A102,0,0,0,0,0,0
A107,A103,0,0,0,0,0,0
A107,A104,0,0,0,0,0,0
A107,A105,0,0,0,0,0,0
A107,A106,0,2,1,0,0,3
A107,A107,337,0,0,84,0,421
A107,A108,0,1,0,0,0,1
A107,A109,0,0,0,0,0,0
A107,A110,0,3,1,0,1,5
A107,A111,0,0,0,0,0,0
A107,A112,0,0,0,0,1,1
A107,A113,0,0,0,0,0,0
A107,A114,0,0,0,0,0,0
A107,A115,0,0,0,0,0,0
A107,A116,0,0,0,0,0,0
A107,A117,0,0,0,0,0,0
A107,A118,0,0,0,0,0,0
A107,A119,0,0,0,0,0,0
A107,A120,0,0,0,0,0,0
A108,A001,0,0,0,0,0,0
A108,A002,0,0,0,0,0,0
A108,A003,0,0,0,0,0,0
A108,A004,0,0,0,0,0,0
A108,A005,0,0,0,0,0,0
A108,A006,0,0,0,0,0,0
A108,A007,0,0,0,0,0,0
A108,A008,0,0,0,0,0,0
A108,A009,0,0,0,0,0,0
A108,A010,0,0,0,0,0,0
A108,A011,0,0,0,0,0,0
A108,A012,0,0,0,0,0,0
A108,A013,0,0,0,0,0,0
A108,A014,0,0,0,0,0,0
A108,A015,0,0,0,0,0,0
A108,A016,0,0,0,0,0,0
A108,A017,0,0,0,0,0,0
A108,A018,0,0,0,0,0,0
A108,A019,0,0,0,0,0,0
A108,A020,0,0,0,0,0,0
A108,A021,0,0,0,0,0,0
A108,A022,0,0,0,0,0,0
A108,A023,0,0,0,0,0,0
A108,A024,0,0,0,0,0,0
A108,A025,0,0,0,0,0,0
A108,A026,0,0,0,0,0,0
A108,A027,0,0,0,0,0,0
A108,A028,0,0,0,0,0,0
A108,A029,0,0,0,0,0,0
A108,A030,0,0,0,0,0,0
A108,A031,0,0,0,0,0,0
A108,A032,0,0,0,0,0,0
A108,A033,0,0,0,0,0,0
A108,A034,0,0,0,0,0,0
A108,A035,0,0,0,0,0,0
A108,A036,0,0,0,0,1,1
A108,A037,0,0,0,0,0,0
A108,A038,0,0,0,0,0,0
A108,A039,0,0,0,0,0,0
A108,A040,0,0,0,0,0,0
A108,A041,0,0,0,0,0,0
A108,A042,0,0,0,0,0,0
A108,A043,0,0,0,0,0,0
A108,A044,0,0,0,0,0,0
A108,A045,0,0,0,0,0,0
A108,A046,0,0,0,0,0,0
A108,A047,0,0,0,0,0,0
A108,A048,0,0,0,0,0,0
A108,A049,0,0,0,0,0,0
A108,A050,0,0,0,0,2,2
A108,A051,0,1,0,0,0,1
A108,A052,0,0,0,0,0,0
A108,A053,0,0,0,0,0,0
A108,A054,0,0,0,0,0,0
A108,A055,0,0,0,0,0,0
A108,A056,0,0,0,0,0,0
A108,A057,0,0,0,0,0,0
A108,A058,0,0,0,0,0,0
A108,A059,0,0,0,0,0,0
A108,A060,0,0,0,0,0,0
A108,A061,0,0,0,0,0,0
A108,A062,0,0,0,0,0,0
A108,A063,0,0,0,0,0,0
A108,A064,0,0,0,0,0,0
A108,A065,0,0,0,0,0,0
A108,A066,0,0,0,0,0,0
A108,A067,0,0,0,0,0,0
A108,A068,0,0,0,0,0,0
A108,A069,0,0,0,0,0,0
A108,A070,0,0,0,0,0,0
A108,A071,0,0,0,0,0,0
A108,A072,0,0,0,0,0,0
A108,A073,0,0,0,0,0,0
A108,A074,0,0,0,0,0,0
A108,A075,0,0,0,0,0,0
A108,A076,0,0,0,0,0,0
A108,A077,0,0,0,0,0,0
A108,A078,0,0,0,0,0,0
A108,A079,0,0,0,0,0,0
A108,A080,0,0,0,0,0,0
A108,A081,0,0,0,0,0,0
A108,A082,0,0,0,0,0,0
A108,A083,0,0,0,0,0,0
A108,A084,0,0,0,0,0,0
A108,A085,0,0,0,0,0,0
A108,A086,0,0,0,0,0,0
A108,A087,0,0,0,0,0,0
A108,A088,0,0,0,0,0,0
A108,A089,0,0,0,0,0,0
A108,A090,0,0,0,0,0,0
A108,A091,0,0,0,0,0,0
A108,A092,0,0,0,0,0,0
A108,A093,0,0,0,0,0,0
A108,A094,0,0,0,0,0,0
A108,A095,0,0,0,0,0,0
A108,A096,0,0,0,0,0,0
A108,A097,0,0,0,0,0,0
A108,A098,0,0,0,0,0,0
A108,A099,0,0,0,0,0,0
A108,A100,0,0,0,0,0,0
A108,A101,0,0,0,0,0,0
A108,A102,0,1,0,0,0,1
A108,A103,0,0,0,0,0,0
A108,A104,0,0,0,0,0,0
A108,A105,0,0,0,0,0,0
A108,A106,0,1,1,0,0,2
A108,A107,0,0,4,0,1,5
A108,A108,442,0,0,75,0,517
A108,A109,0,0,0,0,0,0
A108,A110,0,0,1,0,0,1
A108,A111,0,0,0,0,3,3
A108,A112,0,0,0,0,0,0
A108,A113,0,0,0,0,0,0
A108,A114,0,0,0,0,0,0
A108,A115,0,0,0,0,0,0
A108,A116,0,0,0,0,0,0
A108,A117,0,2,1,0,1,4
A108,A118,0,0,0,0,0,0
A108,A119,0,0,1,0,0,1
A108,A120,0,0,0,0,0,0
A109,A001,0,0,0,0,0,0
A109,A002,0,0,0,0,0,0
A109,A003,0,0,0,0,0,0
A109,A004,0,0,0,0,0,0
A109,A005,0,0,0,0,0,0
A109,A006,0,0,0,0,0,0
A109,A007,0,0,0,0,0,0
A109,A008,0,0,0,0,0,0
A109,A009,0,0,0,0,0,0
A109,A010,0,0,0,0,0,0
A109,A011,0,0,0,0,0,0
A109,A012,0,0,0,0,0,0
A109,A013,0,0,0,0,0,0
A109,A014,0,0,0,0,0,0
A109,A015,0,0,0,0,0,0
A109,A016,0,0,0,0,0,0
A109,A017,0,0,0,0,0,0
A109,A018,0,0,0,0,0,0
A109,A019,0,0,0,0,0,0
A109,A020,0,0,0,0,0,0
A109,A021,0,0,0,0,0,0
A109,A022,0,0,0,0,0,0
A109,A023,0,0,0,0,0,0
A109,A024,0,0,0,0,0,0
A109,A025,0,0,0,0,0,0
A109,A026,0,0,0,0,0,0
A109,A027,0,0,0,0,0,0
A109,A028,0,0,0,0,0,0
A109,A029,0,0,0,0,0,0
A109,A030,0,0,0,0,0,0
A109,A031,0,0,0,0,0,0
A109,A032,0,0,0,0,0,0
A109,A033,0,0,0,0,0,0
A109,A034,0,0,0,0,0,0
A109,A035,0,0,0,0,0,0
A109,A036,0,0,0,0,0,0
A109,A037,0,0,0,0,0,0
A109,A038,0,0,0,0,0,0
A109,A039,0,0,0,0,0,0
A109,A040,0,0,0,0,0,0
A109,A041,0,0,0,0,0,0
A109,A042,0,0,0,0,0,0
A109,A043,0,0,0,0,0,0
A109,A044,0,0,0,0,0,0
A109,A045,0,0,0,0,0,0
A109,A046,0,0,0,0,0,0
A109,A047,0,0,0,0,0,0
A109,A048,0,0,0,0,0,0
A109,A049,0,0,0,0,0,0
A109,A050,0,0,0,0,0,0
A109,A051,0,0,0,0,0,0
A109,A052,0,0,0,0,0,0
A109,A053,0,0,0,0,0,0
A109,A054,0,0,0,0,0,0
A109,A055,0,0,0,0,0,0
A109,A056,0,0,0,0,0,0
A109,A057,0,1,3,0,0,4
A109,A058,0,0,0,0,0,0
A109,A059,0,0,0,0,0,0
A109,A060,0,0,0,0,0,0
A109,A061,0,0,0,0,0,0
A109,A062,0,0,0,0,0,0
A109,A063,0,0,0,0,0,0
A109,A064,0,0,0,0,0,0
A109,A065,0,0,1,0,1,2
A109,A066,0,0,0,0,0,0
A109,A067,0,0,0,0,0,0
A109,A068,0,0,0,0,0,0
A109,A069,0,0,0,0,0,0
A109,A070,0,0,0,0,0,0
A109,A071,0,0,0,0,0,0
A109,A072,0,0,0,0,0,0
A109,A073,0,0,0,0,0,0
A109,A074,0,0,0,0,0,0
A109,A075,0,0,0,0,0,0
A109,A076,0,0,0,0,0,0
A109,A077,0,0,0,0,0,0
A109,A078,0,0,0,0,0,0
A109,A079,0,0,0,0,0,0
A109,A080,0,0,0,0,0,0
A109,A081,0,0,0,0,0,0
A109,A082,0,0,0,0,0,0
A109,A083,0,0,0,0,0,0
A109,A084,0,0,0,0,0,0
A109,A085,0,0,0,0,0,0
A109,A086,0,0,0,0,0,0
A109,A087,0,0,0,0,0,0
A109,A088,0,0,0,0,0,0
A109,A089,0,0,0,0,0,0
A109,A090,0,0,0,0,0,0
A109,A091,0,0,0,0,0,0
A109,A092,0,0,0,0,0,0
A109,A093,0,0,0,0,0,0
A109,A094,0,0,0,0,0,0
A109,A095,0,0,0,0,0,0
A109,A096,0,0,0,0,0,0
A109,A097,0,0,0,0,0,0
A109,A098,0,0,0,0,0,0
A109,A099,0,0,0,0,0,0
A109,A100,0,0,0,0,0,0
A109,A101,0,0,0,0,0,0
A109,A102,0,0,0,0,0,0
A109,A103,0,0,0,0,0,0
A109,A104,0,0,0,0,0,0
A109,A105,0,0,0,0,0,0
A109,A106,0,2,1,0,1,4
A109,A107,0,0,2,0,1,3
A109,A108,0,0,0,0,0,0
A109,A109,445,0,0,26,0,471
A109,A110,0,0,0,0,0,0
A109,A111,0,0,0,0,1,1
A109,A112,0,0,0,0,0,0
A109,A113,0,0,0,0,0,0
A109,A114,0,0,0,0,0,0
A109,A115,0,0,0,0,0,0
A109,A116,0,0,0,0,0,0
A109,A117,0,0,0,0,0,0
A109,A118,0,0,0,0,0,0
A109,A119,0,0,0,0,1,1
A109,A120,0,0,0,0,0,0
A110,A001,0,0,0,0,0,0
A110,A002,0,0,0,0,0,0
A110,A003,0,0,0,0,0,0
A110,A004,0,0,0,0,0,0
A110,A005,0,0,0,0,0,0
A110,A006,0,0,0,0,0,0
A110,A007,0,0,0,0,0,0
A110,A008,0,0,0,0,0,0
A110,A009,0,0,0,0,0,0
A110,A010,0,0,0,0,0,0
A110,A011,0,0,0,0,0,0
A110,A012,0,0,0,0,0,0
A110,A013,0,0,0,0,0,0
A110,A014,0,0,0,0,0,0
A110,A015,0,0,0,0,0,0
A110,A016,0,0,0,0,0,0
A110,A017,0,0,0,0,0,0
A110,A018,0,0,0,0,0,0
A110,A019,0,0,0,0,0,0
A110,A020,0,0,0,0,0,0
A110,A021,0,0,0,0,0,0
A110,A022,0,0,0,0,0,0
A110,A023,0,0,0,0,0,0
A110,A024,0,0,0,0,0,0
A110,A025,0,0,0,0,0,0
A110,A026,0,0,0,0,0,0
A110,A027,0,0,0,0,0,0
A110,A028,0,0,0,0,0,0
A110,A029,0,0,0,0,0,0
A110,A030,0,0,0,0,0,0
A110,A031,0,0,0,0,0,0
A110,A032,0,0,0,0,0,0
A110,A033,0,0,0,0,0,0
A110,A034,0,0,0,0,0,0
A110,A035,0,0,0,0,0,0
A110,A036,0,0,0,0,0,0
A110,A037,0,0,0,0,0,0
A110,A038,0,0,0,0,0,0
A110,A039,0,0,0,0,0,0
A110,A040,0,0,0,0,0,0
A110,A041,0,0,0,0,0,0
A110,A042,0,0,0,0,0,0
A110,A043,0,0,0,0,0,0
A110,A044,0,0,0,0,0,0
A110,A045,0,0,0,0,0,0
A110,A046,0,0,0,0,0,0
A110,A047,0,0,0,0,0,0
A110,A048,0,0,0,0,0,0
A110,A049,0,0,0,0,0,0
A110,A050,0,0,0,0,0,0
A110,A051,0,0,0,0,0,0
A110,A052,0,0,0,0,0,0
A110,A053,0,1,0,0,0,1
A110,A054,0,4,6,0,2,12
A110,A055,0,0,0,0,0,0
A110,A056,0,0,0,0,0,0
A110,A057,0,0,0,0,0,0
A110,A058,0,0,0,0,0,0
A110,A059,0,0,0,0,0,0
A110,A060,0,0,0,0,0,0
A110,A061,0,0,0,0,0,0
A110,A062,0,0,0,0,0,0
A110,A063,0,0,0,0,0,0
A110,A064,0,0,0,0,0,0
A110,A065,0,0,0,0,0,0
A110,A066,0,0,0,0,0,0
A110,A067,0,0,0,0,0,0
A110,A068,0,0,0,0,0,0
A110,A069,0,0,1,0,2,3
A110,A070,0,0,0,0,0,0
A110,A071,0,0,0,0,0,0
A110,A072,0,0,0,0,0,0
A110,A073,0,0,0,0,0,0
A110,A074,0,0,0,0,0,0
A110,A075,0,0,0,0,0,0
A110,A076,0,1,0,0,0,1
A110,A077,0,0,1,0,0,1
A110,A078,0,0,0,0,0,0
A110,A079,0,0,0,0,0,0
A110,A080,0,0,0,0,0,0
A110,A081,0,0,0,0,0,0
A110,A082,0,0,0,0,0,0
A110,A083,0,1,0,0,0,1
A110,A084,0,0,0,0,0,0
A110,A085,0,0,0,0,0,0
A110,A086,0,0,0,0,0,0
A110,A087,0,0,0,0,0,0
A110,A088,0,0,0,0,0,0
A110,A089,0,0,1,0,0,1
A110,A090,0,0,0,0,0,0
A110,A091,0,0,1,0,1,2
A110,A092,0,0,0,0,0,0
A110,A093,0,0,0,0,0,0
A110,A094,0,0,1,0,0,1
A110,A095,0,0,0,0,0,0
A110,A096,0,0,0,0,0,0
A110,A097,0,0,0,0,0,0
A110,A098,0,0,0,0,0,0
A110,A099,0,0,0,0,0,0
A110,A100,0,0,0,0,0,0
A110,A101,0,0,0,0,0,0
A110,A102,0,0,0,0,0,0
A110,A103,0,0,0,0,0,0
A110,A104,0,0,0,0,0,0
A110,A105,0,0,0,0,0,0
A110,A106,0,0,0,0,1,1
A110,A107,0,0,2,0,1,3
A110,A108,0,0,0,0,0,0
A110,A109,0,0,0,0,0,0
A110,A110,392,0,0,80,0,472
A110,A111,0,0,0,0,0,0
A110,A112,0,0,0,0,0,0
A110,A113,0,0,0,0,0,0
A110,A114,0,0,0,0,0,0
A110,A115,0,1,2,0,0,3
A110,A116,0,0,0,0,0,0
A110,A117,0,0,0,0,0,0
A110,A118,0,0,0,0,0,0
A110,A119,0,0,0,0,0,0
A110,A120,0,0,0,0,0,0
A111,A001,0,0,0,0,0,0
A111,A002,0,0,0,0,0,0
A111,A003,0,0,0,0,0,0
A111,A004,0,0,0,0,0,0
A111,A005,0,0,0,0,0,0
A111,A006,0,0,0,0,0,0
A111,A007,0,0,0,0,0,0
A111,A008,0,0,0,0,0,0
A111,A009,0,0,0,0,0,0
A111,A010,0,0,0,0,0,0
A111,A011,0,0,0,0,0,0
A111,A012,0,0,0,0,0,0
A111,A013,0,0,0,0,0,0
A111,A014,0,0,0,0,0,0
A111,A015,0,0,0,0,0,0
A111,A016,0,0,0,0,0,0
A111,A017,0,0,0,0,0,0
A111,A018,0,0,0,0,0,0
A111,A019,0,0,0,0,0,0
A111,A020,0,0,0,0,0,0
A111,A021,0,0,0,0,0,0
A111,A022,0,0,0,0,0,0
A111,A023,0,0,0,0,0,0
A111,A024,0,0,0,0,0,0
A111,A025,0,0,0,0,0,0
A111,A026,0,0,0,0,0,0
A111,A027,0,0,0,0,0,0
A111,A028,0,0,0,0,0,0
A111,A029,0,0,0,0,0,0
A111,A030,0,0,0,0,0,0
A111,A031,0,0,0,0,0,0
A111,A032,0,0,0,0,0,0
A111,A033,0,0,0,0,0,0
A111,A034,0,0,0,0,0,0
A111,A035,0,0,0,0,0,0
A111,A036,0,0,1,0,0,1
A111,A037,0,0,0,0,0,0
A111,A038,0,0,0,0,0,0
A111,A039,0,0,0,0,0,0
A111,A040,0,0,0,0,0,0
A111,A041,0,0,0,0,0,0
A111,A042,0,0,0,0,0,0
A111,A043,0,0,0,0,0,0
A111,A044,0,0,0,0,0,0
A111,A045,0,0,0,0,0,0
A111,A046,0,0,0,0,0,0
A111,A047,0,0,0,0,0,0
A111,A048,0,0,0,0,0,0
A111,A049,0,0,0,0,0,0
A111,A050,0,0,0,0,0,0
A111,A051,0,1,1,0,0,2
A111,A052,0,0,0,0,0,0
A111,A053,0,0,0,0,0,0
A111,A054,0,0,0,0,0,0
A111,A055,0,0,0,0,0,0
A111,A056,0,0,0,0,0,0
A111,A057,0,0,0,0,0,0
A111,A058,0,0,0,0,0,0
A111,A059,0,0,0,0,0,0
A111,A060,0,0,0,0,0,0
A111,A061,0,0,0,0,0,0
A111,A062,0,0,0,0,0,0
A111,A063,0,0,0,0,0,0
A111,A064,0,0,0,0,0,0
A111,A065,0,0,0,0,0,0
A111,A066,0,0,0,0,0,0
A111,A067,0,0,0,0,0,0
A111,A068,0,0,0,0,0,0
A111,A069,0,0,0,0,0,0
A111,A070,0,0,0,0,0,0
A111,A071,0,0,0,0,0,0
A111,A072,0,0,0,0,0,0
A111,A073,0,0,0,0,0,0
A111,A074,0,0,0,0,0,0
A111,A075,0,0,0,0,0,0
A111,A076,0,0,0,0,0,0
A111,A077,0,0,0,0,0,0
A111,A078,0,0,0,0,0,0
A111,A079,0,0,0,0,0,0
A111,A080,0,0,0,0,0,0
A111,A081,0,0,0,0,0,0
A111,A082,0,0,0,0,0,0
A111,A083,0,0,0,0,0,0
A111,A084,0,0,0,0,0,0
A111,A085,0,0,0,0,0,0
A111,A086,0,0,0,0,0,0
A111,A087,0,0,0,0,0,0
A111,A088,0,0,0,0,0,0
A111,A089,0,0,0,0,0,0
A111,A090,0,0,0,0,0,0
A111,A091,0,0,0,0,0,0
A111,A092,0,0,0,0,0,0
A111,A093,0,0,0,0,0,0
A111,A094,0,0,0,0,0,0
A111,A095,0,0,0,0,0,0
A111,A096,0,0,0,0,0,0
A111,A097,0,0,0,0,0,0
A111,A098,0,0,0,0,0,0
A111,A099,0,0,1,0,0,1
A111,A100,0,0,0,0,0,0
A111,A101,0,0,0,0,0,0
A111,A102,0,0,0,0,0,0
A111,A103,0,0,0,0,0,0
A111,A104,0,0,0,0,0,0
A111,A105,0,0,0,0,0,0
A111,A106,0,0,0,0,0,0
A111,A107,0,0,0,0,0,0
A111,A108,0,1,1,0,2,4
A111,A109,0,0,0,0,0,0
A111,A110,0,0,0,0,0,0
A111,A111,450,0,0,37,0,487
A111,A112,0,0,0,0,0,0
A111,A113,0,0,0,0,0,0
A111,A114,0,0,0,0,0,0
A111,A115,0,0,0,0,0,0
A111,A116,0,0,0,0,0,0
A111,A117,0,1,2,0,1,4
A111,A118,0,0,0,0,0,0
A111,A119,0,0,0,0,0,0
A111,A120,0,0,0,0,0,0
A112,A001,0,0,0,0,0,0
A112,A002,0,0,0,0,0,0
A112,A003,0,0,0,0,0,0
A112,A004,0,0,0,0,0,0
A112,A005,0,0,0,0,0,0
A112,A006,0,0,0,0,0,0
A112,A007,0,0,0,0,0,0
A112,A008,0,0,0,0,0,0
A112,A009,0,0,0,0,0,0
A112,A010,0,0,0,0,0,0
A112,A011,0,0,0,0,0,0
A112,A012,0,0,0,0,0,0
A112,A013,0,0,0,0,0,0
A112,A014,0,0,0,0,0,0
A112,A015,0,0,0,0,0,0
A112,A016,0,0,0,0,0,0
A112,A017,0,0,0,0,0,0
A112,A018,0,0,0,0,0,0
A112,A019,0,0,0,0,0,0
A112,A020,0,0,0,0,0,0
A112,A021,0,0,0,0,0,0
A112,A022,0,0,0,0,0,0
A112,A023,0,0,0,0,0,0
A112,A024,0,0,0,0,0,0
A112,A025,0,0,0,0,0,0
A112,A026,0,0,0,0,0,0
A112,A027,0,0,0,0,0,0
A112,A028,0,0,0,0,0,0
A112,A029,0,0,0,0,0,0
A112,A030,0,0,0,0,0,0
A112,A031,0,0,0,0,0,0
A112,A032,0,0,0,0,0,0
A112,A033,0,0,0,0,0,0
A112,A034,0,0,0,0,0,0
A112,A035,0,0,0,0,0,0
A112,A036,0,0,0,0,0,0
A112,A037,0,0,0,0,0,0
A112,A038,0,0,0,0,0,0
A112,A039,0,0,0,0,0,0
A112,A040,0,0,0,0,0,0
A112,A041,0,0,0,0,0,0
A112,A042,0,0,0,0,0,0
A112,A043,0,0,0,0,0,0
A112,A044,0,0,0,0,0,0
A112,A045,0,0,0,0,0,0
A112,A046,0,0,0,0,0,0
A112,A047,0,0,0,0,0,0
A112,A048,0,0,0,0,0,0
A112,A049,0,0,0,0,0,0
A112,A050,0,0,0,0,1,1
A112,A051,0,0,0,0,0,0
A112,A052,0,0,0,0,0,0
A112,A053,0,0,0,0,0,0
A112,A054,0,0,0,0,0,0
A112,A055,0,0,0,0,0,0
A112,A056,0,0,0,0,0,0
A112,A057,0,0,0,0,0,0
A112,A058,0,0,0,0,0,0
A112,A059,0,0,0,0,0,0
A112,A060,0,0,0,0,0,0
A112,A061,0,0,0,0,0,0
A112,A062,0,0,0,0,0,0
A112,A063,0,0,0,0,0,0
A112,A064,0,0,0,0,0,0
A112,A065,0,0,0,0,0,0
A112,A066,0,0,0,0,0,0
A112,A067,0,0,0,0,0,0
A112,A068,0,0,0,0,0,0
A112,A069,0,0,0,0,0,0
A112,A070,0,0,0,0,0,0
A112,A071,0,0,0,0,0,0
A112,A072,0,0,0,0,0,0
A112,A073,0,0,0,0,0,0
A112,A074,0,0,0,0,0,0
A112,A075,0,0,0,0,0,0
A112,A076,0,0,0,0,0,0
A112,A077,0,0,0,0,0,0
A112,A078,0,0,0,0,0,0
A112,A079,0,0,0,0,0,0
A112,A080,0,0,0,0,0,0
A112,A081,0,0,0,0,0,0
A112,A082,0,0,0,0,0,0
A112,A083,0,0,0,0,0,0
A112,A084,0,0,0,0,0,0
A112,A085,0,0,0,0,0,0
A112,A086,0,0,0,0,0,0
A112,A087,0,0,0,0,0,0
A112,A088,0,0,0,0,0,0
A112,A089,0,0,0,0,0,0
A112,A090,0,0,0,0,0,0
A112,A091,0,0,0,0,0,0
A112,A092,0,0,0,0,0,0
A112,A093,0,0,0,0,0,0
A112,A094,0,0,0,0,0,0
A112,A095,0,0,0,0,0,0
A112,A096,0,0,0,0,0,0
A112,A097,0,0,0,0,0,0
A112,A098,0,0,0,0,0,0
A112,A099,0,0,0,0,0,0
A112,A100,0,0,0,0,0,0
A112,A101,0,0,0,0,0,0
A112,A102,0,0,0,0,0,0
A112,A103,0,0,0,0,0,0
A112,A104,0,0,0,0,0,0
A112,A105,0,0,0,0,0,0
A112,A106,0,1,0,0,0,1
A112,A107,0,0,0,0,0,0
A112,A108,0,0,0,0,0,0
A112,A109,0,0,0,0,0,0
A112,A110,0,0,0,0,0,0
A112,A111,0,0,0,0,0,0
A112,A112,479,0,0,4,0,483
A112,A113,0,0,0,0,0,0
A112,A114,0,0,0,0,0,0
A112,A115,0,0,0,0,0,0
A112,A116,0,0,0,0,0,0
A112,A117,0,0,0,0,0,0
A112,A118,0,0,0,0,0,0
A112,A119,0,0,0,0,0,0
A112,A120,0,0,0,0,0,0
A113,A001,0,0,0,0,0,0
A113,A002,0,0,0,0,0,0
A113,A003,0,0,0,0,0,0
A113,A004,0,0,0,0,0,0
A113,A005,0,0,0,0,0,0
A113,A006,0,0,0,0,0,0
A113,A007,0,0,0,0,0,0
A113,A008,0,0,0,0,0,0
A113,A009,0,0,0,0,0,0
A113,A010,0,0,0,0,0,0
A113,A011,0,0,0,0,0,0
A113,A012,0,0,0,0,0,0
A113,A013,0,0,0,0,0,0
A113,A014,0,0,0,0,0,0
A113,A015,0,0,0,0,0,0
A113,A016,0,0,0,0,0,0
A113,A017,0,0,0,0,0,0
A113,A018,0,0,0,0,0,0
A113,A019,0,0,0,0,0,0
A113,A020,0,0,0,0,0,0
A113,A021,0,0,0,0,0,0
A113,A022,0,0,0,0,0,0
A113,A023,0,0,0,0,0,0
A113,A024,0,0,0,0,0,0
A113,A025,0,0,0,0,0,0
A113,A026,0,0,0,0,0,0
A113,A027,0,0,0,0,0,0
A113,A028,0,0,0,0,0,0
A113,A029,0,0,0,0,0,0
A113,A030,0,0,0,0,0,0
A113,A031,0,0,0,0,0,0
A113,A032,0,0,0,0,0,0
A113,A033,0,0,0,0,0,0
A113,A034,0,0,0,0,0,0
A113,A035,0,0,0,0,0,0
A113,A036,0,0,0,0,0,0
A113,A037,0,0,0,0,0,0
A113,A038,0,0,0,0,0,0
A113,A039,0,0,0,0,0,0
A113,A040,0,0,0,0,0,0
A113,A041,0,0,0,0,0,0
A113,A042,0,0,0,0,0,0
A113,A043,0,0,0,0,0,0
A113,A044,0,0,0,0,0,0
A113,A045,0,0,0,0,0,0
A113,A046,0,0,0,0,0,0
A113,A047,0,0,0,0,0,0
A113,A048,0,0,0,0,0,0
A113,A049,0,0,0,0,0,0
A113,A050,0,0,0,0,0,0
A113,A051,0,0,0,0,0,0
A113,A052,0,0,0,0,0,0
A113,A053,0,0,0,0,0,0
A113,A054,0,0,0,0,0,0
A113,A055,0,0,0,0,0,0
A113,A056,0,0,0,0,0,0
A113,A057,0,0,0,0,0,0
A113,A058,0,0,0,0,0,0
A113,A059,0,0,0,0,0,0
A113,A060,0,0,0,0,0,0
A113,A061,0,0,0,0,0,0
A113,A062,0,0,0,0,0,0
A113,A063,0,0,0,0,0,0
A113,A064,0,0,0,0,0,0
A113,A065,0,0,0,0,0,0
A113,A066,0,0,0,0,0,0
A113,A067,0,0,0,0,0,0
A113,A068,0,0,0,0,1,1
A113,A069,0,0,0,0,0,0
A113,A070,0,0,0,0,0,0
A113,A071,0,0,0,0,0,0
A113,A072,0,0,0,0,0,0
A113,A073,0,0,0,0,0,0
A113,A074,0,0,0,0,0,0
A113,A075,0,0,0,0,0,0
A113,A076,0,0,0,0,0,0
A113,A077,0,0,0,0,0,0
A113,A078,0,0,0,0,0,0
A113,A079,0,0,0,0,0,0
A113,A080,0,0,0,0,0,0
A113,A081,0,0,0,0,0,0
A113,A082,0,0,0,0,0,0
A113,A083,0,0,0,0,0,0
A113,A084,0,0,0,0,0,0
A113,A085,0,0,0,0,0,0
A113,A086,0,0,0,0,0,0
A113,A087,0,0,0,0,0,0
A113,A088,0,0,0,0,0,0
A113,A089,0,0,0,0,0,0
A113,A090,0,0,0,0,0,0
A113,A091,0,0,0,0,0,0
A113,A092,0,0,0,0,0,0
A113,A093,0,0,0,0,0,0
A113,A094,0,0,0,0,0,0
A113,A095,0,0,0,0,0,0
A113,A096,0,0,0,0,0,0
A113,A097,0,0,0,0,0,0
A113,A098,0,0,0,0,0,0
A113,A099,0,0,0,0,0,0
A113,A100,0,0,0,0,0,0
A113,A101,0,0,0,0,0,0
A113,A102,0,0,0,0,0,0
A113,A103,0,0,0,0,0,0
A113,A104,0,0,0,0,0,0
A113,A105,0,0,0,0,0,0
A113,A106,0,0,0,0,0,0
A113,A107,0,0,0,0,0,0
A113,A108,0,0,0,0,0,0
A113,A109,0,0,0,0,0,0
A113,A110,0,0,0,0,0,0
A113,A111,0,0,0,0,0,0
A113,A112,0,1,1,0,0,2
A113,A113,479,0,0,1,0,480
A113,A114,0,0,0,0,0,0
A113,A115,0,1,0,0,0,1
A113,A116,0,0,0,0,0,0
A113,A117,0,0,0,0,0,0
A113,A118,0,0,0,0,0,0
A113,A119,0,0,0,0,0,0
A113,A120,0,0,0,0,0,0
A114,A001,0,0,0,0,0,0
A114,A002,0,0,0,0,0,0
A114,A003,0,0,0,0,0,0
A114,A004,0,0,0,0,0,0
A114,A005,0,0,0,0,0,0
A114,A006,0,0,0,0,0,0
A114,A007,0,0,0,0,0,0
A114,A008,0,0,0,0,0,0
A114,A009,0,0,0,0,0,0
A114,A010,0,0,0,0,0,0
A114,A011,0,0,0,0,0,0
A114,A012,0,0,0,0,0,0
A114,A013,0,0,0,0,0,0
A114,A014,0,0,0,0,0,0
A114,A015,0,0,0,0,0,0
A114,A016,0,0,0,0,0,0
A114,A017,0,0,0,0,0,0
A114,A018,0,0,0,0,0,0
A114,A019,0,0,0,0,0,0
A114,A020,0,0,0,0,0,0
A114,A021,0,0,0,0,0,0
A114,A022,0,0,0,0,0,0
A114,A023,0,0,0,0,0,0
A114,A024,0,0,0,0,0,0
A114,A025,0,0,0,0,0,0
A114,A026,0,0,0,0,0,0
A114,A027,0,0,0,0,0,0
A114,A028,0,0,0,0,0,0
A114,A029,0,0,0,0,0,0
A114,A030,0,0,0,0,0,0
A114,A031,0,0,0,0,0,0
A114,A032,0,0,0,0,0,0
A114,A033,0,0,0,0,0,0
A114,A034,0,0,0,0,0,0
A114,A035,0,0,0,0,0,0
A114,A036,0,0,0,0,0,0
A114,A037,0,0,0,0,0,0
A114,A038,0,0,0,0,0,0
A114,A039,0,0,0,0,0,0
A114,A040,0,0,0,0,0,0
A114,A041,0,0,0,0,0,0
A114,A042,0,0,0,0,0,0
A114,A043,0,0,0,0,0,0
A114,A044,0,0,0,0,0,0
A114,A045,0,0,0,0,0,0
A114,A046,0,0,0,0,0,0
A114,A047,0,0,0,0,0,0
A114,A048,0,0,0,0,0,0
A114,A049,0,0,0,0,0,0
A114,A050,0,0,0,0,0,0
A114,A051,0,0,0,0,0,0
A114,A052,0,0,0,0,0,0
A114,A053,0,0,0,0,0,0
A114,A054,0,0,0,0,0,0
A114,A055,0,0,0,0,0,0
A114,A056,0,0,0,0,0,0
A114,A057,0,0,0,0,0,0
A114,A058,0,0,0,0,0,0
A114,A059,0,0,0,0,0,0
A114,A060,0,0,0,0,0,0
A114,A061,0,0,0,0,0,0
A114,A062,0,0,0,0,0,0
A114,A063,0,0,0,0,0,0
A114,A064,0,0,0,0,0,0
A114,A065,0,0,0,0,0,0
A114,A066,0,0,0,0,0,0
A114,A067,0,0,0,0,0,0
A114,A068,0,0,0,0,0,0
A114,A069,0,0,0,0,0,0
A114,A070,0,0,0,0,0,0
A114,A071,0,0,0,0,0,0
A114,A072,0,0,0,0,0,0
A114,A073,0,0,0,0,0,0
A114,A074,0,0,0,0,0,0
A114,A075,0,0,0,0,0,0
A114,A076,0,0,0,0,0,0
A114,A077,0,0,0,0,0,0
A114,A078,0,0,0,0,0,0
A114,A079,0,0,0,0,0,0
A114,A080,0,0,0,0,0,0
A114,A081,0,0,0,0,0,0
A114,A082,0,0,0,0,0,0
A114,A083,0,0,0,0,0,0
A114,A084,0,0,0,0,0,0
A114,A085,0,0,0,0,0,0
A114,A086,0,0,0,0,0,0
A114,A087,0,0,0,0,0,0
A114,A088,0,0,0,0,0,0
A114,A089,0,0,0,0,0,0
A114,A090,0,0,0,0,0,0
A114,A091,0,0,0,0,0,0
A114,A092,0,0,0,0,0,0
A114,A093,0,0,0,0,0,0
A114,A094,0,0,0,0,0,0
A114,A095,0,0,0,0,0,0
A114,A096,0,0,0,0,0,0
A114,A097,0,0,0,0,0,0
A114,A098,0,0,0,0,0,0
A114,A099,0,0,0,0,0,0
A114,A100,0,0,0,0,0,0
A114,A101,0,0,0,0,0,0
A114,A102,0,0,0,0,0,0
A114,A103,0,0,0,0,0,0
A114,A104,0,0,0,0,0,0
A114,A105,0,0,0,0,0,0
A114,A106,0,0,0,0,0,0
A114,A107,0,0,0,0,0,0
A114,A108,0,0,0,0,0,0
A114,A109,0,0,0,0,0,0
A114,A110,0,0,0,0,0,0
A114,A111,0,0,0,0,0,0
A114,A112,0,0,0,0,0,0
A114,A113,0,0,0,0,0,0
A114,A114,464,0,0,11,0,475
A114,A115,0,0,0,0,0,0
A114,A116,0,0,0,0,0,0
A114,A117,0,0,0,0,0,0
A114,A118,0,0,0,0,0,0
A114,A119,0,1,0,0,0,1
A114,A120,0,0,0,0,0,0
A115,A001,0,0,0,0,0,0
A115,A002,0,0,1,0,0,1
A115,A003,0,0,0,0,0,0
A115,A004,0,0,0,0,0,0
A115,A005,0,0,0,0,0,0
A115,A006,0,0,0,0,0,0
A115,A007,0,0,0,0,0,0
A115,A008,0,0,0,0,0,0
A115,A009,0,0,0,0,0,0
A115,A010,0,0,0,0,0,0
A115,A011,0,0,0,0,0,0
A115,A012,0,0,0,0,0,0
A115,A013,0,0,0,0,0,0
A115,A014,0,0,0,0,0,0
A115,A015,0,0,0,0,0,0
A115,A016,0,0,0,0,0,0
A115,A017,0,0,0,0,0,0
A115,A018,0,0,0,0,0,0
A115,A019,0,0,0,0,0,0
A115,A020,0,0,0,0,0,0
A115,A021,0,0,0,0,0,0
A115,A022,0,0,0,0,0,0
A115,A023,0,0,0,0,0,0
A115,A024,0,0,0,0,0,0
A115,A025,0,0,0,0,0,0
A115,A026,0,0,0,0,0,0
A115,A027,0,0,0,0,0,0
A115,A028,0,0,0,0,0,0
A115,A029,0,0,0,0,0,0
A115,A030,0,0,0,0,0,0
A115,A031,0,0,0,0,0,0
A115,A032,0,0,0,0,0,0
A115,A033,0,0,0,0,0,0
A115,A034,0,0,0,0,0,0
A115,A035,0,0,0,0,0,0
A115,A036,0,0,0,0,0,0
A115,A037,0,0,0,0,0,0
A115,A038,0,0,0,0,0,0
A115,A039,0,0,1,0,0,1
A115,A040,0,0,0,0,0,0
A115,A041,0,0,0,0,0,0
A115,A042,0,0,0,0,0,0
A115,A043,0,0,0,0,0,0
A115,A044,0,0,0,0,0,0
A115,A045,0,0,0,0,0,0
A115,A046,0,0,0,0,0,0
A115,A047,0,0,0,0,0,0
A115,A048,0,0,0,0,0,0
A115,A049,0,0,0,0,0,0
A115,A050,0,0,0,0,0,0
A115,A051,0,0,0,0,0,0
A115,A052,0,0,1,0,0,1
A115,A053,0,0,0,0,1,1
A115,A054,0,0,1,0,0,1
A115,A055,0,0,0,0,0,0
A115,A056,0,0,0,0,0,0
A115,A057,0,0,0,0,0,0
A115,A058,0,0,0,0,0,0
A115,A059,0,0,0,0,0,0
A115,A060,0,0,0,0,0,0
A115,A061,0,0,0,0,0,0
A115,A062,0,0,0,0,0,0
A115,A063,0,0,0,0,0,0
A115,A064,0,0,0,0,0,0
A115,A065,0,0,0,0,0,0
A115,A066,0,0,0,0,0,0
A115,A067,0,0,0,0,0,0
A115,A068,0,0,0,0,0,0
A115,A069,0,0,1,0,0,1
A115,A070,0,0,0,0,0,0
A115,A071,0,0,0,0,0,0
A115,A072,0,0,0,0,0,0
A115,A073,0,0,0,0,0,0
A115,A074,0,0,0,0,0,0
A115,A075,0,0,0,0,0,0
A115,A076,0,0,0,0,0,0
A115,A077,0,0,0,0,0,0
A115,A078,0,0,0,0,0,0
A115,A079,0,0,1,0,3,4
A115,A080,0,0,0,0,0,0
A115,A081,0,0,0,0,0,0
A115,A082,0,0,0,0,0,0
A115,A083,0,0,0,0,0,0
A115,A084,0,0,0,0,0,0
A115,A085,0,0,0,0,0,0
A115,A086,0,0,0,0,0,0
A115,A087,0,0,0,0,0,0
A115,A088,0,0,0,0,0,0
A115,A089,0,0,0,0,0,0
A115,A090,0,0,0,0,0,0
A115,A091,0,0,0,0,0,0
A115,A092,0,0,0,0,0,0
A115,A093,0,0,0,0,0,0
A115,A094,0,0,0,0,0,0
A115,A095,0,0,0,0,0,0
A115,A096,0,0,0,0,0,0
A115,A097,0,0,0,0,0,0
A115,A098,0,0,0,0,0,0
A115,A099,0,0,0,0,0,0
A115,A100,0,0,0,0,0,0
A115,A101,0,0,0,0,0,0
A115,A102,0,0,0,0,0,0
A115,A103,0,0,3,0,0,3
A115,A104,0,0,0,0,0,0
A115,A105,0,0,0,0,0,0
A115,A106,0,0,0,0,0,0
A115,A107,0,1,0,0,1,2
A115,A108,0,0,0,0,0,0
A115,A109,0,0,0,0,0,0
A115,A110,0,1,2,0,1,4
A115,A111,0,0,0,0,0,0
A115,A112,0,0,0,0,0,0
A115,A113,0,0,0,0,0,0
A115,A114,0,0,0,0,0,0
A115,A115,447,0,0,51,0,498
A115,A116,0,0,0,0,0,0
A115,A117,0,1,0,0,0,1
A115,A118,0,0,0,0,0,0
A115,A119,0,0,0,0,0,0
A115,A120,0,0,0,0,0,0
A116,A001,0,0,0,0,0,0
A116,A002,0,0,0,0,0,0
A116,A003,0,0,0,0,0,0
A116,A004,0,0,0,0,0,0
A116,A005,0,0,0,0,0,0
A116,A006,0,0,0,0,0,0
A116,A007,0,0,0,0,0,0
A116,A008,0,0,0,0,0,0
A116,A009,0,0,0,0,0,0
A116,A010,0,0,0,0,0,0
A116,A011,0,0,0,0,0,0
A116,A012,0,0,0,0,0,0
A116,A013,0,0,0,0,0,0
A116,A014,0,0,0,0,0,0
A116,A015,0,0,0,0,0,0
A116,A016,0,0,0,0,0,0
A116,A017,0,0,0,0,0,0
A116,A018,0,0,0,0,0,0
A116,A019,0,0,0,0,0,0
A116,A020,0,0,0,0,0,0
A116,A021,0,0,0,0,0,0
A116,A022,0,0,0,0,0,0
A116,A023,0,0,0,0,0,0
A116,A024,0,0,0,0,0,0
A116,A025,0,0,0,0,0,0
A116,A026,0,0,0,0,0,0
A116,A027,0,0,0,0,0,0
A116,A028,0,0,0,0,0,0
A116,A029,0,0,0,0,0,0
A116,A030,0,0,0,0,0,0
A116,A031,0,0,0,0,0,0
A116,A032,0,0,0,0,0,0
A116,A033,0,0,0,0,0,0
A116,A034,0,0,0,0,0,0
A116,A035,0,0,0,0,0,0
A116,A036,0,0,0,0,0,0
A116,A037,0,0,0,0,0,0
A116,A038,0,0,0,0,0,0
A116,A039,0,0,0,0,0,0
A116,A040,0,0,0,0,0,0
A116,A041,0,0,0,0,0,0
A116,A042,0,1,0,0,0,1
A116,A043,0,0,0,0,0,0
A116,A044,0,0,0,0,0,0
A116,A045,0,0,0,0,0,0
A116,A046,0,0,0,0,0,0
A116,A047,0,0,0,0,0,0
A116,A048,0,0,0,0,0,0
A116,A049,0,0,0,0,0,0
A116,A050,0,0,0,0,0,0
A116,A051,0,0,0,0,0,0
A116,A052,0,0,0,0,0,0
A116,A053,0,0,0,0,0,0
A116,A054,0,0,0,0,0,0
A116,A055,0,0,0,0,0,0
A116,A056,0,0,0,0,0,0
A116,A057,0,0,0,0,0,0
A116,A058,0,0,0,0,0,0
A116,A059,0,0,0,0,0,0
A116,A060,0,0,2,0,0,2
A116,A061,0,0,0,0,0,0
A116,A062,0,0,0,0,0,0
A116,A063,0,0,0,0,0,0
A116,A064,0,0,0,0,0,0
A116,A065,0,0,0,0,0,0
A116,A066,0,0,0,0,0,0
A116,A067,0,0,0,0,0,0
A116,A068,0,0,0,0,0,0
A116,A069,0,0,0,0,0,0
A116,A070,0,0,0,0,0,0
A116,A071,0,0,0,0,0,0
A116,A072,0,0,0,0,0,0
A116,A073,0,0,0,0,0,0
A116,A074,0,0,0,0,0,0
A116,A075,0,0,0,0,0,0
A116,A076,0,0,0,0,0,0
A116,A077,0,0,0,0,0,0
A116,A078,0,0,0,0,0,0
A116,A079,0,0,0,0,0,0
A116,A080,0,0,0,0,0,0
A116,A081,0,0,0,0,0,0
A116,A082,0,0,0,0,0,0
A116,A083,0,0,0,0,0,0
A116,A084,0,0,0,0,0,0
A116,A085,0,0,0,0,0,0
A116,A086,0,0,0,0,0,0
A116,A087,0,0,0,0,0,0
A116,A088,0,0,0,0,0,0
A116,A089,0,0,0,0,0,0
A116,A090,0,0,0,0,0,0
A116,A091,0,0,0,0,0,0
A116,A092,0,0,0,0,0,0
A116,A093,0,0,0,0,0,0
A116,A094,0,0,0,0,0,0
A116,A095,0,0,0,0,0,0
A116,A096,0,0,0,0,0,0
A116,A097,0,0,0,0,0,0
A116,A098,0,0,0,0,0,0
A116,A099,0,0,0,0,0,0
A116,A100,0,0,0,0,0,0
A116,A101,0,0,0,0,0,0
A116,A102,0,0,0,0,0,0
A116,A103,0,0,0,0,0,0
A116,A104,0,0,0,0,0,0
A116,A105,0,0,0,0,0,0
A116,A106,0,0,0,0,0,0
A116,A107,0,0,0,0,0,0
A116,A108,0,0,0,0,0,0
A116,A109,0,0,0,0,0,0
A116,A110,0,0,0,0,0,0
A116,A111,0,0,0,0,0,0
A116,A112,0,0,0,0,0,0
A116,A113,0,0,0,0,0,0
A116,A114,0,0,0,0,0,0
A116,A115,0,0,0,0,0,0
A116,A116,465,0,0,13,0,478
A116,A117,0,0,0,0,0,0
A116,A118,0,0,0,0,0,0
A116,A119,0,0,1,0,0,1
A116,A120,0,0,0,0,0,0
A117,A001,0,0,0,0,0,0
A117,A002,0,0,0,0,0,0
A117,A003,0,0,0,0,0,0
A117,A004,0,0,0,0,0,0
A117,A005,0,0,0,0,0,0
A117,A006,0,0,0,0,0,0
A117,A007,0,0,0,0,0,0
A117,A008,0,0,0,0,0,0
A117,A009,0,0,0,0,0,0
A117,A010,0,0,0,0,0,0
A117,A011,0,0,0,0,0,0
A117,A012,0,0,0,0,0,0
A117,A013,0,0,0,0,0,0
A117,A014,0,0,0,0,0,0
A117,A015,0,0,0,0,0,0
A117,A016,0,0,0,0,0,0
A117,A017,0,0,0,0,0,0
A117,A018,0,0,0,0,0,0
A117,A019,0,0,0,0,0,0
A117,A020,0,0,0,0,0,0
A117,A021,0,0,0,0,0,0
A117,A022,0,0,0,0,0,0
A117,A023,0,0,0,0,0,0
A117,A024,0,0,0,0,0,0
A117,A025,0,0,0,0,0,0
A117,A026,0,0,0,0,0,0
A117,A027,0,0,0,0,0,0
A117,A028,0,0,0,0,0,0
A117,A029,0,0,0,0,0,0
A117,A030,0,0,0,0,0,0
A117,A031,0,0,0,0,0,0
A117,A032,0,0,0,0,0,0
A117,A033,0,0,0,0,0,0
A117,A034,0,0,0,0,0,0
A117,A035,0,0,0,0,0,0
A117,A036,0,0,0,0,0,0
A117,A037,0,0,0,0,0,0
A117,A038,0,0,0,0,0,0
A117,A039,0,0,0,0,0,0
A117,A040,0,0,0,0,0,0
A117,A041,0,0,0,0,0,0
A117,A042,0,0,0,0,0,0
A117,A043,0,0,0,0,0,0
A117,A044,0,0,0,0,0,0
A117,A045,0,0,0,0,0,0
A117,A046,0,0,0,0,0,0
A117,A047,0,0,0,0,0,0
A117,A048,0,0,0,0,0,0
A117,A049,0,0,0,0,0,0
A117,A050,0,0,0,0,0,0
A117,A051,0,0,0,0,0,0
A117,A052,0,0,0,0,0,0
A117,A053,0,0,0,0,0,0
A117,A054,0,0,0,0,1,1
A117,A055,0,0,0,0,0,0
A117,A056,0,0,0,0,0,0
A117,A057,0,0,0,0,0,0
A117,A058,0,0,0,0,0,0
A117,A059,0,0,0,0,0,0
A117,A060,0,0,0,0,0,0
A117,A061,0,0,0,0,0,0
A117,A062,0,0,0,0,0,0
A117,A063,0,0,0,0,0,0
A117,A064,0,0,0,0,0,0
A117,A065,0,0,0,0,0,0
A117,A066,0,0,0,0,0,0
A117,A067,0,2,0,0,2,4
A117,A068,0,0,0,0,0,0
A117,A069,0,0,0,0,0,0
A117,A070,0,0,0,0,0,0
A117,A071,0,0,0,0,0,0
A117,A072,0,0,0,0,0,0
A117,A073,0,0,0,0,0,0
A117,A074,0,0,0,0,0,0
A117,A075,0,0,0,0,0,0
A117,A076,0,0,0,0,0,0
A117,A077,0,0,0,0,0,0
A117,A078,0,0,0,0,0,0
A117,A079,0,0,0,0,0,0
A117,A080,0,0,0,0,0,0
A117,A081,0,0,0,0,0,0
A117,A082,0,0,0,0,0,0
A117,A083,0,0,0,0,0,0
A117,A084,0,0,0,0,0,0
A117,A085,0,0,0,0,0,0
A117,A086,0,0,0,0,0,0
A117,A087,0,0,0,0,0,0
A117,A088,0,0,0,0,0,0
A117,A089,0,0,0,0,0,0
A117,A090,0,0,0,0,0,0
A117,A091,0,0,0,0,0,0
A117,A092,0,0,0,0,0,0
A117,A093,0,0,0,0,0,0
A117,A094,0,0,0,0,0,0
A117,A095,0,0,0,0,0,0
A117,A096,0,0,0,0,0,0
A117,A097,0,0,0,0,0,0
A117,A098,0,0,0,0,0,0
A117,A099,0,0,0,0,0,0
A117,A100,0,0,0,0,0,0
A117,A101,0,0,0,0,0,0
A117,A102,0,0,0,0,0,0
A117,A103,0,0,0,0,0,0
A117,A104,0,0,0,0,0,0
A117,A105,0,0,0,0,0,0
A117,A106,0,0,1,0,0,1
A117,A107,0,1,0,0,1,2
A117,A108,0,1,2,0,0,3
A117,A109,0,0,0,0,0,0
A117,A110,0,0,0,0,0,0
A117,A111,0,0,0,0,0,0
A117,A112,0,0,0,0,0,0
A117,A113,0,0,0,0,0,0
A117,A114,0,0,0,0,0,0
A117,A115,0,0,0,0,0,0
A117,A116,0,0,0,0,0,0
A117,A117,425,0,0,21,0,446
A117,A118,0,0,0,0,0,0
A117,A119,0,0,0,0,0,0
A117,A120,0,0,0,0,0,0
A118,A001,0,0,0,0,0,0
A118,A002,0,0,0,0,0,0
A118,A003,0,0,0,0,0,0
A118,A004,0,0,0,0,0,0
A118,A005,0,0,0,0,0,0
A118,A006,0,0,0,0,0,0
A118,A007,0,0,0,0,0,0
A118,A008,0,0,0,0,0,0
A118,A009,0,0,0,0,0,0
A118,A010,0,0,0,0,0,0
A118,A011,0,0,0,0,0,0
A118,A012,0,0,0,0,0,0
A118,A013,0,0,0,0,0,0
A118,A014,0,0,0,0,0,0
A118,A015,0,0,0,0,0,0
A118,A016,0,0,0,0,0,0
A118,A017,0,0,0,0,0,0
A118,A018,0,0,0,0,0,0
A118,A019,0,0,0,0,0,0
A118,A020,0,0,0,0,0,0
A118,A021,0,0,0,0,0,0
A118,A022,0,0,0,0,0,0
A118,A023,0,0,0,0,0,0
A118,A024,0,0,0,0,0,0
A118,A025,0,0,0,0,0,0
A118,A026,0,0,0,0,0,0
A118,A027,0,0,0,0,0,0
A118,A028,0,0,0,0,0,0
A118,A029,0,0,0,0,0,0
A118,A030,0,0,0,0,0,0
A118,A031,0,0,0,0,0,0
A118,A032,0,0,0,0,0,0
A118,A033,0,0,0,0,0,0
A118,A034,0,0,0,0,0,0
A118,A035,0,0,0,0,0,0
A118,A036,0,0,0,0,0,0
A118,A037,0,0,0,0,0,0
A118,A038,0,0,0,0,0,0
A118,A039,0,0,0,0,0,0
A118,A040,0,0,0,0,0,0
A118,A041,0,0,0,0,0,0
A118,A042,0,0,0,0,0,0
A118,A043,0,0,0,0,0,0
A118,A044,0,0,0,0,0,0
A118,A045,0,0,0,0,0,0
A118,A046,0,1,0,0,0,1
A118,A047,0,0,0,0,0,0
A118,A048,0,0,0,0,0,0
A118,A049,0,0,0,0,0,0
A118,A050,0,0,0,0,0,0
A118,A051,0,0,0,0,0,0
A118,A052,0,0,0,0,0,0
A118,A053,0,0,0,0,0,0
A118,A054,0,0,0,0,0,0
A118,A055,0,0,0,0,0,0
A118,A056,0,0,2,0,0,2
A118,A057,0,1,0,0,0,1
A118,A058,0,0,0,0,0,0
A118,A059,0,0,0,0,0,0
A118,A060,0,0,0,0,0,0
A118,A061,0,0,0,0,0,0
A118,A062,0,0,0,0,0,0
A118,A063,0,0,0,0,0,0
A118,A064,0,0,0,0,0,0
A118,A065,0,0,0,0,0,0
A118,A066,0,0,0,0,0,0
A118,A067,0,0,0,0,0,0
A118,A068,0,0,0,0,0,0
A118,A069,0,0,0,0,0,0
A118,A070,0,0,0,0,0,0
A118,A071,0,0,0,0,0,0
A118,A072,0,0,0,0,0,0
A118,A073,0,0,0,0,0,0
A118,A074,0,0,0,0,0,0
A118,A075,0,0,0,0,0,0
A118,A076,0,0,0,0,0,0
A118,A077,0,0,0,0,0,0
A118,A078,0,0,0,0,0,0
A118,A079,0,0,0,0,0,0
A118,A080,0,0,0,0,0,0
A118,A081,0,0,0,0,0,0
A118,A082,0,0,0,0,0,0
A118,A083,0,0,0,0,0,0
A118,A084,0,0,0,0,0,0
A118,A085,0,0,0,0,0,0
A118,A086,0,1,0,0,0,1
A118,A087,0,0,0,0,0,0
A118,A088,0,0,0,0,0,0
A118,A089,0,0,0,0,0,0
A118,A090,0,0,0,0,0,0
A118,A091,0,0,0,0,0,0
A118,A092,0,0,0,0,0,0
A118,A093,0,0,0,0,0,0
A118,A094,0,0,0,0,0,0
A118,A095,0,0,0,0,0,0
A118,A096,0,0,0,0,0,0
A118,A097,0,0,0,0,0,0
A118,A098,0,0,0,0,0,0
A118,A099,0,0,0,0,0,0
A118,A100,0,0,0,0,0,0
A118,A101,0,0,0,0,0,0
A118,A102,0,0,0,0,0,0
A118,A103,0,0,0,0,0,0
A118,A104,0,0,0,0,0,0
A118,A105,0,0,0,0,0,0
A118,A106,0,0,0,0,2,2
A118,A107,0,2,0,0,0,2
A118,A108,0,0,0,0,0,0
A118,A109,0,0,0,0,0,0
A118,A110,0,0,0,0,0,0
A118,A111,0,0,0,0,0,0
A118,A112,0,0,0,0,0,0
A118,A113,0,0,0,0,0,0
A118,A114,0,0,0,0,0,0
A118,A115,0,0,0,0,0,0
A118,A116,0,0,0,0,0,0
A118,A117,0,0,0,0,0,0
A118,A118,463,0,0,26,0,489
A118,A119,0,0,0,0,0,0
A118,A120,0,0,0,0,0,0
A119,A001,0,0,0,0,0,0
A119,A002,0,0,0,0,0,0
A119,A003,0,0,0,0,0,0
A119,A004,0,0,0,0,0,0
A119,A005,0,0,0,0,0,0
A119,A006,0,0,0,0,0,0
A119,A007,0,0,0,0,0,0
A119,A008,0,0,0,0,0,0
A119,A009,0,0,0,0,0,0
A119,A010,0,0,0,0,0,0
A119,A011,0,0,0,0,0,0
A119,A012,0,0,0,0,0,0
A119,A013,0,0,0,0,0,0
A119,A014,0,0,0,0,0,0
A119,A015,0,0,0,0,0,0
A119,A016,0,0,0,0,0,0
A119,A017,0,0,0,0,0,0
A119,A018,0,0,0,0,0,0
A119,A019,0,0,0,0,0,0
A119,A020,0,0,0,0,0,0
A119,A021,0,0,0,0,0,0
A119,A022,0,0,0,0,0,0
A119,A023,0,0,0,0,0,0
A119,A024,0,0,0,0,0,0
A119,A025,0,0,0,0,0,0
A119,A026,0,0,0,0,0,0
A119,A027,0,0,0,0,0,0
A119,A028,0,0,0,0,0,0
A119,A029,0,0,0,0,0,0
A119,A030,0,0,0,0,0,0
A119,A031,0,0,0,0,0,0
A119,A032,0,0,0,0,0,0
A119,A033,0,0,0,0,0,0
A119,A034,0,0,0,0,0,0
A119,A035,0,0,0,0,0,0
A119,A036,0,0,0,0,0,0
A119,A037,0,0,0,0,0,0
A119,A038,0,0,0,0,0,0
A119,A039,0,0,0,0,0,0
A119,A040,0,0,0,0,0,0
A119,A041,0,0,1,0,0,1
A119,A042,0,0,0,0,1,1
A119,A043,0,0,0,0,0,0
A119,A044,0,0,0,0,0,0
A119,A045,0,0,0,0,0,0
A119,A046,0,0,0,0,0,0
A119,A047,0,0,0,0,0,0
A119,A048,0,0,0,0,0,0
A119,A049,0,0,0,0,0,0
A119,A050,0,0,0,0,0,0
A119,A051,0,0,0,0,0,0
A119,A052,0,0,0,0,0,0
A119,A053,0,0,0,0,0,0
A119,A054,0,0,0,0,0,0
A119,A055,0,0,0,0,0,0
A119,A056,0,0,0,0,0,0
A119,A057,0,0,0,0,0,0
A119,A058,0,0,0,0,0,0
A119,A059,0,0,0,0,0,0
A119,A060,0,0,0,0,0,0
A119,A061,0,0,0,0,0,0
A119,A062,0,0,0,0,0,0
A119,A063,0,0,0,0,0,0
A119,A064,0,0,0,0,0,0
A119,A065,0,0,0,0,1,1
A119,A066,0,0,0,0,0,0
A119,A067,0,0,0,0,0,0
A119,A068,0,0,0,0,0,0
A119,A069,0,0,0,0,0,0
A119,A070,0,0,0,0,0,0
A119,A071,0,0,0,0,0,0
A119,A072,0,0,0,0,0,0
A119,A073,0,0,0,0,0,0
A119,A074,0,0,0,0,0,0
A119,A075,0,0,0,0,0,0
A119,A076,0,0,0,0,0,0
A119,A077,0,0,0,0,0,0
A119,A078,0,0,0,0,0,0
A119,A079,0,0,0,0,0,0
A119,A080,0,0,0,0,0,0
A119,A081,0,0,0,0,0,0
A119,A082,0,0,0,0,0,0
A119,A083,0,0,0,0,0,0
A119,A084,0,0,0,0,0,0
A119,A085,0,0,0,0,0,0
A119,A086,0,0,0,0,0,0
A119,A087,0,0,0,0,0,0
A119,A088,0,0,0,0,0,0
A119,A089,0,0,0,0,0,0
A119,A090,0,0,0,0,0,0
A119,A091,0,0,0,0,0,0
A119,A092,0,0,0,0,0,0
A119,A093,0,0,0,0,0,0
A119,A094,0,0,0,0,0,0
A119,A095,0,0,0,0,0,0
A119,A096,0,0,0,0,0,0
A119,A097,0,0,0,0,0,0
A119,A098,0,0,0,0,0,0
A119,A099,0,0,0,0,0,0
A119,A100,0,0,0,0,0,0
A119,A101,0,0,0,0,0,0
A119,A102,0,0,0,0,0,0
A119,A103,0,0,0,0,0,0
A119,A104,0,0,0,0,0,0
A119,A105,0,0,0,0,0,0
A119,A106,0,0,0,0,0,0
A119,A107,0,0,0,0,0,0
A119,A108,0,0,0,0,0,0
A119,A109,0,0,0,0,0,0
A119,A110,0,0,0,0,0,0
A119,A111,0,0,0,0,0,0
A119,A112,0,0,0,0,0,0
A119,A113,0,0,0,0,0,0
A119,A114,0,0,0,0,0,0
A119,A115,0,0,0,0,0,0
A119,A116,0,2,0,0,0,2
A119,A117,0,0,0,0,0,0
A119,A118,0,0,0,0,0,0
A119,A119,466,0,0,25,0,491
A119,A120,0,0,0,0,0,0
A120,A001,0,0,0,0,0,0
A120,A002,0,0,0,0,0,0
A120,A003,0,0,0,0,0,0
A120,A004,0,0,0,0,0,0
A120,A005,0,0,0,0,0,0
A120,A006,0,0,0,0,0,0
A120,A007,0,0,0,0,0,0
A120,A008,0,0,0,0,0,0
A120,A009,0,0,0,0,0,0
A120,A010,0,0,0,0,0,0
A120,A011,0,0,0,0,0,0
A120,A012,0,0,0,0,0,0
A120,A013,0,0,0,0,0,0
A120,A014,0,0,0,0,0,0
A120,A015,0,0,0,0,0,0
A120,A016,0,0,0,0,0,0
A120,A017,0,0,0,0,0,0
A120,A018,0,0,0,0,0,0
A120,A019,0,0,0,0,0,0
A120,A020,0,0,0,0,0,0
A120,A021,0,0,0,0,0,0
A120,A022,0,0,0,0,0,0
A120,A023,0,0,0,0,0,0
A120,A024,0,0,0,0,0,0
A120,A025,0,0,0,0,0,0
A120,A026,0,0,0,0,0,0
A120,A027,0,0,0,0,0,0
A120,A028,0,0,0,0,0,0
A120,A029,0,0,0,0,0,0
A120,A030,0,0,0,0,0,0
A120,A031,0,0,0,0,0,0
A120,A032,0,0,0,0,0,0
A120,A033,0,0,0,0,0,0
A120,A034,0,0,0,0,0,0
A120,A035,0,0,0,0,0,0
A120,A036,0,0,0,0,0,0
A120,A037,0,0,0,0,0,0
A120,A038,0,0,0,0,0,0
A120,A039,0,0,0,0,0,0
A120,A040,0,0,0,0,0,0
A120,A041,0,0,0,0,0,0
A120,A042,0,0,0,0,0,0
A120,A043,0,0,0,0,0,0
A120,A044,0,0,0,0,0,0
A120,A045,0,0,0,0,0,0
A120,A046,0,0,0,0,0,0
A120,A047,0,0,0,0,0,0
A120,A048,0,0,0,0,0,0
A120,A049,0,0,0,0,0,0
A120,A050,0,0,0,0,0,0
A120,A051,0,0,0,0,0,0
A120,A052,0,0,0,0,0,0
A120,A053,0,0,0,0,0,0
A120,A054,0,0,0,0,0,0
A120,A055,0,0,0,0,0,0
A120,A056,0,0,0,0,0,0
A120,A057,0,0,0,0,0,0
A120,A058,0,0,0,0,0,0
A120,A059,0,0,0,0,0,0
A120,A060,0,0,0,0,0,0
A120,A061,0,0,0,0,0,0
A120,A062,0,0,0,0,0,0
A120,A063,0,0,0,0,0,0
A120,A064,0,0,0,0,0,0
A120,A065,0,0,0,0,0,0
A120,A066,0,0,0,0,0,0
A120,A067,0,0,0,0,0,0
A120,A068,0,0,0,0,0,0
A120,A069,0,0,0,0,0,0
A120,A070,0,0,0,0,0,0
A120,A071,0,0,0,0,0,0
A120,A072,0,0,0,0,0,0
A120,A073,0,0,0,0,0,0
A120,A074,0,0,0,0,0,0
A120,A075,0,0,0,0,0,0
A120,A076,0,0,0,0,0,0
A120,A077,0,0,0,0,2,2
A120,A078,0,0,0,0,0,0
A120,A079,0,0,0,0,0,0
A120,A080,0,0,0,0,0,0
A120,A081,0,0,0,0,0,0
A120,A082,0,0,0,0,0,0
A120,A083,0,0,0,0,0,0
A120,A084,0,0,0,0,0,0
A120,A085,0,0,0,0,0,0
A120,A086,0,0,0,0,0,0
A120,A087,0,0,0,0,0,0
A120,A088,0,0,0,0,0,0
A120,A089,0,0,0,0,0,0
A120,A090,0,0,0,0,0,0
A120,A091,0,0,0,0,0,0
A120,A092,0,0,0,0,0,0
A120,A093,0,0,2,0,0,2
A120,A094,0,0,0,0,0,0
A120,A095,0,0,0,0,0,0
A120,A096,0,0,0,0,0,0
A120,A097,0,0,0,0,0,0
A120,A098,0,0,0,0,0,0
A120,A099,0,0,0,0,0,0
A120,A100,0,0,0,0,0,0
A120,A101,0,0,0,0,0,0
A120,A102,0,0,0,0,0,0
A120,A103,0,0,0,0,0,0
A120,A104,0,0,0,0,0,0
A120,A105,0,0,0,0,0,0
A120,A106,0,1,2,0,1,4
A120,A107,0,0,0,0,0,0
A120,A108,0,0,0,0,0,0
A120,A109,0,0,0,0,0,0
A120,A110,0,0,0,0,0,0
A120,A111,0,0,0,0,0,0
A120,A112,0,0,0,0,0,0
A120,A113,0,0,0,0,0,0
A120,A114,0,0,0,0,0,0
A120,A115,0,0,0,0,0,0
A120,A116,0,0,0,0,0,0
A120,A117,0,0,0,0,0,0
A120,A118,0,1,0,0,0,1
A120,A119,0,0,0,0,0,0
A120,A120,477,0,0,7,0,484
